matrix,split_step,classes,geometry,target_regions,state_count,observation_count,singular_index,singular_value,singular_value_normalized,energy_fraction,cumulative_energy_fraction
unprojected-grid,unprojected-grid,all-cells,grid-cells,114563,114563,168,1,6.049668566500848e-08,1.0,0.5896370045829985,0.5896370045829985
unprojected-grid,unprojected-grid,all-cells,grid-cells,114563,114563,168,2,2.9500215887957267e-08,0.48763358791769823,0.14020772906308113,0.7298447336460796
unprojected-grid,unprojected-grid,all-cells,grid-cells,114563,114563,168,3,2.0092530002133496e-08,0.332126128584844,0.06504154030710675,0.7948862739531863
unprojected-grid,unprojected-grid,all-cells,grid-cells,114563,114563,168,4,1.615446725669043e-08,0.26703061629100516,0.04204427300641384,0.8369305469596002
unprojected-grid,unprojected-grid,all-cells,grid-cells,114563,114563,168,5,1.478318305083663e-08,0.24436351989092986,0.035209306875886276,0.8721398538354865
unprojected-grid,unprojected-grid,all-cells,grid-cells,114563,114563,168,6,1.2398585373957723e-08,0.20494652289900758,0.024766568652011,0.8969064224874974
unprojected-grid,unprojected-grid,all-cells,grid-cells,114563,114563,168,7,1.033818066348546e-08,0.17088838090621392,0.01721907435333891,0.9141254968408363
unprojected-grid,unprojected-grid,all-cells,grid-cells,114563,114563,168,8,9.140849907929263e-09,0.15109670566988379,0.013461539270712279,0.9275870361115486
unprojected-grid,unprojected-grid,all-cells,grid-cells,114563,114563,168,9,8.455081447516659e-09,0.1397610688019412,0.011517471801834364,0.939104507913383
unprojected-grid,unprojected-grid,all-cells,grid-cells,114563,114563,168,10,7.569223122952564e-09,0.1251179802620267,0.009230477786043944,0.948334985699427
unprojected-grid,unprojected-grid,all-cells,grid-cells,114563,114563,168,11,6.624876374869757e-09,0.10950808795632273,0.0070709395346487385,0.9554059252340756
unprojected-grid,unprojected-grid,all-cells,grid-cells,114563,114563,168,12,5.78974976319933e-09,0.09570358606518083,0.005400589328532399,0.9608065145626081
unprojected-grid,unprojected-grid,all-cells,grid-cells,114563,114563,168,13,5.702596655188226e-09,0.09426295990437424,0.005239222912046717,0.9660457374746548
unprojected-grid,unprojected-grid,all-cells,grid-cells,114563,114563,168,14,5.14902961070766e-09,0.08511259012137716,0.004271420673992004,0.9703171581486469
unprojected-grid,unprojected-grid,all-cells,grid-cells,114563,114563,168,15,4.825274122788474e-09,0.07976096656778392,0.0037511596462952083,0.9740683177949421
unprojected-grid,unprojected-grid,all-cells,grid-cells,114563,114563,168,16,4.119416117042922e-09,0.06809325290733421,0.0027339646463700185,0.9768022824413121
unprojected-grid,unprojected-grid,all-cells,grid-cells,114563,114563,168,17,3.810142554189771e-09,0.06298101313000644,0.0023388588682499625,0.9791411413095621
unprojected-grid,unprojected-grid,all-cells,grid-cells,114563,114563,168,18,3.6908765949085608e-09,0.06100956695952318,0.0021947275540903336,0.9813358688636523
unprojected-grid,unprojected-grid,all-cells,grid-cells,114563,114563,168,19,3.3292487453271457e-09,0.055031919661886475,0.0017857228511443928,0.9831215917147967
unprojected-grid,unprojected-grid,all-cells,grid-cells,114563,114563,168,20,3.0967488352008225e-09,0.051188735401946066,0.0015450179608710987,0.9846666096756679
unprojected-grid,unprojected-grid,all-cells,grid-cells,114563,114563,168,21,2.9132960121656396e-09,0.048156291210688616,0.0013673849493945143,0.9860339946250624
unprojected-grid,unprojected-grid,all-cells,grid-cells,114563,114563,168,22,2.7516875512194442e-09,0.04548493063663868,0.0012198875662972177,0.9872538821913597
unprojected-grid,unprojected-grid,all-cells,grid-cells,114563,114563,168,23,2.685893580554094e-09,0.04439736740995756,0.0011622489676426226,0.9884161311590023
unprojected-grid,unprojected-grid,all-cells,grid-cells,114563,114563,168,24,2.4454172975622127e-09,0.04042233505325155,0.000963446329114154,0.9893795774881164
unprojected-grid,unprojected-grid,all-cells,grid-cells,114563,114563,168,25,2.352484563697243e-09,0.038886172652891786,0.0008916104120527468,0.9902711879001691
unprojected-grid,unprojected-grid,all-cells,grid-cells,114563,114563,168,26,2.3311948689925065e-09,0.03853425759389789,0.0008755455069998241,0.9911467334071689
unprojected-grid,unprojected-grid,all-cells,grid-cells,114563,114563,168,27,2.25791397282222e-09,0.03732293675268572,0.0008213652954290137,0.991968098702598
unprojected-grid,unprojected-grid,all-cells,grid-cells,114563,114563,168,28,2.2204639019957064e-09,0.036703893404858565,0.0007943446980963242,0.9927624434006942
unprojected-grid,unprojected-grid,all-cells,grid-cells,114563,114563,168,29,2.0747046870863496e-09,0.03429451819186794,0.0006934803230434031,0.9934559237237376
unprojected-grid,unprojected-grid,all-cells,grid-cells,114563,114563,168,30,1.8946007251689056e-09,0.03131743010947706,0.0005783050237468839,0.9940342287474845
unprojected-grid,unprojected-grid,all-cells,grid-cells,114563,114563,168,31,1.7553733543016346e-09,0.02901602517568908,0.0004964329163990643,0.9945306616638835
unprojected-grid,unprojected-grid,all-cells,grid-cells,114563,114563,168,32,1.6692813996895185e-09,0.027592939701406444,0.00044893211566832,0.9949795937795518
unprojected-grid,unprojected-grid,all-cells,grid-cells,114563,114563,168,33,1.5841275772535357e-09,0.026185361393604435,0.00040429826306357714,0.9953838920426153
unprojected-grid,unprojected-grid,all-cells,grid-cells,114563,114563,168,34,1.5244574529474072e-09,0.025199024313313077,0.00037441408878253617,0.9957583061313979
unprojected-grid,unprojected-grid,all-cells,grid-cells,114563,114563,168,35,1.4288190447698035e-09,0.023618137573381777,0.00032890920443188885,0.9960872153358299
unprojected-grid,unprojected-grid,all-cells,grid-cells,114563,114563,168,36,1.3468428443712933e-09,0.022263084821360926,0.0002922506011564637,0.9963794659369863
unprojected-grid,unprojected-grid,all-cells,grid-cells,114563,114563,168,37,1.3083477774940185e-09,0.021626767865248062,0.0002757833029359173,0.9966552492399222
unprojected-grid,unprojected-grid,all-cells,grid-cells,114563,114563,168,38,1.2921106112947221e-09,0.021358370249398375,0.00026898059678716476,0.9969242298367094
unprojected-grid,unprojected-grid,all-cells,grid-cells,114563,114563,168,39,1.2062657566113553e-09,0.0199393692952185,0.00023442696510126736,0.9971586568018106
unprojected-grid,unprojected-grid,all-cells,grid-cells,114563,114563,168,40,1.09493127468e-09,0.018099029106206272,0.0001931502560355679,0.9973518070578462
unprojected-grid,unprojected-grid,all-cells,grid-cells,114563,114563,168,41,1.0652963520836145e-09,0.01760916883914165,0.00018283630940601795,0.9975346433672523
unprojected-grid,unprojected-grid,all-cells,grid-cells,114563,114563,168,42,1.0341223001227086e-09,0.017093867023542566,0.00017229210362689734,0.9977069354708792
unprojected-grid,unprojected-grid,all-cells,grid-cells,114563,114563,168,43,1.0030627135348219e-09,0.016580457301233566,0.00016209803130970923,0.9978690335021889
unprojected-grid,unprojected-grid,all-cells,grid-cells,114563,114563,168,44,9.432811765462992e-10,0.01559227858811275,0.00014335204828809346,0.998012385550477
unprojected-grid,unprojected-grid,all-cells,grid-cells,114563,114563,168,45,9.227082533769582e-10,0.015252211641581819,0.00013716723276684375,0.9981495527832438
unprojected-grid,unprojected-grid,all-cells,grid-cells,114563,114563,168,46,8.84829580347808e-10,0.014626083571708737,0.0001261365163595098,0.9982756892996033
unprojected-grid,unprojected-grid,all-cells,grid-cells,114563,114563,168,47,8.345458791719079e-10,0.013794902480990169,0.00011220752954514953,0.9983878968291484
unprojected-grid,unprojected-grid,all-cells,grid-cells,114563,114563,168,48,7.67686941641141e-10,0.012689735531828882,9.49488859121801e-05,0.9984828457150606
unprojected-grid,unprojected-grid,all-cells,grid-cells,114563,114563,168,49,7.363774674333347e-10,0.012172195209352739,8.736199611758983e-05,0.9985702077111782
unprojected-grid,unprojected-grid,all-cells,grid-cells,114563,114563,168,50,7.054366083716778e-10,0.011660748033006792,8.01747387746124e-05,0.9986503824499529
unprojected-grid,unprojected-grid,all-cells,grid-cells,114563,114563,168,51,6.984243737504553e-10,0.01154483697863843,7.858874269651261e-05,0.9987289711926494
unprojected-grid,unprojected-grid,all-cells,grid-cells,114563,114563,168,52,6.73742773365285e-10,0.011136854291424109,7.31323967213564e-05,0.9988021035893707
unprojected-grid,unprojected-grid,all-cells,grid-cells,114563,114563,168,53,6.658685907159331e-10,0.01100669538167897,7.143295657242055e-05,0.9988735365459431
unprojected-grid,unprojected-grid,all-cells,grid-cells,114563,114563,168,54,6.162909112678729e-10,0.01018718471091943,6.119178087307083e-05,0.9989347283268163
unprojected-grid,unprojected-grid,all-cells,grid-cells,114563,114563,168,55,5.998393155923577e-10,0.009915242612031342,5.796841445418663e-05,0.9989926967412703
unprojected-grid,unprojected-grid,all-cells,grid-cells,114563,114563,168,56,5.758974729702814e-10,0.009519487995742927,5.34332896223921e-05,0.9990461300308927
unprojected-grid,unprojected-grid,all-cells,grid-cells,114563,114563,168,57,5.687912369294894e-10,0.009402023113779943,5.21227547100155e-05,0.9990982527856027
unprojected-grid,unprojected-grid,all-cells,grid-cells,114563,114563,168,58,5.336931022975199e-10,0.008821856874156167,4.5888593461838433e-05,0.9991441413790645
unprojected-grid,unprojected-grid,all-cells,grid-cells,114563,114563,168,59,5.153938589661151e-10,0.008519373471466403,4.279569125702711e-05,0.9991869370703215
unprojected-grid,unprojected-grid,all-cells,grid-cells,114563,114563,168,60,4.923159467621568e-10,0.008137899479126577,3.9048951160528984e-05,0.999225986021482
unprojected-grid,unprojected-grid,all-cells,grid-cells,114563,114563,168,61,4.826877233469494e-10,0.007978746571667774,3.753652571208833e-05,0.9992635225471941
unprojected-grid,unprojected-grid,all-cells,grid-cells,114563,114563,168,62,4.722653969922481e-10,0.0078064672766926186,3.593302821303789e-05,0.9992994555754072
unprojected-grid,unprojected-grid,all-cells,grid-cells,114563,114563,168,63,4.4661134673732575e-10,0.00738241015731623,3.213520479833008e-05,0.9993315907802055
unprojected-grid,unprojected-grid,all-cells,grid-cells,114563,114563,168,64,4.344631834577376e-10,0.007181603069356787,3.0410777718968607e-05,0.9993620015579244
unprojected-grid,unprojected-grid,all-cells,grid-cells,114563,114563,168,65,4.2710125061798347e-10,0.007059911562477885,2.938889470422168e-05,0.9993913904526287
unprojected-grid,unprojected-grid,all-cells,grid-cells,114563,114563,168,66,4.0878043034790365e-10,0.0067570714966347966,2.6921655324003452e-05,0.9994183121079526
unprojected-grid,unprojected-grid,all-cells,grid-cells,114563,114563,168,67,3.879898446370155e-10,0.006413406625041451,2.4252822228213654e-05,0.9994425649301809
unprojected-grid,unprojected-grid,all-cells,grid-cells,114563,114563,168,68,3.8278791727303984e-10,0.006327419643989619,2.3606848245777533e-05,0.9994661717784267
unprojected-grid,unprojected-grid,all-cells,grid-cells,114563,114563,168,69,3.8067639609794117e-10,0.006292516555466871,2.3347128033403776e-05,0.9994895189064601
unprojected-grid,unprojected-grid,all-cells,grid-cells,114563,114563,168,70,3.7237286098798395e-10,0.0061552605220382495,2.233971404394287e-05,0.9995118586205041
unprojected-grid,unprojected-grid,all-cells,grid-cells,114563,114563,168,71,3.6449052574239746e-10,0.0060249668512538075,2.1403956264123328e-05,0.9995332625767682
unprojected-grid,unprojected-grid,all-cells,grid-cells,114563,114563,168,72,3.572627679142888e-10,0.005905493234663779,2.056350229250548e-05,0.9995538260790608
unprojected-grid,unprojected-grid,all-cells,grid-cells,114563,114563,168,73,3.5320718489024237e-10,0.005838455132006328,2.0099285786336106e-05,0.9995739253648471
unprojected-grid,unprojected-grid,all-cells,grid-cells,114563,114563,168,74,3.4709681044898426e-10,0.005737451674145951,1.9409878299957384e-05,0.9995933352431471
unprojected-grid,unprojected-grid,all-cells,grid-cells,114563,114563,168,75,3.254524732125025e-10,0.005379674433978877,1.7064623826226934e-05,0.9996103998669732
unprojected-grid,unprojected-grid,all-cells,grid-cells,114563,114563,168,76,3.160499452356179e-10,0.005224252234009945,1.609285156323222e-05,0.9996264927185365
unprojected-grid,unprojected-grid,all-cells,grid-cells,114563,114563,168,77,3.1031136806305195e-10,0.005129394522228137,1.5513755357929842e-05,0.9996420064738943
unprojected-grid,unprojected-grid,all-cells,grid-cells,114563,114563,168,78,3.0294223676854546e-10,0.00500758402610754,1.4785677253360365e-05,0.9996567921511477
unprojected-grid,unprojected-grid,all-cells,grid-cells,114563,114563,168,79,2.8774241219515843e-10,0.004756333492193107,1.3339185951056093e-05,0.9996701313370988
unprojected-grid,unprojected-grid,all-cells,grid-cells,114563,114563,168,80,2.8540718478226727e-10,0.004717732577329404,1.3123551206765291e-05,0.9996832548883056
unprojected-grid,unprojected-grid,all-cells,grid-cells,114563,114563,168,81,2.772326636400154e-10,0.004582609123004699,1.2382557745835596e-05,0.9996956374460513
unprojected-grid,unprojected-grid,all-cells,grid-cells,114563,114563,168,82,2.7431834870300927e-10,0.004534435989138428,1.21235911577564e-05,0.9997077610372092
unprojected-grid,unprojected-grid,all-cells,grid-cells,114563,114563,168,83,2.682032044062275e-10,0.004433353686371571,1.1589094157229338e-05,0.9997193501313664
unprojected-grid,unprojected-grid,all-cells,grid-cells,114563,114563,168,84,2.6252621649048777e-10,0.004339514034606593,1.1103679707980747e-05,0.9997304538110743
unprojected-grid,unprojected-grid,all-cells,grid-cells,114563,114563,168,85,2.5876240885191077e-10,0.004277298929808646,1.0787577714596173e-05,0.9997412413887888
unprojected-grid,unprojected-grid,all-cells,grid-cells,114563,114563,168,86,2.5403679951629895e-10,0.004199185405345847,1.0397162504830929e-05,0.9997516385512937
unprojected-grid,unprojected-grid,all-cells,grid-cells,114563,114563,168,87,2.494143918928557e-10,0.00412277778776099,1.0022235104681803e-05,0.9997616607863984
unprojected-grid,unprojected-grid,all-cells,grid-cells,114563,114563,168,88,2.406948064064764e-10,0.00397864451185456,9.33372509284516e-06,0.9997709945114912
unprojected-grid,unprojected-grid,all-cells,grid-cells,114563,114563,168,89,2.377855175589054e-10,0.003930554458398065,9.109454416778136e-06,0.999780103965908
unprojected-grid,unprojected-grid,all-cells,grid-cells,114563,114563,168,90,2.3740438694858815e-10,0.003924254433758241,9.080275940942657e-06,0.9997891842418489
unprojected-grid,unprojected-grid,all-cells,grid-cells,114563,114563,168,91,2.344407386443173e-10,0.0038752658276603536,8.854982937754641e-06,0.9997980392247866
unprojected-grid,unprojected-grid,all-cells,grid-cells,114563,114563,168,92,2.307417596606007e-10,0.003814122329581811,8.577761509150267e-06,0.9998066169862958
unprojected-grid,unprojected-grid,all-cells,grid-cells,114563,114563,168,93,2.2905347955521456e-10,0.0037862153444829126,8.452698020361545e-06,0.9998150696843161
unprojected-grid,unprojected-grid,all-cells,grid-cells,114563,114563,168,94,2.2499795430734035e-10,0.003719178196855833,8.156027954789385e-06,0.9998232257122709
unprojected-grid,unprojected-grid,all-cells,grid-cells,114563,114563,168,95,2.2231212990629288e-10,0.0036747819729714398,7.962471405540435e-06,0.9998311881836764
unprojected-grid,unprojected-grid,all-cells,grid-cells,114563,114563,168,96,2.177797675157863e-10,0.0035998627878841135,7.641113072041625e-06,0.9998388292967485
unprojected-grid,unprojected-grid,all-cells,grid-cells,114563,114563,168,97,2.1486829144156305e-10,0.0035517365799403408,7.438172186170499e-06,0.9998462674689347
unprojected-grid,unprojected-grid,all-cells,grid-cells,114563,114563,168,98,2.133957770711677e-10,0.00352739616601173,7.336572410993222e-06,0.9998536040413457
unprojected-grid,unprojected-grid,all-cells,grid-cells,114563,114563,168,99,2.092298101876087e-10,0.003458533436793349,7.052915631903085e-06,0.9998606569569776
unprojected-grid,unprojected-grid,all-cells,grid-cells,114563,114563,168,100,2.0743891031092594e-10,0.00342893016420087,6.932693680723426e-06,0.9998675896506584
unprojected-grid,unprojected-grid,all-cells,grid-cells,114563,114563,168,101,2.0273058086234386e-10,0.0033511022733532002,6.621556606105545e-06,0.9998742112072645
unprojected-grid,unprojected-grid,all-cells,grid-cells,114563,114563,168,102,1.9854483301748077e-10,0.0032819125681842086,6.350950756546284e-06,0.9998805621580211
unprojected-grid,unprojected-grid,all-cells,grid-cells,114563,114563,168,103,1.9509139855111926e-10,0.003224827879520694,6.131938786764514e-06,0.9998866940968079
unprojected-grid,unprojected-grid,all-cells,grid-cells,114563,114563,168,104,1.89127452933355e-10,0.003126244865390156,5.762762403508824e-06,0.9998924568592112
unprojected-grid,unprojected-grid,all-cells,grid-cells,114563,114563,168,105,1.8544692234004693e-10,0.0030654063160903073,5.540651406008251e-06,0.9998979975106174
unprojected-grid,unprojected-grid,all-cells,grid-cells,114563,114563,168,106,1.8254812677850816e-10,0.003017489714880277,5.3687889039430656e-06,0.9999033662995213
unprojected-grid,unprojected-grid,all-cells,grid-cells,114563,114563,168,107,1.769125610936109e-10,0.002924334765597545,5.042418714372101e-06,0.9999084087182357
unprojected-grid,unprojected-grid,all-cells,grid-cells,114563,114563,168,108,1.710890616681602e-10,0.00282807330331352,4.71591594241942e-06,0.9999131246341781
unprojected-grid,unprojected-grid,all-cells,grid-cells,114563,114563,168,109,1.703924271238065e-10,0.0028165580519126216,4.6775899209039745e-06,0.999917802224099
unprojected-grid,unprojected-grid,all-cells,grid-cells,114563,114563,168,110,1.6924065090394833e-10,0.002797519385460116,4.6145668363214425e-06,0.9999224167909353
unprojected-grid,unprojected-grid,all-cells,grid-cells,114563,114563,168,111,1.6280806788953362e-10,0.0026911898742859965,4.270447738906449e-06,0.9999266872386742
unprojected-grid,unprojected-grid,all-cells,grid-cells,114563,114563,168,112,1.600659782616736e-10,0.0026458635957020108,4.127809374967162e-06,0.9999308150480491
unprojected-grid,unprojected-grid,all-cells,grid-cells,114563,114563,168,113,1.5508998009348621e-10,0.0025636111861114877,3.875154721978124e-06,0.9999346902027711
unprojected-grid,unprojected-grid,all-cells,grid-cells,114563,114563,168,114,1.5253110389698257e-10,0.002521313394614726,3.7483349584058704e-06,0.9999384385377295
unprojected-grid,unprojected-grid,all-cells,grid-cells,114563,114563,168,115,1.4984552157498125e-10,0.0024769211722560944,3.617504684050762e-06,0.9999420560424135
unprojected-grid,unprojected-grid,all-cells,grid-cells,114563,114563,168,116,1.4568689889902236e-10,0.0024081798415493735,3.4194996577885567e-06,0.9999454755420712
unprojected-grid,unprojected-grid,all-cells,grid-cells,114563,114563,168,117,1.4159705078824868e-10,0.002340575342793514,3.2302042365943526e-06,0.9999487057463079
unprojected-grid,unprojected-grid,all-cells,grid-cells,114563,114563,168,118,1.4077284394026314e-10,0.0023269513427524296,3.1927089931963938e-06,0.9999518984553011
unprojected-grid,unprojected-grid,all-cells,grid-cells,114563,114563,168,119,1.3671103359856692e-10,0.0022598103035856246,3.0111244146705546e-06,0.9999549095797157
unprojected-grid,unprojected-grid,all-cells,grid-cells,114563,114563,168,120,1.3172313001415368e-10,0.002177361099474956,2.7954108754637752e-06,0.9999577049905911
unprojected-grid,unprojected-grid,all-cells,grid-cells,114563,114563,168,121,1.288736016668452e-10,0.0021302588769980535,2.675774426738235e-06,0.9999603807650179
unprojected-grid,unprojected-grid,all-cells,grid-cells,114563,114563,168,122,1.2701953881712664e-10,0.0020996115311255016,2.5993372455731657e-06,0.9999629801022635
unprojected-grid,unprojected-grid,all-cells,grid-cells,114563,114563,168,123,1.250503586328882e-10,0.0020670613151493327,2.5193670776077837e-06,0.9999654994693411
unprojected-grid,unprojected-grid,all-cells,grid-cells,114563,114563,168,124,1.2212406327538509e-10,0.002018690146954978,2.4028356003328412e-06,0.9999679023049414
unprojected-grid,unprojected-grid,all-cells,grid-cells,114563,114563,168,125,1.1893784340764252e-10,0.001966022470491084,2.279091103154495e-06,0.9999701813960445
unprojected-grid,unprojected-grid,all-cells,grid-cells,114563,114563,168,126,1.1740746362752178e-10,0.0019407255511095002,2.220818050565452e-06,0.9999724022140951
unprojected-grid,unprojected-grid,all-cells,grid-cells,114563,114563,168,127,1.1494616536358554e-10,0.0019000407063633712,2.1286807950386873e-06,0.9999745308948902
unprojected-grid,unprojected-grid,all-cells,grid-cells,114563,114563,168,128,1.1114312914728098e-10,0.0018371771597987987,1.990154561365908e-06,0.9999765210494516
unprojected-grid,unprojected-grid,all-cells,grid-cells,114563,114563,168,129,1.0837105820332297e-10,0.0017913552951216503,1.8921179025622617e-06,0.9999784131673541
unprojected-grid,unprojected-grid,all-cells,grid-cells,114563,114563,168,130,1.0546776150227219e-10,0.0017433642908354426,1.7920949809443392e-06,0.9999802052623351
unprojected-grid,unprojected-grid,all-cells,grid-cells,114563,114563,168,131,1.0151466725902695e-10,0.0016780203104207977,1.660271670558694e-06,0.9999818655340057
unprojected-grid,unprojected-grid,all-cells,grid-cells,114563,114563,168,132,9.686732093186716e-11,0.0016012004602740677,1.5117366560216254e-06,0.9999833772706617
unprojected-grid,unprojected-grid,all-cells,grid-cells,114563,114563,168,133,9.384846101989232e-11,0.0015512992156225618,1.4189787021798432e-06,0.9999847962493639
unprojected-grid,unprojected-grid,all-cells,grid-cells,114563,114563,168,134,9.041290522877022e-11,0.0014945100584421835,1.3169898135652031e-06,0.9999861132391775
unprojected-grid,unprojected-grid,all-cells,grid-cells,114563,114563,168,135,8.525894459671405e-11,0.0014093159593704513,1.1711201981261906e-06,0.9999872843593757
unprojected-grid,unprojected-grid,all-cells,grid-cells,114563,114563,168,136,8.334917298132448e-11,0.0013777477570070251,1.1192424064786076e-06,0.9999884036017822
unprojected-grid,unprojected-grid,all-cells,grid-cells,114563,114563,168,137,8.260645650672038e-11,0.0013654707790793949,1.0993843558788527e-06,0.9999895029861381
unprojected-grid,unprojected-grid,all-cells,grid-cells,114563,114563,168,138,8.106321712963735e-11,0.0013399612927311923,1.0586910400347227e-06,0.9999905616771781
unprojected-grid,unprojected-grid,all-cells,grid-cells,114563,114563,168,139,7.898819622478135e-11,0.0013056615475129812,1.0051849080349065e-06,0.9999915668620861
unprojected-grid,unprojected-grid,all-cells,grid-cells,114563,114563,168,140,7.766854525777121e-11,0.0012838479398334214,9.718783514082266e-07,0.9999925387404375
unprojected-grid,unprojected-grid,all-cells,grid-cells,114563,114563,168,141,7.465878180318364e-11,0.001234097058086714,8.980145333748664e-07,0.9999934367549709
unprojected-grid,unprojected-grid,all-cells,grid-cells,114563,114563,168,142,7.071302725121359e-11,0.001168874401529641,8.056017974727961e-07,0.9999942423567684
unprojected-grid,unprojected-grid,all-cells,grid-cells,114563,114563,168,143,6.837534713240528e-11,0.001130232943851234,7.532179393785796e-07,0.9999949955747077
unprojected-grid,unprojected-grid,all-cells,grid-cells,114563,114563,168,144,6.578793143617623e-11,0.001087463399242518,6.972909504660581e-07,0.9999956928656583
unprojected-grid,unprojected-grid,all-cells,grid-cells,114563,114563,168,145,6.442241002041339e-11,0.0010648915607896776,6.68644846744172e-07,0.999996361510505
unprojected-grid,unprojected-grid,all-cells,grid-cells,114563,114563,168,146,5.882041625755451e-11,0.0009722915497100774,5.574138479774171e-07,0.9999969189243529
unprojected-grid,unprojected-grid,all-cells,grid-cells,114563,114563,168,147,5.6477577505199104e-11,0.000933564820690102,5.138941656994474e-07,0.9999974328185186
unprojected-grid,unprojected-grid,all-cells,grid-cells,114563,114563,168,148,5.423623052031818e-11,0.0008965157334509754,4.7391511748827613e-07,0.9999979067336362
unprojected-grid,unprojected-grid,all-cells,grid-cells,114563,114563,168,149,5.070413450313845e-11,0.0008381307826333687,4.1419830226519185e-07,0.9999983209319384
unprojected-grid,unprojected-grid,all-cells,grid-cells,114563,114563,168,150,4.6266387239480705e-11,0.0007647755696183761,3.4486787704583334e-07,0.9999986657998154
unprojected-grid,unprojected-grid,all-cells,grid-cells,114563,114563,168,151,3.8910848236051714e-11,0.0006431897517744167,2.439287348210458e-07,0.9999989097285503
unprojected-grid,unprojected-grid,all-cells,grid-cells,114563,114563,168,152,3.408607215926879e-11,0.0005634370178230162,1.8718691411424955e-07,0.9999990969154644
unprojected-grid,unprojected-grid,all-cells,grid-cells,114563,114563,168,153,3.386166594914798e-11,0.0005597276210576557,1.8473033111445125e-07,0.9999992816457955
unprojected-grid,unprojected-grid,all-cells,grid-cells,114563,114563,168,154,3.169475911017322e-11,0.0005239090168621518,1.61843952969294e-07,0.9999994434897486
unprojected-grid,unprojected-grid,all-cells,grid-cells,114563,114563,168,155,2.9968701839836515e-11,0.0004953775816047809,1.4469630083680438e-07,0.9999995881860494
unprojected-grid,unprojected-grid,all-cells,grid-cells,114563,114563,168,156,2.384326808148635e-11,0.00039412519577543384,9.159106949427271e-08,0.9999996797771189
unprojected-grid,unprojected-grid,all-cells,grid-cells,114563,114563,168,157,2.2947191721991566e-11,0.0003793132048432913,8.483609210862853e-08,0.999999764613211
unprojected-grid,unprojected-grid,all-cells,grid-cells,114563,114563,168,158,2.0475607385960322e-11,0.00033845833306209524,6.754530290662404e-08,0.9999998321585138
unprojected-grid,unprojected-grid,all-cells,grid-cells,114563,114563,168,159,1.9883205673802753e-11,0.00032866603277910276,6.369339179160645e-08,0.9999998958519056
unprojected-grid,unprojected-grid,all-cells,grid-cells,114563,114563,168,160,1.7057405028292293e-11,0.0002819560252068216,4.68756702434437e-08,0.9999999427275759
unprojected-grid,unprojected-grid,all-cells,grid-cells,114563,114563,168,161,1.0155459067784615e-11,0.0001678680237793353,1.661577821817234e-08,0.9999999593433541
unprojected-grid,unprojected-grid,all-cells,grid-cells,114563,114563,168,162,9.299023257209814e-12,0.0001537112844280725,1.3931447236291966e-08,0.9999999732748014
unprojected-grid,unprojected-grid,all-cells,grid-cells,114563,114563,168,163,8.436088059804731e-12,0.00013944711130983823,1.1465784516829629e-08,0.9999999847405859
unprojected-grid,unprojected-grid,all-cells,grid-cells,114563,114563,168,164,6.496951162343595e-12,0.00010739350579169757,6.800498842207606e-09,0.9999999915410848
unprojected-grid,unprojected-grid,all-cells,grid-cells,114563,114563,168,165,4.8625987361579725e-12,8.03779361250284e-05,3.8094162705037675e-09,0.999999995350501
unprojected-grid,unprojected-grid,all-cells,grid-cells,114563,114563,168,166,4.197947755594304e-12,6.939136763358945e-05,2.839197640512812e-09,0.9999999981896986
unprojected-grid,unprojected-grid,all-cells,grid-cells,114563,114563,168,167,2.8254009046411506e-12,4.67033999232023e-05,1.2861206946386765e-09,0.9999999994758193
unprojected-grid,unprojected-grid,all-cells,grid-cells,114563,114563,168,168,1.8037634891246924e-12,2.981590593429809e-05,5.24180366883604e-10,0.9999999999999998
basis-projected,axis-parallel,all-cells,row-column,50,50,168,1,9.703105019011412e-08,1.0,0.4943500414149216,0.4943500414149216
basis-projected,axis-parallel,all-cells,row-column,50,50,168,2,5.659613372224171e-08,0.5832785856831624,0.16818475976508898,0.6625348011800106
basis-projected,axis-parallel,all-cells,row-column,50,50,168,3,4.641104843380666e-08,0.47831130697722973,0.11309824602504948,0.7756330472050601
basis-projected,axis-parallel,all-cells,row-column,50,50,168,4,3.700413733958279e-08,0.38136387545100386,0.07189748178175516,0.8475305289868152
basis-projected,axis-parallel,all-cells,row-column,50,50,168,5,2.8697093646655672e-08,0.2957516546551759,0.043240324155204006,0.8907708531420193
basis-projected,axis-parallel,all-cells,row-column,50,50,168,6,1.7925759740237674e-08,0.18474250979573562,0.016872065534966726,0.9076429186769861
basis-projected,axis-parallel,all-cells,row-column,50,50,168,7,1.7482155496535522e-08,0.18017073361859448,0.01604734053384392,0.92369025921083
basis-projected,axis-parallel,all-cells,row-column,50,50,168,8,1.5752575800405477e-08,0.16234572097840086,0.013029155499407597,0.9367194147102377
basis-projected,axis-parallel,all-cells,row-column,50,50,168,9,1.4289753040882846e-08,0.1472698998195398,0.010721673002483358,0.9474410877127211
basis-projected,axis-parallel,all-cells,row-column,50,50,168,10,1.2516719865487749e-08,0.12899705651916152,0.008226103625121202,0.9556671913378422
basis-projected,axis-parallel,all-cells,row-column,50,50,168,11,1.1744982589653064e-08,0.12104354808734911,0.007242989669564906,0.9629101810074071
basis-projected,axis-parallel,all-cells,row-column,50,50,168,12,1.1197411286139344e-08,0.11540028953824698,0.006583371632723385,0.9694935526401305
basis-projected,axis-parallel,all-cells,row-column,50,50,168,13,9.888224372800251e-09,0.10190783623825705,0.005133927553444034,0.9746274801935746
basis-projected,axis-parallel,all-cells,row-column,50,50,168,14,9.116659105621454e-09,0.09395610052410101,0.004363997997582837,0.9789914781911574
basis-projected,axis-parallel,all-cells,row-column,50,50,168,15,8.259377858535512e-09,0.08512097769067542,0.003581853189820351,0.9825733313809777
basis-projected,axis-parallel,all-cells,row-column,50,50,168,16,7.1894175035500026e-09,0.07409398836211387,0.002713941740087664,0.9852872731210655
basis-projected,axis-parallel,all-cells,row-column,50,50,168,17,6.88250785152732e-09,0.0709309838246864,0.002487176136301092,0.9877744492573666
basis-projected,axis-parallel,all-cells,row-column,50,50,168,18,6.552891112286736e-09,0.06753396051519155,0.0022546493779211823,0.9900290986352879
basis-projected,axis-parallel,all-cells,row-column,50,50,168,19,5.694933941150723e-09,0.05869187162246074,0.0017029052826979764,0.9917320039179859
basis-projected,axis-parallel,all-cells,row-column,50,50,168,20,5.463545415896072e-09,0.05630718625832948,0.0015673364228536155,0.9932993403408394
basis-projected,axis-parallel,all-cells,row-column,50,50,168,21,5.0224689961384976e-09,0.05176146178257282,0.0013244868174640994,0.9946238271583037
basis-projected,axis-parallel,all-cells,row-column,50,50,168,22,4.796023836284618e-09,0.04942772264020342,0.001207746470204732,0.9958315736285084
basis-projected,axis-parallel,all-cells,row-column,50,50,168,23,4.455378436212277e-09,0.045917038179869224,0.001042274969590999,0.9968738485980994
basis-projected,axis-parallel,all-cells,row-column,50,50,168,24,3.752327811353168e-09,0.03867141295493748,0.0007392897001841529,0.9976131382982835
basis-projected,axis-parallel,all-cells,row-column,50,50,168,25,3.1529789297174024e-09,0.032494535754686076,0.0005219816647614824,0.9981351199630449
basis-projected,axis-parallel,all-cells,row-column,50,50,168,26,2.842738293961543e-09,0.029297202167674483,0.0004243135207643787,0.9985594334838094
basis-projected,axis-parallel,all-cells,row-column,50,50,168,27,2.635181823419112e-09,0.027158129467381505,0.00036461479205133904,0.9989240482758608
basis-projected,axis-parallel,all-cells,row-column,50,50,168,28,2.13639421688607e-09,0.02201763469219602,0.00023964915305493646,0.9991636974289156
basis-projected,axis-parallel,all-cells,row-column,50,50,168,29,1.9320449002079513e-09,0.01991161485341519,0.00019599615036094617,0.9993596935792767
basis-projected,axis-parallel,all-cells,row-column,50,50,168,30,1.5494223372257714e-09,0.015968314618773776,0.00012605286948687435,0.9994857464487635
basis-projected,axis-parallel,all-cells,row-column,50,50,168,31,1.5098682247508217e-09,0.015560670752223319,0.00011969918737796549,0.9996054456361415
basis-projected,axis-parallel,all-cells,row-column,50,50,168,32,1.1683505741226583e-09,0.012040996895668909,7.167364045005717e-05,0.9996771192765915
basis-projected,axis-parallel,all-cells,row-column,50,50,168,33,1.1140029954041043e-09,0.0114808918714311,6.516071307905981e-05,0.9997422799896706
basis-projected,axis-parallel,all-cells,row-column,50,50,168,34,1.0134243339588213e-09,0.010444330263077712,5.392569704408727e-05,0.9997962056867147
basis-projected,axis-parallel,all-cells,row-column,50,50,168,35,8.74817517408662e-10,0.009015851273325614,4.018352696366683e-05,0.9998363892136783
basis-projected,axis-parallel,all-cells,row-column,50,50,168,36,8.517322643577293e-10,0.008777935131990428,3.809073116154938e-05,0.9998744799448399
basis-projected,axis-parallel,all-cells,row-column,50,50,168,37,8.131151077748573e-10,0.008379947513519753,3.471500018311374e-05,0.999909194945023
basis-projected,axis-parallel,all-cells,row-column,50,50,168,38,6.886919309689662e-10,0.0070976448221430535,2.4903655521568103e-05,0.9999340986005445
basis-projected,axis-parallel,all-cells,row-column,50,50,168,39,6.093577601622807e-10,0.006280028495706876,1.949655160462432e-05,0.9999535951521492
basis-projected,axis-parallel,all-cells,row-column,50,50,168,40,5.59321354795344e-10,0.0057643543350242915,1.6426154863899236e-05,0.9999700213070132
basis-projected,axis-parallel,all-cells,row-column,50,50,168,41,4.490372968977889e-10,0.004627769111207027,1.0587122565024602e-05,0.9999806084295783
basis-projected,axis-parallel,all-cells,row-column,50,50,168,42,3.3058691447890207e-10,0.003407021915471172,5.738315586407856e-06,0.9999863467451646
basis-projected,axis-parallel,all-cells,row-column,50,50,168,43,3.1901046772353396e-10,0.003287715294212449,5.343465119570828e-06,0.9999916902102842
basis-projected,axis-parallel,all-cells,row-column,50,50,168,44,2.611005748335463e-10,0.002690897133669776,3.579552752158993e-06,0.9999952697630363
basis-projected,axis-parallel,all-cells,row-column,50,50,168,45,2.221438751633589e-10,0.002289410191151283,2.5910858242638943e-06,0.9999978608488606
basis-projected,axis-parallel,all-cells,row-column,50,50,168,46,1.9251750548395962e-10,0.0019840814368880656,1.9460480649476706e-06,0.9999998068969256
basis-projected,axis-parallel,all-cells,row-column,50,50,168,47,5.4152569407731585e-11,0.0005580952623065482,1.5397536648580546e-07,0.9999999608722919
basis-projected,axis-parallel,all-cells,row-column,50,50,168,48,2.651030888600045e-11,0.00027321469605923545,3.6901386736533156e-08,0.9999999977736787
basis-projected,axis-parallel,all-cells,row-column,50,50,168,49,5.910139103350294e-12,6.0909771581060765e-05,1.8340387891294476e-09,0.9999999996077175
basis-projected,axis-parallel,all-cells,row-column,50,50,168,50,2.7333350842433145e-12,2.8169694947007764e-05,3.922824353870389e-10,1.0
basis-projected,axis-parallel,all-cells,row-column,50,50,168,51,1.0932854257837429e-15,1.1267377026649257e-08,6.275960890252004e-17,1.0
basis-projected,axis-parallel,all-cells,row-column,50,50,168,52,9.706070602857727e-16,1.0003056324589401e-08,4.9465226643022184e-17,1.0
basis-projected,axis-parallel,all-cells,row-column,50,50,168,53,8.562561077110962e-16,8.824557768192997e-09,3.849643169529082e-17,1.0
basis-projected,axis-parallel,all-cells,row-column,50,50,168,54,8.267615009354296e-16,8.520586959695332e-09,3.5890011803526854e-17,1.0
basis-projected,axis-parallel,all-cells,row-column,50,50,168,55,7.85724940368721e-16,8.09766501371716e-09,3.241560924334587e-17,1.0
basis-projected,axis-parallel,all-cells,row-column,50,50,168,56,7.706437212427819e-16,7.942238280765284e-09,3.118317987531199e-17,1.0
basis-projected,axis-parallel,all-cells,row-column,50,50,168,57,7.257904832805631e-16,7.479981736346385e-09,2.7658947488923032e-17,1.0
basis-projected,axis-parallel,all-cells,row-column,50,50,168,58,7.214135842277845e-16,7.4348735050719335e-09,2.7326357313711407e-17,1.0
basis-projected,axis-parallel,all-cells,row-column,50,50,168,59,6.990070273336253e-16,7.203951992316401e-09,2.565524668076884e-17,1.0
basis-projected,axis-parallel,all-cells,row-column,50,50,168,60,6.684781694951071e-16,6.889322213717668e-09,2.3463217650689366e-17,1.0
basis-projected,axis-parallel,all-cells,row-column,50,50,168,61,6.558182867909219e-16,6.758849723938565e-09,2.2582923107122784e-17,1.0
basis-projected,axis-parallel,all-cells,row-column,50,50,168,62,6.413926857827825e-16,6.610179777773135e-09,2.1600366363519957e-17,1.0
basis-projected,axis-parallel,all-cells,row-column,50,50,168,63,6.183573593356781e-16,6.3727781789862415e-09,2.007669303652701e-17,1.0
basis-projected,axis-parallel,all-cells,row-column,50,50,168,64,6.153368983773841e-16,6.34164937070914e-09,1.9881036716484962e-17,1.0
basis-projected,axis-parallel,all-cells,row-column,50,50,168,65,5.869514126601585e-16,6.0491091409413525e-09,1.8089118989048927e-17,1.0
basis-projected,axis-parallel,all-cells,row-column,50,50,168,66,5.692405838064462e-16,5.866581704424781e-09,1.7013937060659062e-17,1.0
basis-projected,axis-parallel,all-cells,row-column,50,50,168,67,5.53280240682526e-16,5.702094737699708e-09,1.6073240098564303e-17,1.0
basis-projected,axis-parallel,all-cells,row-column,50,50,168,68,5.466034027126487e-16,5.63328338342914e-09,1.5687645721784843e-17,1.0
basis-projected,axis-parallel,all-cells,row-column,50,50,168,69,5.337398529886833e-16,5.500711905549e-09,1.495796023925663e-17,1.0
basis-projected,axis-parallel,all-cells,row-column,50,50,168,70,5.177709778201901e-16,5.336137007748707e-09,1.4076300138361093e-17,1.0
basis-projected,axis-parallel,all-cells,row-column,50,50,168,71,5.09934499779288e-16,5.255374426847562e-09,1.3653434200948798e-17,1.0
basis-projected,axis-parallel,all-cells,row-column,50,50,168,72,4.956051617775411e-16,5.10769656523861e-09,1.2896882793986583e-17,1.0
basis-projected,axis-parallel,all-cells,row-column,50,50,168,73,4.772788894453202e-16,4.9188263809386974e-09,1.196072656568031e-17,1.0
basis-projected,axis-parallel,all-cells,row-column,50,50,168,74,4.633988599883152e-16,4.775779083915635e-09,1.1275168301677523e-17,1.0
basis-projected,axis-parallel,all-cells,row-column,50,50,168,75,4.515332962995886e-16,4.653492829510697e-09,1.0705147929337843e-17,1.0
basis-projected,axis-parallel,all-cells,row-column,50,50,168,76,4.489090813548349e-16,4.6264477244684235e-09,1.0581077455273378e-17,1.0
basis-projected,axis-parallel,all-cells,row-column,50,50,168,77,4.254617896411367e-16,4.384800420149264e-09,9.504608576339867e-18,1.0
basis-projected,axis-parallel,all-cells,row-column,50,50,168,78,4.17766960761605e-16,4.305497672580778e-09,9.163920069341917e-18,1.0
basis-projected,axis-parallel,all-cells,row-column,50,50,168,79,4.137362100979052e-16,4.263956839457749e-09,8.987940214560044e-18,1.0
basis-projected,axis-parallel,all-cells,row-column,50,50,168,80,3.921385986423048e-16,4.04137230169088e-09,8.074066017897262e-18,1.0
basis-projected,axis-parallel,all-cells,row-column,50,50,168,81,3.807424954264399e-16,3.923924297226985e-09,7.611597505176646e-18,1.0
basis-projected,axis-parallel,all-cells,row-column,50,50,168,82,3.5928908231772983e-16,3.702825864646114e-09,6.777993565263782e-18,1.0
basis-projected,axis-parallel,all-cells,row-column,50,50,168,83,3.562637341259051e-16,3.6716466886411434e-09,6.664327671273773e-18,1.0
basis-projected,axis-parallel,all-cells,row-column,50,50,168,84,3.375531185984329e-16,3.4788154713059474e-09,5.982701855387501e-18,1.0
basis-projected,axis-parallel,all-cells,row-column,50,50,168,85,3.2890940186873133e-16,3.389733505143922e-09,5.680226937034435e-18,1.0
basis-projected,axis-parallel,all-cells,row-column,50,50,168,86,3.04635194815938e-16,3.1395640284121683e-09,4.8727402805409775e-18,1.0
basis-projected,axis-parallel,all-cells,row-column,50,50,168,87,3.03081742377547e-16,3.1235541796539896e-09,4.823171023155622e-18,1.0
basis-projected,axis-parallel,all-cells,row-column,50,50,168,88,2.877431027789509e-16,2.965474476625496e-09,4.3473334803389876e-18,1.0
basis-projected,axis-parallel,all-cells,row-column,50,50,168,89,2.7441283779791854e-16,2.828093040941617e-09,3.9538661324498545e-18,1.0
basis-projected,axis-parallel,all-cells,row-column,50,50,168,90,2.5306437050029136e-16,2.6080761777231025e-09,3.3625993094894535e-18,1.0
basis-projected,axis-parallel,all-cells,row-column,50,50,168,91,2.427212771516482e-16,2.501480471210828e-09,3.0933481973791445e-18,1.0
basis-projected,axis-parallel,all-cells,row-column,50,50,168,92,2.3008465160961095e-16,2.371247669264666e-09,2.7796390797392082e-18,1.0
basis-projected,axis-parallel,all-cells,row-column,50,50,168,93,2.192733207170512e-16,2.2598263162918087e-09,2.5245541967649467e-18,1.0
basis-projected,axis-parallel,all-cells,row-column,50,50,168,94,2.0891636857338897e-16,2.15308778132419e-09,2.2917014925179227e-18,1.0
basis-projected,axis-parallel,all-cells,row-column,50,50,168,95,2.021285516662452e-16,2.0831326804173742e-09,2.1452032158612184e-18,1.0
basis-projected,axis-parallel,all-cells,row-column,50,50,168,96,1.6428568872126154e-16,1.6931249161930597e-09,1.4171394129425126e-18,1.0
basis-projected,axis-parallel,all-cells,row-column,50,50,168,97,1.4962762161349141e-16,1.5420591792042258e-09,1.1755379567727244e-18,1.0
basis-projected,axis-parallel,all-cells,row-column,50,50,168,98,1.3453434177247224e-16,1.386508148771733e-09,9.503409155381062e-19,1.0
basis-projected,axis-parallel,all-cells,row-column,50,50,168,99,1.2672700420438207e-16,1.3060458889817673e-09,8.432404820745198e-19,1.0
basis-projected,axis-parallel,all-cells,row-column,50,50,168,100,1.0875453278111665e-16,1.120821969545136e-09,6.2102322907078325e-19,1.0
basis-projected,axis-parallel,all-cells,row-column,50,50,168,101,9.05061524931942e-17,9.327545390456394e-10,4.300998757672656e-19,1.0
basis-projected,axis-parallel,all-cells,row-column,50,50,168,102,8.655346604054273e-17,8.920182340699958e-10,3.9335261251637587e-19,1.0
basis-projected,axis-parallel,all-cells,row-column,50,50,168,103,8.038194134522506e-17,8.284146279745683e-10,3.3925799634646384e-19,1.0
basis-projected,axis-parallel,all-cells,row-column,50,50,168,104,7.289660077617312e-17,7.512708626088857e-10,2.7901507319158013e-19,1.0
basis-projected,axis-parallel,all-cells,row-column,50,50,168,105,6.681623663355549e-17,6.886067552875252e-10,2.3441053851353784e-19,1.0
basis-projected,axis-parallel,all-cells,row-column,50,50,168,106,5.913756914834323e-17,6.094705667152347e-10,1.8362848402978747e-19,1.0
basis-projected,axis-parallel,all-cells,row-column,50,50,168,107,4.6787231728144715e-17,4.82188244242167e-10,1.1493910498056685e-19,1.0
basis-projected,axis-parallel,all-cells,row-column,50,50,168,108,3.827976769499263e-17,3.945104955577685e-10,7.693991429763102e-20,1.0
basis-projected,axis-parallel,all-cells,row-column,50,50,168,109,2.4836921433770004e-17,2.559687995245514e-10,3.238982772976202e-20,1.0
basis-projected,axis-parallel,all-cells,row-column,50,50,168,110,0.0,0.0,0.0,1.0
basis-projected,axis-parallel,all-cells,row-column,50,50,168,111,0.0,0.0,0.0,1.0
basis-projected,axis-parallel,all-cells,row-column,50,50,168,112,0.0,0.0,0.0,1.0
basis-projected,axis-parallel,all-cells,row-column,50,50,168,113,0.0,0.0,0.0,1.0
basis-projected,axis-parallel,all-cells,row-column,50,50,168,114,0.0,0.0,0.0,1.0
basis-projected,axis-parallel,all-cells,row-column,50,50,168,115,0.0,0.0,0.0,1.0
basis-projected,axis-parallel,all-cells,row-column,50,50,168,116,0.0,0.0,0.0,1.0
basis-projected,axis-parallel,all-cells,row-column,50,50,168,117,0.0,0.0,0.0,1.0
basis-projected,axis-parallel,all-cells,row-column,50,50,168,118,0.0,0.0,0.0,1.0
basis-projected,axis-parallel,all-cells,row-column,50,50,168,119,0.0,0.0,0.0,1.0
basis-projected,axis-parallel,all-cells,row-column,50,50,168,120,0.0,0.0,0.0,1.0
basis-projected,axis-parallel,all-cells,row-column,50,50,168,121,0.0,0.0,0.0,1.0
basis-projected,axis-parallel,all-cells,row-column,50,50,168,122,0.0,0.0,0.0,1.0
basis-projected,axis-parallel,all-cells,row-column,50,50,168,123,0.0,0.0,0.0,1.0
basis-projected,axis-parallel,all-cells,row-column,50,50,168,124,0.0,0.0,0.0,1.0
basis-projected,axis-parallel,all-cells,row-column,50,50,168,125,0.0,0.0,0.0,1.0
basis-projected,axis-parallel,all-cells,row-column,50,50,168,126,0.0,0.0,0.0,1.0
basis-projected,axis-parallel,all-cells,row-column,50,50,168,127,0.0,0.0,0.0,1.0
basis-projected,axis-parallel,all-cells,row-column,50,50,168,128,0.0,0.0,0.0,1.0
basis-projected,axis-parallel,all-cells,row-column,50,50,168,129,0.0,0.0,0.0,1.0
basis-projected,axis-parallel,all-cells,row-column,50,50,168,130,0.0,0.0,0.0,1.0
basis-projected,axis-parallel,all-cells,row-column,50,50,168,131,0.0,0.0,0.0,1.0
basis-projected,axis-parallel,all-cells,row-column,50,50,168,132,0.0,0.0,0.0,1.0
basis-projected,axis-parallel,all-cells,row-column,50,50,168,133,0.0,0.0,0.0,1.0
basis-projected,axis-parallel,all-cells,row-column,50,50,168,134,0.0,0.0,0.0,1.0
basis-projected,axis-parallel,all-cells,row-column,50,50,168,135,0.0,0.0,0.0,1.0
basis-projected,axis-parallel,all-cells,row-column,50,50,168,136,0.0,0.0,0.0,1.0
basis-projected,axis-parallel,all-cells,row-column,50,50,168,137,0.0,0.0,0.0,1.0
basis-projected,axis-parallel,all-cells,row-column,50,50,168,138,0.0,0.0,0.0,1.0
basis-projected,axis-parallel,all-cells,row-column,50,50,168,139,0.0,0.0,0.0,1.0
basis-projected,axis-parallel,all-cells,row-column,50,50,168,140,0.0,0.0,0.0,1.0
basis-projected,axis-parallel,all-cells,row-column,50,50,168,141,0.0,0.0,0.0,1.0
basis-projected,axis-parallel,all-cells,row-column,50,50,168,142,0.0,0.0,0.0,1.0
basis-projected,axis-parallel,all-cells,row-column,50,50,168,143,0.0,0.0,0.0,1.0
basis-projected,axis-parallel,all-cells,row-column,50,50,168,144,0.0,0.0,0.0,1.0
basis-projected,axis-parallel,all-cells,row-column,50,50,168,145,0.0,0.0,0.0,1.0
basis-projected,axis-parallel,all-cells,row-column,50,50,168,146,0.0,0.0,0.0,1.0
basis-projected,axis-parallel,all-cells,row-column,50,50,168,147,0.0,0.0,0.0,1.0
basis-projected,axis-parallel,all-cells,row-column,50,50,168,148,0.0,0.0,0.0,1.0
basis-projected,axis-parallel,all-cells,row-column,50,50,168,149,0.0,0.0,0.0,1.0
basis-projected,axis-parallel,all-cells,row-column,50,50,168,150,0.0,0.0,0.0,1.0
basis-projected,axis-parallel,all-cells,row-column,50,50,168,151,0.0,0.0,0.0,1.0
basis-projected,axis-parallel,all-cells,row-column,50,50,168,152,0.0,0.0,0.0,1.0
basis-projected,axis-parallel,all-cells,row-column,50,50,168,153,0.0,0.0,0.0,1.0
basis-projected,axis-parallel,all-cells,row-column,50,50,168,154,0.0,0.0,0.0,1.0
basis-projected,axis-parallel,all-cells,row-column,50,50,168,155,0.0,0.0,0.0,1.0
basis-projected,axis-parallel,all-cells,row-column,50,50,168,156,0.0,0.0,0.0,1.0
basis-projected,axis-parallel,all-cells,row-column,50,50,168,157,0.0,0.0,0.0,1.0
basis-projected,axis-parallel,all-cells,row-column,50,50,168,158,0.0,0.0,0.0,1.0
basis-projected,axis-parallel,all-cells,row-column,50,50,168,159,0.0,0.0,0.0,1.0
basis-projected,axis-parallel,all-cells,row-column,50,50,168,160,0.0,0.0,0.0,1.0
basis-projected,axis-parallel,all-cells,row-column,50,50,168,161,0.0,0.0,0.0,1.0
basis-projected,axis-parallel,all-cells,row-column,50,50,168,162,0.0,0.0,0.0,1.0
basis-projected,axis-parallel,all-cells,row-column,50,50,168,163,0.0,0.0,0.0,1.0
basis-projected,axis-parallel,all-cells,row-column,50,50,168,164,0.0,0.0,0.0,1.0
basis-projected,axis-parallel,all-cells,row-column,50,50,168,165,0.0,0.0,0.0,1.0
basis-projected,axis-parallel,all-cells,row-column,50,50,168,166,0.0,0.0,0.0,1.0
basis-projected,axis-parallel,all-cells,row-column,50,50,168,167,0.0,0.0,0.0,1.0
basis-projected,axis-parallel,all-cells,row-column,50,50,168,168,0.0,0.0,0.0,1.0
basis-projected,axis-parallel,all-cells,row-column,100,100,168,1,6.949897909187357e-08,1.0,0.46353671457763124,0.46353671457763124
basis-projected,axis-parallel,all-cells,row-column,100,100,168,2,3.866034274278607e-08,0.5562720956185466,0.14343617257177485,0.6069728871494061
basis-projected,axis-parallel,all-cells,row-column,100,100,168,3,3.318205844118323e-08,0.47744670317125804,0.10566567603463387,0.71263856318404
basis-projected,axis-parallel,all-cells,row-column,100,100,168,4,2.547644474302157e-08,0.3665729349684865,0.06228807821560938,0.7749266413996494
basis-projected,axis-parallel,all-cells,row-column,100,100,168,5,2.335641411071479e-08,0.3360684490032434,0.05235276473747454,0.827279406137124
basis-projected,axis-parallel,all-cells,row-column,100,100,168,6,1.766895959299752e-08,0.25423336894834375,0.02996051286079873,0.8572399189979227
basis-projected,axis-parallel,all-cells,row-column,100,100,168,7,1.515058419677974e-08,0.2179972194519801,0.022028556872834233,0.8792684758707571
basis-projected,axis-parallel,all-cells,row-column,100,100,168,8,1.3141224990074032e-08,0.18908515149124858,0.016572918320891684,0.8958413941916488
basis-projected,axis-parallel,all-cells,row-column,100,100,168,9,1.2219673404083122e-08,0.17582522166159348,0.014330009736408435,0.9101714039280573
basis-projected,axis-parallel,all-cells,row-column,100,100,168,10,1.1425372271134713e-08,0.1643962604980289,0.012527603723833594,0.9226990076518908
basis-projected,axis-parallel,all-cells,row-column,100,100,168,11,1.0367670899704996e-08,0.14917731217316937,0.01031548600300727,0.9330144936548981
basis-projected,axis-parallel,all-cells,row-column,100,100,168,12,8.96911819519017e-09,0.12905395607802414,0.007720168557531307,0.9407346622124293
basis-projected,axis-parallel,all-cells,row-column,100,100,168,13,8.820308660746005e-09,0.12691278024510366,0.0074661180877865566,0.9482007803002159
basis-projected,axis-parallel,all-cells,row-column,100,100,168,14,8.150789279154908e-09,0.1172792663382874,0.006375681583957199,0.954576461884173
basis-projected,axis-parallel,all-cells,row-column,100,100,168,15,7.796577911034961e-09,0.11218262502429487,0.005833582369934256,0.9604100442541074
basis-projected,axis-parallel,all-cells,row-column,100,100,168,16,7.129346606687837e-09,0.10258203357582073,0.004877830969620369,0.9652878752237277
basis-projected,axis-parallel,all-cells,row-column,100,100,168,17,6.64677621026433e-09,0.09563847263824814,0.004239839355283248,0.969527714579011
basis-projected,axis-parallel,all-cells,row-column,100,100,168,18,6.2471747394203855e-09,0.08988872672736656,0.003745368862971426,0.9732730834419824
basis-projected,axis-parallel,all-cells,row-column,100,100,168,19,5.838441998458602e-09,0.08400759370494529,0.0032713064382443352,0.9765443898802267
basis-projected,axis-parallel,all-cells,row-column,100,100,168,20,5.632251466669464e-09,0.08104077988288085,0.0030443274368197556,0.9795887173170464
basis-projected,axis-parallel,all-cells,row-column,100,100,168,21,4.995742103506757e-09,0.07188223724700588,0.0023951201769425467,0.981983837493989
basis-projected,axis-parallel,all-cells,row-column,100,100,168,22,4.684437368898682e-09,0.0674029666350369,0.0021059214190402584,0.9840897589130292
basis-projected,axis-parallel,all-cells,row-column,100,100,168,23,4.3445160031722035e-09,0.06251193988661342,0.0018113821793777315,0.9859011410924069
basis-projected,axis-parallel,all-cells,row-column,100,100,168,24,4.137551794684738e-09,0.05953399386219958,0.0016429115204192283,0.9875440526128262
basis-projected,axis-parallel,all-cells,row-column,100,100,168,25,3.912892254359443e-09,0.056301435006503184,0.0014693425888494137,0.9890133952016755
basis-projected,axis-parallel,all-cells,row-column,100,100,168,26,3.792019526316049e-09,0.054562233515735845,0.0013799661013736311,0.9903933613030491
basis-projected,axis-parallel,all-cells,row-column,100,100,168,27,3.5447349663766594e-09,0.05100413002744584,0.001205854273297066,0.9915992155763462
basis-projected,axis-parallel,all-cells,row-column,100,100,168,28,3.2623766933672066e-09,0.04694136138394977,0.0010213991681325477,0.9926206147444788
basis-projected,axis-parallel,all-cells,row-column,100,100,168,29,3.030249190827197e-09,0.043601348256085685,0.0008812192508384315,0.9935018339953172
basis-projected,axis-parallel,all-cells,row-column,100,100,168,30,2.8063770102730702e-09,0.04038011848437665,0.0007558216296447694,0.994257655624962
basis-projected,axis-parallel,all-cells,row-column,100,100,168,31,2.6020284167031806e-09,0.03743980775981546,0.0006497575858229774,0.994907413210785
basis-projected,axis-parallel,all-cells,row-column,100,100,168,32,2.5063999498405638e-09,0.036063838384262456,0.0006028760544751598,0.9955102892652602
basis-projected,axis-parallel,all-cells,row-column,100,100,168,33,2.4655788819720983e-09,0.03547647626179872,0.0005833982087932886,0.9960936874740535
basis-projected,axis-parallel,all-cells,row-column,100,100,168,34,2.1028203312191943e-09,0.03025685209619251,0.0004243572466353103,0.9965180447206888
basis-projected,axis-parallel,all-cells,row-column,100,100,168,35,1.9427119247965194e-09,0.02795310017760647,0.00036219637560428537,0.9968802410962931
basis-projected,axis-parallel,all-cells,row-column,100,100,168,36,1.8959352302107508e-09,0.027280044325607083,0.0003449644023504055,0.9972252054986436
basis-projected,axis-parallel,all-cells,row-column,100,100,168,37,1.8508104969356169e-09,0.02663075805025789,0.0003287389745309768,0.9975539444731747
basis-projected,axis-parallel,all-cells,row-column,100,100,168,38,1.7097996198203159e-09,0.024601794762482213,0.00028055481105151,0.9978344992842262
basis-projected,axis-parallel,all-cells,row-column,100,100,168,39,1.5981097140110492e-09,0.022994722151219546,0.00024509839699624937,0.9980795976812223
basis-projected,axis-parallel,all-cells,row-column,100,100,168,40,1.503007296357674e-09,0.021626321940222844,0.00021679510193412337,0.9982963927831565
basis-projected,axis-parallel,all-cells,row-column,100,100,168,41,1.4242729831201647e-09,0.020493437482547183,0.0001946766035852592,0.9984910693867417
basis-projected,axis-parallel,all-cells,row-column,100,100,168,42,1.272528573375673e-09,0.01831003260772313,0.00015540406464339287,0.998646473451385
basis-projected,axis-parallel,all-cells,row-column,100,100,168,43,1.2014065538971062e-09,0.017286679165587703,0.00013851834108270555,0.9987849917924678
basis-projected,axis-parallel,all-cells,row-column,100,100,168,44,1.1480066172544396e-09,0.016518323466836,0.0001264783149633064,0.9989114701074311
basis-projected,axis-parallel,all-cells,row-column,100,100,168,45,9.99461452389324e-10,0.014380951568628004,9.586484748362244e-05,0.9990073349549147
basis-projected,axis-parallel,all-cells,row-column,100,100,168,46,9.497702346773527e-10,0.013665959516064433,8.656939809839128e-05,0.999093904353013
basis-projected,axis-parallel,all-cells,row-column,100,100,168,47,9.018783635372717e-10,0.012976857722543542,7.805904334090266e-05,0.999171963396354
basis-projected,axis-parallel,all-cells,row-column,100,100,168,48,8.613631894091003e-10,0.012393897013514813,7.12032643326004e-05,0.9992431666606866
basis-projected,axis-parallel,all-cells,row-column,100,100,168,49,7.962477780462559e-10,0.011456970856991483,6.08448402300632e-05,0.9993040115009165
basis-projected,axis-parallel,all-cells,row-column,100,100,168,50,7.860931454079871e-10,0.011310858888571846,5.930281469639894e-05,0.999363314315613
basis-projected,axis-parallel,all-cells,row-column,100,100,168,51,7.631258782887776e-10,0.010980389759106677,5.588813925630298e-05,0.9994192024548694
basis-projected,axis-parallel,all-cells,row-column,100,100,168,52,7.356439204235895e-10,0.010584960096336256,5.193529329367057e-05,0.999471137748163
basis-projected,axis-parallel,all-cells,row-column,100,100,168,53,7.045458885848507e-10,0.010137499827925276,4.7637159546667766e-05,0.9995187749077096
basis-projected,axis-parallel,all-cells,row-column,100,100,168,54,6.8280206429815e-10,0.009824634451040292,4.474215922916726e-05,0.9995635170669388
basis-projected,axis-parallel,all-cells,row-column,100,100,168,55,6.425784009314102e-10,0.009245868203070426,3.9625936122309885e-05,0.9996031430030612
basis-projected,axis-parallel,all-cells,row-column,100,100,168,56,6.189165478958769e-10,0.00890540488483587,3.676135215644919e-05,0.9996399043552175
basis-projected,axis-parallel,all-cells,row-column,100,100,168,57,6.138409273332029e-10,0.008832373300357998,3.616087833141025e-05,0.9996760652335489
basis-projected,axis-parallel,all-cells,row-column,100,100,168,58,5.732412349035931e-10,0.008248196482797277,3.1535675202433226e-05,0.9997076009087513
basis-projected,axis-parallel,all-cells,row-column,100,100,168,59,5.292420509559977e-10,0.00761510539969761,2.6880415392305944e-05,0.9997344813241437
basis-projected,axis-parallel,all-cells,row-column,100,100,168,60,5.232649377721965e-10,0.00752910250782923,2.6276684003152723e-05,0.9997607580081468
basis-projected,axis-parallel,all-cells,row-column,100,100,168,61,4.981128476526912e-10,0.00716719661441667,2.381128181844097e-05,0.9997845692899653
basis-projected,axis-parallel,all-cells,row-column,100,100,168,62,4.784257326151688e-10,0.0068839246110754815,2.1966271612378286e-05,0.9998065355615776
basis-projected,axis-parallel,all-cells,row-column,100,100,168,63,4.528464740762055e-10,0.006515872319182834,1.968018920487632e-05,0.9998262157507826
basis-projected,axis-parallel,all-cells,row-column,100,100,168,64,4.063412225469889e-10,0.0058467221800456905,1.5845613333176102e-05,0.9998420613641157
basis-projected,axis-parallel,all-cells,row-column,100,100,168,65,4.002631905423398e-10,0.00575926719748236,1.5375122826850583e-05,0.9998574364869425
basis-projected,axis-parallel,all-cells,row-column,100,100,168,66,3.8108638348472335e-10,0.0054833378628619785,1.3937155670819785e-05,0.9998713736426134
basis-projected,axis-parallel,all-cells,row-column,100,100,168,67,3.6322999276946676e-10,0.005226407603618148,1.2661661310589766e-05,0.9998840353039239
basis-projected,axis-parallel,all-cells,row-column,100,100,168,68,3.5403340609483867e-10,0.0050940806717006204,1.2028619162648543e-05,0.9998960639230865
basis-projected,axis-parallel,all-cells,row-column,100,100,168,69,3.437694101879595e-10,0.004946395107955708,1.1341271474547629e-05,0.9999074051945611
basis-projected,axis-parallel,all-cells,row-column,100,100,168,70,3.039646213904422e-10,0.004373655920738329,8.86693175161978e-06,0.9999162721263127
basis-projected,axis-parallel,all-cells,row-column,100,100,168,71,2.9613473392141613e-10,0.004260994014458017,8.416005033384178e-06,0.9999246881313462
basis-projected,axis-parallel,all-cells,row-column,100,100,168,72,2.9230063528624606e-10,0.004205826317244772,8.199489360765367e-06,0.9999328876207069
basis-projected,axis-parallel,all-cells,row-column,100,100,168,73,2.7065271514454024e-10,0.003894340876385439,7.029947223576379e-06,0.9999399175679303
basis-projected,axis-parallel,all-cells,row-column,100,100,168,74,2.6393314216605263e-10,0.0037976549528468398,6.685211390161407e-06,0.9999466027793205
basis-projected,axis-parallel,all-cells,row-column,100,100,168,75,2.6132372396085563e-10,0.003760108815633119,6.553675970610236e-06,0.999953156455291
basis-projected,axis-parallel,all-cells,row-column,100,100,168,76,2.459806111443042e-10,0.0035393413595202925,5.806695340854761e-06,0.999958963150632
basis-projected,axis-parallel,all-cells,row-column,100,100,168,77,2.335164417766147e-10,0.0033599981586480525,5.233138357147158e-06,0.999964196288989
basis-projected,axis-parallel,all-cells,row-column,100,100,168,78,2.2099300549282286e-10,0.0031798021838663716,4.686885510174918e-06,0.9999688831744992
basis-projected,axis-parallel,all-cells,row-column,100,100,168,79,2.100090911566769e-10,0.0030217579294086784,4.232563467636915e-06,0.9999731157379669
basis-projected,axis-parallel,all-cells,row-column,100,100,168,80,1.9413086150729475e-10,0.002793290837418851,3.61673302559262e-06,0.9999767324709925
basis-projected,axis-parallel,all-cells,row-column,100,100,168,81,1.8729107119574318e-10,0.002694875142671598,3.3663668022196836e-06,0.9999800988377948
basis-projected,axis-parallel,all-cells,row-column,100,100,168,82,1.8174703079937506e-10,0.0026151036054661487,3.1700195254408228e-06,0.9999832688573203
basis-projected,axis-parallel,all-cells,row-column,100,100,168,83,1.760792168125768e-10,0.0025335511271296577,2.975387155453312e-06,0.9999862442444757
basis-projected,axis-parallel,all-cells,row-column,100,100,168,84,1.72578751612458e-10,0.0024831839815131532,2.858261334508376e-06,0.9999891025058102
basis-projected,axis-parallel,all-cells,row-column,100,100,168,85,1.6119075242477695e-10,0.002319325471122277,2.49348943975146e-06,0.9999915959952499
basis-projected,axis-parallel,all-cells,row-column,100,100,168,86,1.4842511112871168e-10,0.002135644480942697,2.1141804556096477e-06,0.9999937101757055
basis-projected,axis-parallel,all-cells,row-column,100,100,168,87,1.3362309103315465e-10,0.001922662645972292,1.713524490145357e-06,0.9999954237001957
basis-projected,axis-parallel,all-cells,row-column,100,100,168,88,1.155411309677312e-10,0.001662486736891381,1.2811515807139556e-06,0.9999967048517764
basis-projected,axis-parallel,all-cells,row-column,100,100,168,89,1.0510059055721618e-10,0.001512260927146561,1.0600774610906002e-06,0.9999977649292375
basis-projected,axis-parallel,all-cells,row-column,100,100,168,90,9.907181571732735e-11,0.0014255146911778406,9.41949311867482e-07,0.9999987068785494
basis-projected,axis-parallel,all-cells,row-column,100,100,168,91,8.390383054809783e-11,0.0012072670943436721,6.756019047595322e-07,0.9999993824804542
basis-projected,axis-parallel,all-cells,row-column,100,100,168,92,6.20117933353874e-11,0.0008922691260458871,3.6904206368987964e-07,0.9999997515225177
basis-projected,axis-parallel,all-cells,row-column,100,100,168,93,3.711799259240722e-11,0.0005340796811322856,1.322197250442641e-07,0.9999998837422428
basis-projected,axis-parallel,all-cells,row-column,100,100,168,94,2.5552323717174042e-11,0.0003676647348070447,6.265966805138612e-08,0.9999999464019109
basis-projected,axis-parallel,all-cells,row-column,100,100,168,95,2.0518025201718944e-11,0.0002952277208935015,4.0401585250592e-08,0.9999999868034961
basis-projected,axis-parallel,all-cells,row-column,100,100,168,96,9.772162176599296e-12,0.0001406087154702096,9.164496713445902e-09,0.9999999959679928
basis-projected,axis-parallel,all-cells,row-column,100,100,168,97,4.772679296448364e-12,6.867265330817539e-05,2.1860082337900805e-09,0.999999998154001
basis-projected,axis-parallel,all-cells,row-column,100,100,168,98,4.2993715606171214e-12,6.186237002033662e-05,1.773933139127633e-09,0.9999999999279341
basis-projected,axis-parallel,all-cells,row-column,100,100,168,99,8.664302483379213e-13,1.2466805407206794e-05,7.204344960292154e-11,0.9999999999999776
basis-projected,axis-parallel,all-cells,row-column,100,100,168,100,1.5176183164442736e-14,2.1836555533255695e-07,2.2103060232906032e-14,0.9999999999999997
basis-projected,axis-parallel,all-cells,row-column,100,100,168,101,5.902816369045472e-16,8.493385724763375e-09,3.3438426597320814e-17,0.9999999999999997
basis-projected,axis-parallel,all-cells,row-column,100,100,168,102,5.137914225422376e-16,7.392790933850058e-09,2.5333837911361284e-17,0.9999999999999997
basis-projected,axis-parallel,all-cells,row-column,100,100,168,103,4.71174188908359e-16,6.779584320015613e-09,2.1305428409896005e-17,0.9999999999999997
basis-projected,axis-parallel,all-cells,row-column,100,100,168,104,4.697711506480269e-16,6.759396422600928e-09,2.1178732907504577e-17,0.9999999999999997
basis-projected,axis-parallel,all-cells,row-column,100,100,168,105,4.538109720468317e-16,6.529750191681525e-09,1.976411043458646e-17,0.9999999999999997
basis-projected,axis-parallel,all-cells,row-column,100,100,168,106,4.3896868919959466e-16,6.3161890280331145e-09,1.8492446719153998e-17,0.9999999999999997
basis-projected,axis-parallel,all-cells,row-column,100,100,168,107,4.076849426867597e-16,5.866056566785307e-09,1.5950585576696335e-17,0.9999999999999997
basis-projected,axis-parallel,all-cells,row-column,100,100,168,108,3.936095100526647e-16,5.663529381235026e-09,1.4868202042477264e-17,0.9999999999999997
basis-projected,axis-parallel,all-cells,row-column,100,100,168,109,3.586764569620344e-16,5.160888140355057e-09,1.2346192109327426e-17,0.9999999999999997
basis-projected,axis-parallel,all-cells,row-column,100,100,168,110,3.5268782136131992e-16,5.074719455879882e-09,1.1937357899503866e-17,0.9999999999999997
basis-projected,axis-parallel,all-cells,row-column,100,100,168,111,3.0225217788619586e-16,4.349016083914503e-09,8.767306023642568e-18,0.9999999999999997
basis-projected,axis-parallel,all-cells,row-column,100,100,168,112,2.8719528031463404e-16,4.132366893260097e-09,7.915564376002e-18,0.9999999999999997
basis-projected,axis-parallel,all-cells,row-column,100,100,168,113,2.7083281329288246e-16,3.896932254714956e-09,7.039306093047525e-18,0.9999999999999997
basis-projected,axis-parallel,all-cells,row-column,100,100,168,114,2.614751993210072e-16,3.762288349233913e-09,6.561275802162713e-18,0.9999999999999997
basis-projected,axis-parallel,all-cells,row-column,100,100,168,115,2.5617637097156934e-16,3.6860450947476395e-09,6.298040170516838e-18,0.9999999999999997
basis-projected,axis-parallel,all-cells,row-column,100,100,168,116,2.2988380911250077e-16,3.307729294967166e-09,5.071589073528664e-18,0.9999999999999997
basis-projected,axis-parallel,all-cells,row-column,100,100,168,117,2.1369565076282477e-16,3.07480273171109e-09,4.382467002085172e-18,0.9999999999999997
basis-projected,axis-parallel,all-cells,row-column,100,100,168,118,2.015090028693747e-16,2.899452704233132e-09,3.89687249668854e-18,0.9999999999999997
basis-projected,axis-parallel,all-cells,row-column,100,100,168,119,1.8957745436879566e-16,2.727773225534513e-09,3.4490593117434827e-18,0.9999999999999997
basis-projected,axis-parallel,all-cells,row-column,100,100,168,120,1.8401790926984954e-16,2.647778595806259e-09,3.249731442777555e-18,0.9999999999999997
basis-projected,axis-parallel,all-cells,row-column,100,100,168,121,1.6794642007261208e-16,2.416530750050253e-09,2.7068786705760856e-18,0.9999999999999997
basis-projected,axis-parallel,all-cells,row-column,100,100,168,122,1.5596764255324713e-16,2.244171707142159e-09,2.334513038673681e-18,0.9999999999999997
basis-projected,axis-parallel,all-cells,row-column,100,100,168,123,1.4833041605547477e-16,2.1342819418885375e-09,2.1114836261167312e-18,0.9999999999999997
basis-projected,axis-parallel,all-cells,row-column,100,100,168,124,1.3214887249552905e-16,1.9014505568612167e-09,1.6759235831345735e-18,0.9999999999999997
basis-projected,axis-parallel,all-cells,row-column,100,100,168,125,1.1352831050701163e-16,1.6335248659830508e-09,1.2369029858953255e-18,0.9999999999999997
basis-projected,axis-parallel,all-cells,row-column,100,100,168,126,1.0874647333515526e-16,1.564720442747782e-09,1.1349001447806213e-18,0.9999999999999997
basis-projected,axis-parallel,all-cells,row-column,100,100,168,127,9.702527705582251e-17,1.3960676591746878e-09,9.034353322105188e-19,0.9999999999999997
basis-projected,axis-parallel,all-cells,row-column,100,100,168,128,7.76224332143995e-17,1.116885948954548e-09,5.78231561368188e-19,0.9999999999999997
basis-projected,axis-parallel,all-cells,row-column,100,100,168,129,7.528158213070655e-17,1.083204143634811e-09,5.4388209734110985e-19,0.9999999999999997
basis-projected,axis-parallel,all-cells,row-column,100,100,168,130,7.278150412130438e-17,1.0472312697585313e-09,5.083576241813791e-19,0.9999999999999997
basis-projected,axis-parallel,all-cells,row-column,100,100,168,131,5.63362766580869e-17,8.10605816002184e-10,3.0458153365244865e-19,0.9999999999999997
basis-projected,axis-parallel,all-cells,row-column,100,100,168,132,4.142730084053475e-17,5.960850271738566e-10,1.6470264151105093e-19,0.9999999999999997
basis-projected,axis-parallel,all-cells,row-column,100,100,168,133,2.8921887271969675e-17,4.161483758450126e-10,8.027504288911964e-20,0.9999999999999997
basis-projected,axis-parallel,all-cells,row-column,100,100,168,134,0.0,0.0,0.0,0.9999999999999997
basis-projected,axis-parallel,all-cells,row-column,100,100,168,135,0.0,0.0,0.0,0.9999999999999997
basis-projected,axis-parallel,all-cells,row-column,100,100,168,136,0.0,0.0,0.0,0.9999999999999997
basis-projected,axis-parallel,all-cells,row-column,100,100,168,137,0.0,0.0,0.0,0.9999999999999997
basis-projected,axis-parallel,all-cells,row-column,100,100,168,138,0.0,0.0,0.0,0.9999999999999997
basis-projected,axis-parallel,all-cells,row-column,100,100,168,139,0.0,0.0,0.0,0.9999999999999997
basis-projected,axis-parallel,all-cells,row-column,100,100,168,140,0.0,0.0,0.0,0.9999999999999997
basis-projected,axis-parallel,all-cells,row-column,100,100,168,141,0.0,0.0,0.0,0.9999999999999997
basis-projected,axis-parallel,all-cells,row-column,100,100,168,142,0.0,0.0,0.0,0.9999999999999997
basis-projected,axis-parallel,all-cells,row-column,100,100,168,143,0.0,0.0,0.0,0.9999999999999997
basis-projected,axis-parallel,all-cells,row-column,100,100,168,144,0.0,0.0,0.0,0.9999999999999997
basis-projected,axis-parallel,all-cells,row-column,100,100,168,145,0.0,0.0,0.0,0.9999999999999997
basis-projected,axis-parallel,all-cells,row-column,100,100,168,146,0.0,0.0,0.0,0.9999999999999997
basis-projected,axis-parallel,all-cells,row-column,100,100,168,147,0.0,0.0,0.0,0.9999999999999997
basis-projected,axis-parallel,all-cells,row-column,100,100,168,148,0.0,0.0,0.0,0.9999999999999997
basis-projected,axis-parallel,all-cells,row-column,100,100,168,149,0.0,0.0,0.0,0.9999999999999997
basis-projected,axis-parallel,all-cells,row-column,100,100,168,150,0.0,0.0,0.0,0.9999999999999997
basis-projected,axis-parallel,all-cells,row-column,100,100,168,151,0.0,0.0,0.0,0.9999999999999997
basis-projected,axis-parallel,all-cells,row-column,100,100,168,152,0.0,0.0,0.0,0.9999999999999997
basis-projected,axis-parallel,all-cells,row-column,100,100,168,153,0.0,0.0,0.0,0.9999999999999997
basis-projected,axis-parallel,all-cells,row-column,100,100,168,154,0.0,0.0,0.0,0.9999999999999997
basis-projected,axis-parallel,all-cells,row-column,100,100,168,155,0.0,0.0,0.0,0.9999999999999997
basis-projected,axis-parallel,all-cells,row-column,100,100,168,156,0.0,0.0,0.0,0.9999999999999997
basis-projected,axis-parallel,all-cells,row-column,100,100,168,157,0.0,0.0,0.0,0.9999999999999997
basis-projected,axis-parallel,all-cells,row-column,100,100,168,158,0.0,0.0,0.0,0.9999999999999997
basis-projected,axis-parallel,all-cells,row-column,100,100,168,159,0.0,0.0,0.0,0.9999999999999997
basis-projected,axis-parallel,all-cells,row-column,100,100,168,160,0.0,0.0,0.0,0.9999999999999997
basis-projected,axis-parallel,all-cells,row-column,100,100,168,161,0.0,0.0,0.0,0.9999999999999997
basis-projected,axis-parallel,all-cells,row-column,100,100,168,162,0.0,0.0,0.0,0.9999999999999997
basis-projected,axis-parallel,all-cells,row-column,100,100,168,163,0.0,0.0,0.0,0.9999999999999997
basis-projected,axis-parallel,all-cells,row-column,100,100,168,164,0.0,0.0,0.0,0.9999999999999997
basis-projected,axis-parallel,all-cells,row-column,100,100,168,165,0.0,0.0,0.0,0.9999999999999997
basis-projected,axis-parallel,all-cells,row-column,100,100,168,166,0.0,0.0,0.0,0.9999999999999997
basis-projected,axis-parallel,all-cells,row-column,100,100,168,167,0.0,0.0,0.0,0.9999999999999997
basis-projected,axis-parallel,all-cells,row-column,100,100,168,168,0.0,0.0,0.0,0.9999999999999997
basis-projected,axis-parallel,all-cells,row-column,250,250,168,1,6.17208460760177e-08,1.0,0.5400831190060895,0.5400831190060895
basis-projected,axis-parallel,all-cells,row-column,250,250,168,2,3.012063141013482e-08,0.4880139098066985,0.12862488655002655,0.668708005556116
basis-projected,axis-parallel,all-cells,row-column,250,250,168,3,2.2661507711316838e-08,0.36716132639215737,0.07280722244333893,0.7415152279994549
basis-projected,axis-parallel,all-cells,row-column,250,250,168,4,1.9676769121736922e-08,0.31880264728552615,0.054891416885596366,0.7964066448850513
basis-projected,axis-parallel,all-cells,row-column,250,250,168,5,1.5794504583993414e-08,0.2559022694624165,0.03536786774751344,0.8317745126325647
basis-projected,axis-parallel,all-cells,row-column,250,250,168,6,1.430803224441453e-08,0.2318184722677363,0.029023961004758455,0.8607984736373232
basis-projected,axis-parallel,all-cells,row-column,250,250,168,7,1.2874623520549097e-08,0.20859441078776253,0.02349989587771297,0.8842983695150362
basis-projected,axis-parallel,all-cells,row-column,250,250,168,8,1.0741769149895919e-08,0.1740379439495362,0.016358688813150713,0.9006570583281869
basis-projected,axis-parallel,all-cells,row-column,250,250,168,9,9.97504974710288e-09,0.16161557044790403,0.014106751044626078,0.9147638093728129
basis-projected,axis-parallel,all-cells,row-column,250,250,168,10,9.013988932560834e-09,0.14604448100822967,0.011519427678285786,0.9262832370510987
basis-projected,axis-parallel,all-cells,row-column,250,250,168,11,7.595980524991225e-09,0.12306993516640605,0.0081802117664395,0.9344634488175382
basis-projected,axis-parallel,all-cells,row-column,250,250,168,12,7.047520882837998e-09,0.11418380224661873,0.007041571676239326,0.9415050204937775
basis-projected,axis-parallel,all-cells,row-column,250,250,168,13,6.485497860603086e-09,0.10507791569505229,0.005963256665645436,0.947468277159423
basis-projected,axis-parallel,all-cells,row-column,250,250,168,14,6.107696682102573e-09,0.09895678802879833,0.005288734722737466,0.9527570118821604
basis-projected,axis-parallel,all-cells,row-column,250,250,168,15,5.992678808067086e-09,0.09709327057322382,0.005091419294374341,0.9578484311765347
basis-projected,axis-parallel,all-cells,row-column,250,250,168,16,5.468013337464382e-09,0.0885926503782818,0.004238927531193423,0.9620873587077282
basis-projected,axis-parallel,all-cells,row-column,250,250,168,17,5.2185160894463085e-09,0.0845503006070103,0.003860920996949131,0.9659482797046773
basis-projected,axis-parallel,all-cells,row-column,250,250,168,18,4.856589857345376e-09,0.07868637852701856,0.0033439495646399625,0.9692922292693172
basis-projected,axis-parallel,all-cells,row-column,250,250,168,19,4.8291885031380125e-09,0.07824242229586749,0.0033063222335337037,0.9725985515028509
basis-projected,axis-parallel,all-cells,row-column,250,250,168,20,4.356866552146701e-09,0.0705898708319815,0.0026911963027786644,0.9752897478056296
basis-projected,axis-parallel,all-cells,row-column,250,250,168,21,4.171299503400171e-09,0.06758331696008578,0.0024668322013703826,0.977756580007
basis-projected,axis-parallel,all-cells,row-column,250,250,168,22,4.113321050003892e-09,0.06664395113666738,0.002398733926579609,0.9801553139335796
basis-projected,axis-parallel,all-cells,row-column,250,250,168,23,3.814165967309766e-09,0.061797046051703455,0.0020625098674729603,0.9822178238010526
basis-projected,axis-parallel,all-cells,row-column,250,250,168,24,3.528667608373377e-09,0.05717140695102167,0.0017652993575608836,0.9839831231586135
basis-projected,axis-parallel,all-cells,row-column,250,250,168,25,3.1476020808829474e-09,0.05099739036315613,0.0014046124352906917,0.9853877355939041
basis-projected,axis-parallel,all-cells,row-column,250,250,168,26,3.106411680072977e-09,0.050330024255451786,0.0013680906741363812,0.9867558262680405
basis-projected,axis-parallel,all-cells,row-column,250,250,168,27,2.93593298461497e-09,0.04756793160286502,0.0012220504572161698,0.9879778767252566
basis-projected,axis-parallel,all-cells,row-column,250,250,168,28,2.7973413584186205e-09,0.045322472653296274,0.001109399061756086,0.9890872757870127
basis-projected,axis-parallel,all-cells,row-column,250,250,168,29,2.5467934827135993e-09,0.0412631006317845,0.0009195689978576006,0.9900068447848703
basis-projected,axis-parallel,all-cells,row-column,250,250,168,30,2.525566779208412e-09,0.040919185976449994,0.0009043042545098738,0.9909111490393802
basis-projected,axis-parallel,all-cells,row-column,250,250,168,31,2.3824545743437517e-09,0.03860048469538852,0.0008047224532127384,0.991715871492593
basis-projected,axis-parallel,all-cells,row-column,250,250,168,32,2.2360884834483813e-09,0.03622906401338587,0.0007088834402568839,0.9924247549328499
basis-projected,axis-parallel,all-cells,row-column,250,250,168,33,2.124793680128616e-09,0.03442586768029137,0.0006400743050813624,0.9930648292379312
basis-projected,axis-parallel,all-cells,row-column,250,250,168,34,2.113669154848268e-09,0.03424562832863623,0.0006333895310963642,0.9936982187690275
basis-projected,axis-parallel,all-cells,row-column,250,250,168,35,1.9221619010443975e-09,0.03114283136490046,0.0005238136256528327,0.9942220323946803
basis-projected,axis-parallel,all-cells,row-column,250,250,168,36,1.82206172471943e-09,0.02952101017013459,0.000470677059777266,0.9946927094544575
basis-projected,axis-parallel,all-cells,row-column,250,250,168,37,1.7155590731135025e-09,0.027795456189964665,0.00041726140449199485,0.9951099708589496
basis-projected,axis-parallel,all-cells,row-column,250,250,168,38,1.6329695245212746e-09,0.026457341859994085,0.00037805328923122425,0.9954880241481808
basis-projected,axis-parallel,all-cells,row-column,250,250,168,39,1.6099820430340665e-09,0.02608489911254866,0.0003674844153215735,0.9958555085635025
basis-projected,axis-parallel,all-cells,row-column,250,250,168,40,1.5228514803994333e-09,0.024673211357534416,0.00032878497383231957,0.9961842935373348
basis-projected,axis-parallel,all-cells,row-column,250,250,168,41,1.4831785159513581e-09,0.02403043072553834,0.0003118772624959623,0.9964961707998308
basis-projected,axis-parallel,all-cells,row-column,250,250,168,42,1.4073840341243882e-09,0.022802409940897463,0.0002808161632397099,0.9967769869630705
basis-projected,axis-parallel,all-cells,row-column,250,250,168,43,1.3263395030660794e-09,0.02148932795627121,0.00024940564027347266,0.9970263926033439
basis-projected,axis-parallel,all-cells,row-column,250,250,168,44,1.2651408298114798e-09,0.020497788190610433,0.00022692095640698578,0.9972533135597509
basis-projected,axis-parallel,all-cells,row-column,250,250,168,45,1.2186605456467397e-09,0.01974471549119388,0.0002105534507667542,0.9974638670105176
basis-projected,axis-parallel,all-cells,row-column,250,250,168,46,1.1329626704454447e-09,0.018356240111323904,0.00018198184463129286,0.997645848855149
basis-projected,axis-parallel,all-cells,row-column,250,250,168,47,1.0983477792799567e-09,0.017795410288562647,0.000171031700609188,0.9978168805557581
basis-projected,axis-parallel,all-cells,row-column,250,250,168,48,1.03344826452615e-09,0.016743909557774314,0.0001514168970510938,0.9979682974528092
basis-projected,axis-parallel,all-cells,row-column,250,250,168,49,9.957382736645243e-10,0.0161329329873109,0.0001405682579680734,0.9981088657107774
basis-projected,axis-parallel,all-cells,row-column,250,250,168,50,9.397861954006867e-10,0.015226398456093927,0.00012521460394679845,0.9982340803147242
basis-projected,axis-parallel,all-cells,row-column,250,250,168,51,8.561469619198292e-10,0.013871277151083876,0.00010391865121479059,0.998337998965939
basis-projected,axis-parallel,all-cells,row-column,250,250,168,52,8.234649510543807e-10,0.013341763818988652,9.613623277723456e-05,0.9984341351987162
basis-projected,axis-parallel,all-cells,row-column,250,250,168,53,8.029647764036337e-10,0.013009620370638995,9.140918789184707e-05,0.998525544386608
basis-projected,axis-parallel,all-cells,row-column,250,250,168,54,7.846002375256716e-10,0.01271207845335316,8.727577862319495e-05,0.9986128201652311
basis-projected,axis-parallel,all-cells,row-column,250,250,168,55,7.737570036280071e-10,0.012536396579447714,8.488013225247957e-05,0.9986977002974837
basis-projected,axis-parallel,all-cells,row-column,250,250,168,56,7.500208198890276e-10,0.012151823372046358,7.975235200190732e-05,0.9987774526494856
basis-projected,axis-parallel,all-cells,row-column,250,250,168,57,6.945463110097845e-10,0.011253026411114898,6.839105125089059e-05,0.9988458437007365
basis-projected,axis-parallel,all-cells,row-column,250,250,168,58,6.773962882359325e-10,0.010975162061155577,6.505527045696899e-05,0.9989108989711936
basis-projected,axis-parallel,all-cells,row-column,250,250,168,59,6.573297452035098e-10,0.010650044304219647,6.125808723210041e-05,0.9989721570584257
basis-projected,axis-parallel,all-cells,row-column,250,250,168,60,6.33432089853634e-10,0.010262854936782223,5.688489799320384e-05,0.999029041956419
basis-projected,axis-parallel,all-cells,row-column,250,250,168,61,5.960999982430824e-10,0.009658001082955074,5.037732494619259e-05,0.9990794192813651
basis-projected,axis-parallel,all-cells,row-column,250,250,168,62,5.883163805264458e-10,0.009531891053500033,4.907030334926435e-05,0.9991284895847145
basis-projected,axis-parallel,all-cells,row-column,250,250,168,63,5.649975694221211e-10,0.009154080109761441,4.5257443772737684e-05,0.9991737470284873
basis-projected,axis-parallel,all-cells,row-column,250,250,168,64,5.45622385238297e-10,0.008840163736029931,4.2206682860323885e-05,0.9992159537113475
basis-projected,axis-parallel,all-cells,row-column,250,250,168,65,5.346228109857389e-10,0.008661948838602723,4.052208951422647e-05,0.9992564758008617
basis-projected,axis-parallel,all-cells,row-column,250,250,168,66,5.248213963685921e-10,0.008503146501300428,3.904990002328387e-05,0.999295525700885
basis-projected,axis-parallel,all-cells,row-column,250,250,168,67,4.982242982236522e-10,0.00807222081191208,3.5192220468263245e-05,0.9993307179213533
basis-projected,axis-parallel,all-cells,row-column,250,250,168,68,4.834732821587121e-10,0.00783322512402452,3.31391846892296e-05,0.9993638571060425
basis-projected,axis-parallel,all-cells,row-column,250,250,168,69,4.66842804009344e-10,0.007563778426406582,3.089855710542364e-05,0.999394755663148
basis-projected,axis-parallel,all-cells,row-column,250,250,168,70,4.56372776545072e-10,0.007394143236192619,2.9528155661420307e-05,0.9994242838188094
basis-projected,axis-parallel,all-cells,row-column,250,250,168,71,4.3906671641321917e-10,0.007113750771861556,2.7331149298557254e-05,0.999451614968108
basis-projected,axis-parallel,all-cells,row-column,250,250,168,72,4.2300728701935195e-10,0.006853556195557663,2.5368369766022416e-05,0.999476983337874
basis-projected,axis-parallel,all-cells,row-column,250,250,168,73,4.1983929854126255e-10,0.006802228505166193,2.4989814766105364e-05,0.9995019731526401
basis-projected,axis-parallel,all-cells,row-column,250,250,168,74,4.1209031675807636e-10,0.0066766796464606225,2.4075852878090196e-05,0.9995260490055182
basis-projected,axis-parallel,all-cells,row-column,250,250,168,75,4.035892418257123e-10,0.006538945388542417,2.3092769655346988e-05,0.9995491417751736
basis-projected,axis-parallel,all-cells,row-column,250,250,168,76,3.898422725930857e-10,0.006316217248754844,2.1546400179600886e-05,0.9995706881753531
basis-projected,axis-parallel,all-cells,row-column,250,250,168,77,3.871638607395336e-10,0.006272821669727083,2.1251348109004178e-05,0.9995919395234621
basis-projected,axis-parallel,all-cells,row-column,250,250,168,78,3.8183348504367005e-10,0.006186459021857699,2.0670209777205068e-05,0.9996126097332394
basis-projected,axis-parallel,all-cells,row-column,250,250,168,79,3.644356280739604e-10,0.005904579266867273,1.8829488277817646e-05,0.9996314392215172
basis-projected,axis-parallel,all-cells,row-column,250,250,168,80,3.584359228634159e-10,0.005807372154651815,1.8214611760987437e-05,0.9996496538332781
basis-projected,axis-parallel,all-cells,row-column,250,250,168,81,3.4515063794357575e-10,0.005592124215511812,1.688940003588537e-05,0.9996665432333139
basis-projected,axis-parallel,all-cells,row-column,250,250,168,82,3.36192077262111e-10,0.005446977781996771,1.6024032262002505e-05,0.9996825672655759
basis-projected,axis-parallel,all-cells,row-column,250,250,168,83,3.2743420338608593e-10,0.005305082872370313,1.5200047606018557e-05,0.9996977673131819
basis-projected,axis-parallel,all-cells,row-column,250,250,168,84,3.2161016239929783e-10,0.005210721868640471,1.466413290772411e-05,0.9997124314460897
basis-projected,axis-parallel,all-cells,row-column,250,250,168,85,3.138876568142568e-10,0.0050856019768047425,1.3968357367634924e-05,0.9997263998034573
basis-projected,axis-parallel,all-cells,row-column,250,250,168,86,3.093551643404281e-10,0.005012166618056641,1.3567867772095191e-05,0.9997399676712295
basis-projected,axis-parallel,all-cells,row-column,250,250,168,87,3.0238774423159203e-10,0.004899280607060377,1.2963588353413668e-05,0.9997529312595829
basis-projected,axis-parallel,all-cells,row-column,250,250,168,88,2.9473812800016674e-10,0.00477534166717605,1.2315994977173296e-05,0.9997652472545601
basis-projected,axis-parallel,all-cells,row-column,250,250,168,89,2.9055815906556203e-10,0.0047076178882528566,1.196914179383739e-05,0.9997772163963539
basis-projected,axis-parallel,all-cells,row-column,250,250,168,90,2.8868097098912087e-10,0.00467720372195758,1.1814985045496317e-05,0.9997890313813993
basis-projected,axis-parallel,all-cells,row-column,250,250,168,91,2.7874189125943e-10,0.004516170937062676,1.1015427242314376e-05,0.9998000468086417
basis-projected,axis-parallel,all-cells,row-column,250,250,168,92,2.672509615596562e-10,0.004329995107819811,1.0125941508633318e-05,0.9998101727501503
basis-projected,axis-parallel,all-cells,row-column,250,250,168,93,2.649736586897485e-10,0.004293098289083676,9.954106117532948e-06,0.9998201268562678
basis-projected,axis-parallel,all-cells,row-column,250,250,168,94,2.609289878031045e-10,0.004227566606616744,9.6525380126519e-06,0.9998297793942804
basis-projected,axis-parallel,all-cells,row-column,250,250,168,95,2.5466280325685113e-10,0.004126042001161146,9.194495237948344e-06,0.9998389738895184
basis-projected,axis-parallel,all-cells,row-column,250,250,168,96,2.4962216138226085e-10,0.004044373615274439,8.834116861647753e-06,0.99984780800638
basis-projected,axis-parallel,all-cells,row-column,250,250,168,97,2.484130343994467e-10,0.004024783362390916,8.748742236554487e-06,0.9998565567486165
basis-projected,axis-parallel,all-cells,row-column,250,250,168,98,2.3456500356254526e-10,0.003800417824370817,7.800515347893479e-06,0.9998643572639644
basis-projected,axis-parallel,all-cells,row-column,250,250,168,99,2.2471493641587493e-10,0.00364082721969021,7.1591381297599185e-06,0.9998715164020942
basis-projected,axis-parallel,all-cells,row-column,250,250,168,100,2.2115163237489293e-10,0.003583094633902366,6.933893392911541e-06,0.999878450295487
basis-projected,axis-parallel,all-cells,row-column,250,250,168,101,2.1799380800800948e-10,0.0035319316222515835,6.737289002948814e-06,0.99988518758449
basis-projected,axis-parallel,all-cells,row-column,250,250,168,102,2.1359524238066565e-10,0.0034606661437789395,6.468148936381918e-06,0.9998916557334263
basis-projected,axis-parallel,all-cells,row-column,250,250,168,103,2.0806257029644302e-10,0.0033710258935884547,6.137404959687671e-06,0.999897793138386
basis-projected,axis-parallel,all-cells,row-column,250,250,168,104,1.9765454449646362e-10,0.0032023952531860128,5.538733506401325e-06,0.9999033318718924
basis-projected,axis-parallel,all-cells,row-column,250,250,168,105,1.9249666185631915e-10,0.0031188273345966948,5.253433834784356e-06,0.9999085853057272
basis-projected,axis-parallel,all-cells,row-column,250,250,168,106,1.9090641293591618e-10,0.003093062151169942,5.166993276653351e-06,0.9999137522990039
basis-projected,axis-parallel,all-cells,row-column,250,250,168,107,1.8964068736996867e-10,0.003072554889095333,5.098705207864442e-06,0.9999188510042117
basis-projected,axis-parallel,all-cells,row-column,250,250,168,108,1.8797593823510536e-10,0.0030455826545797374,5.009580777640901e-06,0.9999238605849894
basis-projected,axis-parallel,all-cells,row-column,250,250,168,109,1.851266442555492e-10,0.0029994184465251873,4.858863730426041e-06,0.9999287194487199
basis-projected,axis-parallel,all-cells,row-column,250,250,168,110,1.814219234854836e-10,0.0029393946295233476,4.666340177161054e-06,0.999933385788897
basis-projected,axis-parallel,all-cells,row-column,250,250,168,111,1.7697161906720733e-10,0.0028672908801224547,4.4402161262878545e-06,0.9999378260050232
basis-projected,axis-parallel,all-cells,row-column,250,250,168,112,1.714958066154803e-10,0.0027785718686399678,4.169690996863767e-06,0.9999419956960202
basis-projected,axis-parallel,all-cells,row-column,250,250,168,113,1.690611166185029e-10,0.002739125066598746,4.052138936242021e-06,0.9999460478349563
basis-projected,axis-parallel,all-cells,row-column,250,250,168,114,1.624099786162824e-10,0.0026313634524104254,3.7395752762051847e-06,0.9999497874102325
basis-projected,axis-parallel,all-cells,row-column,250,250,168,115,1.604730912723857e-10,0.0025999820396943527,3.650911444354341e-06,0.9999534383216769
basis-projected,axis-parallel,all-cells,row-column,250,250,168,116,1.5659336453351692e-10,0.0025371227792414038,3.47651071472763e-06,0.9999569148323916
basis-projected,axis-parallel,all-cells,row-column,250,250,168,117,1.521369206396582e-10,0.0024649195581713298,3.281452368078121e-06,0.9999601962847596
basis-projected,axis-parallel,all-cells,row-column,250,250,168,118,1.476707632582228e-10,0.0023925589593562276,3.091618523273874e-06,0.9999632879032829
basis-projected,axis-parallel,all-cells,row-column,250,250,168,119,1.4369712038703548e-10,0.0023281780714744698,2.927473630899241e-06,0.9999662153769138
basis-projected,axis-parallel,all-cells,row-column,250,250,168,120,1.337578039697988e-10,0.002167141451772351,2.5365014874589057e-06,0.9999687518784013
basis-projected,axis-parallel,all-cells,row-column,250,250,168,121,1.3085331842777558e-10,0.0021200830310493758,2.4275397109372194e-06,0.9999711794181122
basis-projected,axis-parallel,all-cells,row-column,250,250,168,122,1.2789316601136424e-10,0.0020721226966630727,2.318950821264735e-06,0.9999734983689335
basis-projected,axis-parallel,all-cells,row-column,250,250,168,123,1.2441209012559992e-10,0.002015722369916468,2.194431527075928e-06,0.9999756928004606
basis-projected,axis-parallel,all-cells,row-column,250,250,168,124,1.2264610336563031e-10,0.00198710988528211,2.1325752801212822e-06,0.9999778253757408
basis-projected,axis-parallel,all-cells,row-column,250,250,168,125,1.1898559772506938e-10,0.0019278024409860209,2.007176921118448e-06,0.9999798325526618
basis-projected,axis-parallel,all-cells,row-column,250,250,168,126,1.1643120753355756e-10,0.0018864162586196007,1.9219215869175856e-06,0.9999817544742488
basis-projected,axis-parallel,all-cells,row-column,250,250,168,127,1.1342293409650739e-10,0.0018376762683520486,1.8238898937003094e-06,0.9999835783641425
basis-projected,axis-parallel,all-cells,row-column,250,250,168,128,1.0434400075495351e-10,0.0016905795592374016,1.5435895519439981e-06,0.9999851219536944
basis-projected,axis-parallel,all-cells,row-column,250,250,168,129,1.0009802489670428e-10,0.0016217863373651719,1.420521717850177e-06,0.9999865424754123
basis-projected,axis-parallel,all-cells,row-column,250,250,168,130,9.914664255471047e-11,0.0016063720583576863,1.3936473254068318e-06,0.9999879361227377
basis-projected,axis-parallel,all-cells,row-column,250,250,168,131,9.661410481062584e-11,0.0015653399289379847,1.3233597758829433e-06,0.9999892594825136
basis-projected,axis-parallel,all-cells,row-column,250,250,168,132,8.993827372759778e-11,0.0014571782379137585,1.1467954374790878e-06,0.999990406277951
basis-projected,axis-parallel,all-cells,row-column,250,250,168,133,8.641494724725436e-11,0.001400093367819723,1.0587041118333511e-06,0.9999914649820629
basis-projected,axis-parallel,all-cells,row-column,250,250,168,134,8.183747503473987e-11,0.0013259292481821424,9.495138509978553e-07,0.9999924144959138
basis-projected,axis-parallel,all-cells,row-column,250,250,168,135,7.864396861540978e-11,0.0012741881165813723,8.768548407836381e-07,0.9999932913507545
basis-projected,axis-parallel,all-cells,row-column,250,250,168,136,7.460407458276733e-11,0.0012087338286141149,7.890816729377493e-07,0.9999940804324274
basis-projected,axis-parallel,all-cells,row-column,250,250,168,137,7.148402181333465e-11,0.0011581827916826068,7.244606794185664e-07,0.9999948048931069
basis-projected,axis-parallel,all-cells,row-column,250,250,168,138,6.878619430086109e-11,0.0011144726405101682,6.708098417812224e-07,0.9999954757029486
basis-projected,axis-parallel,all-cells,row-column,250,250,168,139,6.654742095648524e-11,0.001078200076429979,6.278549457243625e-07,0.9999961035578944
basis-projected,axis-parallel,all-cells,row-column,250,250,168,140,6.429982390013601e-11,0.0010417845507325345,5.861603373865559e-07,0.9999966897182317
basis-projected,axis-parallel,all-cells,row-column,250,250,168,141,6.16677902989547e-11,0.0009991403912869624,5.391549977784395e-07,0.9999972288732295
basis-projected,axis-parallel,all-cells,row-column,250,250,168,142,5.364702353621075e-11,0.0008691880773983084,4.080262689058539e-07,0.9999976368994985
basis-projected,axis-parallel,all-cells,row-column,250,250,168,143,4.9112418966879365e-11,0.0007957184985181615,3.419633098862952e-07,0.9999979788628084
basis-projected,axis-parallel,all-cells,row-column,250,250,168,144,4.8112125604545766e-11,0.0007795117640689675,3.2817534508952256e-07,0.9999983070381535
basis-projected,axis-parallel,all-cells,row-column,250,250,168,145,4.6703925812538774e-11,0.0007566961372340307,3.0924567684889137e-07,0.9999986162838304
basis-projected,axis-parallel,all-cells,row-column,250,250,168,146,4.293941854896586e-11,0.0006957036605765266,2.614021649001635e-07,0.9999988776859953
basis-projected,axis-parallel,all-cells,row-column,250,250,168,147,4.204837521730576e-11,0.0006812669930920488,2.506659241584934e-07,0.9999991283519195
basis-projected,axis-parallel,all-cells,row-column,250,250,168,148,3.561446661251776e-11,0.0005770249255600556,1.798248680659704e-07,0.9999993081767876
basis-projected,axis-parallel,all-cells,row-column,250,250,168,149,3.325471715869913e-11,0.0005387923088050571,1.5678459130558853e-07,0.9999994649613789
basis-projected,axis-parallel,all-cells,row-column,250,250,168,150,2.877998291588666e-11,0.0004662927478414693,1.1742969288863749e-07,0.9999995823910718
basis-projected,axis-parallel,all-cells,row-column,250,250,168,151,2.617859250137731e-11,0.0004241450687363355,9.716043426935525e-08,0.999999679551506
basis-projected,axis-parallel,all-cells,row-column,250,250,168,152,2.525245990886668e-11,0.0004091398857002836,9.040745462135553e-08,0.9999997699589607
basis-projected,axis-parallel,all-cells,row-column,250,250,168,153,2.2035571650885167e-11,0.00035701992198462957,6.884073595126144e-08,0.9999998387996967
basis-projected,axis-parallel,all-cells,row-column,250,250,168,154,1.777511504995227e-11,0.000287992083388808,4.47941914949244e-08,0.9999998835938881
basis-projected,axis-parallel,all-cells,row-column,250,250,168,155,1.5548225403977754e-11,0.000251912058769058,3.4273504796736594e-08,0.999999917867393
basis-projected,axis-parallel,all-cells,row-column,250,250,168,156,1.4512972569477075e-11,0.00023513891160212476,2.986136186011971e-08,0.9999999477287548
basis-projected,axis-parallel,all-cells,row-column,250,250,168,157,1.1571859746534536e-11,0.0001874870563550312,1.8984675751487475e-08,0.9999999667134306
basis-projected,axis-parallel,all-cells,row-column,250,250,168,158,9.32639700324638e-12,0.00015110611075810012,1.233174848353677e-08,0.999999979045179
basis-projected,axis-parallel,all-cells,row-column,250,250,168,159,7.826803226048572e-12,0.0001268097202752015,8.684917396618226e-09,0.9999999877300964
basis-projected,axis-parallel,all-cells,row-column,250,250,168,160,5.274122263839649e-12,8.545123081015195e-05,3.943639865102117e-09,0.9999999916737363
basis-projected,axis-parallel,all-cells,row-column,250,250,168,161,5.118311847481825e-12,8.292679334268881e-05,3.7140722464054296e-09,0.9999999953878086
basis-projected,axis-parallel,all-cells,row-column,250,250,168,162,4.253456756035111e-12,6.89144272389979e-05,2.5649618207476282e-09,0.9999999979527704
basis-projected,axis-parallel,all-cells,row-column,250,250,168,163,2.857295601152613e-12,4.6293850178810916e-05,1.1574632388154646e-09,0.9999999991102336
basis-projected,axis-parallel,all-cells,row-column,250,250,168,164,2.2252217780603775e-12,3.605300185483056e-05,7.020102687406017e-10,0.999999999812244
basis-projected,axis-parallel,all-cells,row-column,250,250,168,165,8.318452955492066e-13,1.3477542004603679e-05,9.810293286261544e-11,0.9999999999103469
basis-projected,axis-parallel,all-cells,row-column,250,250,168,166,5.763065855070822e-13,9.337308578001046e-06,4.7087325757736696e-11,0.9999999999574343
basis-projected,axis-parallel,all-cells,row-column,250,250,168,167,5.177828724563393e-13,8.38910846780387e-06,3.800950575567418e-11,0.9999999999954438
basis-projected,axis-parallel,all-cells,row-column,250,250,168,168,1.7927349485977303e-13,2.9045858288943918e-06,4.556475415576147e-12,1.0000000000000002
basis-projected,axis-parallel,all-cells,row-column,500,500,168,1,6.074059955598324e-08,1.0,0.5789202698855442,0.5789202698855442
basis-projected,axis-parallel,all-cells,row-column,500,500,168,2,2.9596153057813478e-08,0.48725487193348116,0.13744569330974887,0.7163659631952931
basis-projected,axis-parallel,all-cells,row-column,500,500,168,3,2.0395410888917886e-08,0.33577888657684213,0.06527179036043997,0.7816377535557331
basis-projected,axis-parallel,all-cells,row-column,500,500,168,4,1.702145680751974e-08,0.28023195246585353,0.04546257821717824,0.8271003317729113
basis-projected,axis-parallel,all-cells,row-column,500,500,168,5,1.4932843890210715e-08,0.24584617207223067,0.034990138131515705,0.862090469904427
basis-projected,axis-parallel,all-cells,row-column,500,500,168,6,1.250536772001398e-08,0.20588153247463525,0.024538812398027264,0.8866292823024542
basis-projected,axis-parallel,all-cells,row-column,500,500,168,7,1.0920455402589784e-08,0.17978840318368353,0.018712943497448814,0.905342225799903
basis-projected,axis-parallel,all-cells,row-column,500,500,168,8,9.332092487857348e-09,0.15363846514646548,0.013665284434463762,0.9190075102343668
basis-projected,axis-parallel,all-cells,row-column,500,500,168,9,8.644245536381799e-09,0.14231412925739384,0.011725052493827092,0.9307325627281938
basis-projected,axis-parallel,all-cells,row-column,500,500,168,10,8.142467115614428e-09,0.1340531238600913,0.010403336200346435,0.9411358989285402
basis-projected,axis-parallel,all-cells,row-column,500,500,168,11,6.768198009159435e-09,0.11142790915195591,0.007187977661720589,0.9483238765902609
basis-projected,axis-parallel,all-cells,row-column,500,500,168,12,5.965899259485712e-09,0.09821930147375442,0.005584861895473219,0.9539087384857341
basis-projected,axis-parallel,all-cells,row-column,500,500,168,13,5.794017094138644e-09,0.09538952753995174,0.005267689300102063,0.9591764277858361
basis-projected,axis-parallel,all-cells,row-column,500,500,168,14,5.309005917517915e-09,0.08740456887694571,0.004422695361580589,0.9635991231474166
basis-projected,axis-parallel,all-cells,row-column,500,500,168,15,5.082496527556398e-09,0.0836754422035623,0.004053356367844713,0.9676524795152612
basis-projected,axis-parallel,all-cells,row-column,500,500,168,16,4.498936709358632e-09,0.07406803262144397,0.0031759991259975437,0.9708284786412588
basis-projected,axis-parallel,all-cells,row-column,500,500,168,17,4.081020157365309e-09,0.06718768315093637,0.0026133530637352065,0.973441831704994
basis-projected,axis-parallel,all-cells,row-column,500,500,168,18,3.978920912364058e-09,0.06550677703957757,0.002484226675356406,0.9759260583803504
basis-projected,axis-parallel,all-cells,row-column,500,500,168,19,3.75069389853251e-09,0.06174937234650737,0.002207414296694339,0.9781334726770446
basis-projected,axis-parallel,all-cells,row-column,500,500,168,20,3.572408906952746e-09,0.058814185784586095,0.0020025479971501115,0.9801360206741948
basis-projected,axis-parallel,all-cells,row-column,500,500,168,21,3.3845334432418512e-09,0.0557211069364306,0.001797455828621287,0.981933476502816
basis-projected,axis-parallel,all-cells,row-column,500,500,168,22,3.250935175441466e-09,0.053521618146774336,0.0016583539376550276,0.983591830440471
basis-projected,axis-parallel,all-cells,row-column,500,500,168,23,3.1260965621237785e-09,0.051466343516127555,0.001533435046246163,0.9851252654867171
basis-projected,axis-parallel,all-cells,row-column,500,500,168,24,2.9823423916658875e-09,0.04909965350139703,0.0013956470774769169,0.986520912564194
basis-projected,axis-parallel,all-cells,row-column,500,500,168,25,2.6283969259966054e-09,0.04327248899764434,0.0010840330127442725,0.9876049455769383
basis-projected,axis-parallel,all-cells,row-column,500,500,168,26,2.608715279812981e-09,0.04294846114267586,0.0010678591443070615,0.9886728047212454
basis-projected,axis-parallel,all-cells,row-column,500,500,168,27,2.506237087146509e-09,0.041261316244278534,0.0009856095701254622,0.9896584142913709
basis-projected,axis-parallel,all-cells,row-column,500,500,168,28,2.4371871395729126e-09,0.04012451568454822,0.0009320481797831635,0.9905904624711541
basis-projected,axis-parallel,all-cells,row-column,500,500,168,29,2.3138454806526488e-09,0.03809388609211915,0.0008400967673602459,0.9914305592385143
basis-projected,axis-parallel,all-cells,row-column,500,500,168,30,2.2516557764797235e-09,0.03707002882650875,0.0007955447304479925,0.9922261039689624
basis-projected,axis-parallel,all-cells,row-column,500,500,168,31,2.0325654869192602e-09,0.03346304616314975,0.0006482607106559234,0.9928743646796183
basis-projected,axis-parallel,all-cells,row-column,500,500,168,32,1.8837434034516946e-09,0.03101292080127544,0.0005568062430622855,0.9934311709226805
basis-projected,axis-parallel,all-cells,row-column,500,500,168,33,1.7913603480324022e-09,0.029491976719481436,0.0005035313565910797,0.9939347022792715
basis-projected,axis-parallel,all-cells,row-column,500,500,168,34,1.7382025626959008e-09,0.02861681602424485,0.00047409063751511447,0.9944087929167866
basis-projected,axis-parallel,all-cells,row-column,500,500,168,35,1.7264733978901317e-09,0.028423713471890905,0.0004677140207246658,0.9948765069375114
basis-projected,axis-parallel,all-cells,row-column,500,500,168,36,1.6374472485103657e-09,0.02695803565457347,0.0004207220196790823,0.9952972289571904
basis-projected,axis-parallel,all-cells,row-column,500,500,168,37,1.481916318687925e-09,0.02439745951671215,0.00034459420363663375,0.995641823160827
basis-projected,axis-parallel,all-cells,row-column,500,500,168,38,1.449441330112004e-09,0.02386280907181508,0.00032965668627535274,0.9959714798471023
basis-projected,axis-parallel,all-cells,row-column,500,500,168,39,1.3680038937045846e-09,0.022522067673101023,0.0002936535626004538,0.9962651334097028
basis-projected,axis-parallel,all-cells,row-column,500,500,168,40,1.3295505466157061e-09,0.021888992804397482,0.00027737691453801197,0.9965425103242407
basis-projected,axis-parallel,all-cells,row-column,500,500,168,41,1.2335266199828766e-09,0.020308107410858908,0.0002387578499756174,0.9967812681742163
basis-projected,axis-parallel,all-cells,row-column,500,500,168,42,1.1908082835620427e-09,0.019604816091163234,0.00022250731911273612,0.9970037754933291
basis-projected,axis-parallel,all-cells,row-column,500,500,168,43,1.1625194098721554e-09,0.019139083551532734,0.0002120611111112461,0.9972158366044404
basis-projected,axis-parallel,all-cells,row-column,500,500,168,44,1.0578684082235392e-09,0.017416166714793877,0.00017559975373212215,0.9973914363581724
basis-projected,axis-parallel,all-cells,row-column,500,500,168,45,1.0416321481133178e-09,0.017148861811172426,0.00017025087685338191,0.9975616872350259
basis-projected,axis-parallel,all-cells,row-column,500,500,168,46,1.0259674084436718e-09,0.01689096610740664,0.00016516869478880382,0.9977268559298147
basis-projected,axis-parallel,all-cells,row-column,500,500,168,47,9.686222434959665e-10,0.015946866685160214,0.000147220904974022,0.9978740768347888
basis-projected,axis-parallel,all-cells,row-column,500,500,168,48,9.396123574553199e-10,0.015469263792651573,0.00013853453353728618,0.9980126113683261
basis-projected,axis-parallel,all-cells,row-column,500,500,168,49,8.984039171171815e-10,0.014790830575999548,0.0001266496169740386,0.9981392609853
basis-projected,axis-parallel,all-cells,row-column,500,500,168,50,8.259445871741173e-10,0.013597899810206232,0.0001070440247571018,0.9982463050100572
basis-projected,axis-parallel,all-cells,row-column,500,500,168,51,7.876827660640809e-10,0.012967978120434775,9.735612824178432e-05,0.9983436611382989
basis-projected,axis-parallel,all-cells,row-column,500,500,168,52,7.659811596930794e-10,0.01261069474605847,9.206547167545425e-05,0.9984357266099744
basis-projected,axis-parallel,all-cells,row-column,500,500,168,53,7.294839592429578e-10,0.01200982480541057,8.35010814408369e-05,0.9985192276914151
basis-projected,axis-parallel,all-cells,row-column,500,500,168,54,7.051104452394936e-10,0.011608552605570005,7.801442348213136e-05,0.9985972421148973
basis-projected,axis-parallel,all-cells,row-column,500,500,168,55,6.989964398970669e-10,0.011507894966575324,7.666736456890355e-05,0.9986739094794662
basis-projected,axis-parallel,all-cells,row-column,500,500,168,56,6.824892041612776e-10,0.011236128868504874,7.30890267647003e-05,0.9987469985062309
basis-projected,axis-parallel,all-cells,row-column,500,500,168,57,6.616480015151675e-10,0.010893010710329611,6.869333748157726e-05,0.9988156918437124
basis-projected,axis-parallel,all-cells,row-column,500,500,168,58,6.307189662247607e-10,0.010383811994536559,6.242123955632813e-05,0.9988781130832689
basis-projected,axis-parallel,all-cells,row-column,500,500,168,59,5.84027705187429e-10,0.009615112617535884,5.352140510490497e-05,0.9989316344883739
basis-projected,axis-parallel,all-cells,row-column,500,500,168,60,5.753799658855084e-10,0.009472740968834093,5.194814921873589e-05,0.9989835826375927
basis-projected,axis-parallel,all-cells,row-column,500,500,168,61,5.511997467431399e-10,0.009074651069835283,4.767367437225343e-05,0.9990312563119649
basis-projected,axis-parallel,all-cells,row-column,500,500,168,62,5.302737009853698e-10,0.008730136101087188,4.412256835018373e-05,0.999075378880315
basis-projected,axis-parallel,all-cells,row-column,500,500,168,63,5.241897501934302e-10,0.008629973263768928,4.31159198958507e-05,0.9991184948002109
basis-projected,axis-parallel,all-cells,row-column,500,500,168,64,4.912215598014342e-10,0.008087203014001966,3.786303707250345e-05,0.9991563578372833
basis-projected,axis-parallel,all-cells,row-column,500,500,168,65,4.856721323280957e-10,0.007995840276164259,3.701237691477714e-05,0.9991933702141982
basis-projected,axis-parallel,all-cells,row-column,500,500,168,66,4.796675840240928e-10,0.007896984677966406,3.610283833667799e-05,0.999229473052535
basis-projected,axis-parallel,all-cells,row-column,500,500,168,67,4.766126098667061e-10,0.00784668925481091,3.564442915386182e-05,0.9992651174816887
basis-projected,axis-parallel,all-cells,row-column,500,500,168,68,4.503791541059558e-10,0.007414795991449697,3.182857306752353e-05,0.9992969460547563
basis-projected,axis-parallel,all-cells,row-column,500,500,168,69,4.378480238462794e-10,0.007208490318616706,3.008204765527761e-05,0.9993270281024115
basis-projected,axis-parallel,all-cells,row-column,500,500,168,70,4.290140506120304e-10,0.007063052616341362,2.888042892596019e-05,0.9993559085313375
basis-projected,axis-parallel,all-cells,row-column,500,500,168,71,4.2454329068406734e-10,0.00698944847083334,2.8281638760765316e-05,0.9993841901700982
basis-projected,axis-parallel,all-cells,row-column,500,500,168,72,4.062798750752811e-10,0.006688769588137208,2.5900683654740003e-05,0.999410090853753
basis-projected,axis-parallel,all-cells,row-column,500,500,168,73,3.9674543218485196e-10,0.006531799736668398,2.469929047804897e-05,0.9994347901442311
basis-projected,axis-parallel,all-cells,row-column,500,500,168,74,3.949854536389472e-10,0.00650282441277021,2.4480642448330828e-05,0.9994592707866794
basis-projected,axis-parallel,all-cells,row-column,500,500,168,75,3.8451997844014023e-10,0.006330526554742628,2.3200557751013853e-05,0.9994824713444305
basis-projected,axis-parallel,all-cells,row-column,500,500,168,76,3.791715229904644e-10,0.006242472510351014,2.2559633141582062e-05,0.999505030977572
basis-projected,axis-parallel,all-cells,row-column,500,500,168,77,3.7339293033321576e-10,0.006147336922301333,2.187725298462014e-05,0.9995269082305566
basis-projected,axis-parallel,all-cells,row-column,500,500,168,78,3.670525695246328e-10,0.006042952690750586,2.114059198522163e-05,0.9995480488225419
basis-projected,axis-parallel,all-cells,row-column,500,500,168,79,3.466720477187343e-10,0.00570741892989078,1.8858114078053256e-05,0.9995669069366199
basis-projected,axis-parallel,all-cells,row-column,500,500,168,80,3.336591870215296e-10,0.005493182310688314,1.746894918886619e-05,0.9995843758858087
basis-projected,axis-parallel,all-cells,row-column,500,500,168,81,3.280305588083104e-10,0.005400515655199814,1.6884539274869934e-05,0.9996012604250836
basis-projected,axis-parallel,all-cells,row-column,500,500,168,82,3.2231961963978905e-10,0.005306493877175419,1.630174482795406e-05,0.9996175621699116
basis-projected,axis-parallel,all-cells,row-column,500,500,168,83,3.1532990805589353e-10,0.005191419089718748,1.560238303065752e-05,0.9996331645529422
basis-projected,axis-parallel,all-cells,row-column,500,500,168,84,3.136298760558799e-10,0.0051634306929554475,1.5434602879733862e-05,0.9996485991558218
basis-projected,axis-parallel,all-cells,row-column,500,500,168,85,3.067247396441032e-10,0.005049748304861592,1.4762442534114646e-05,0.999663361598356
basis-projected,axis-parallel,all-cells,row-column,500,500,168,86,2.9743655001054355e-10,0.0048968326322891,1.388191168478019e-05,0.9996772435100408
basis-projected,axis-parallel,all-cells,row-column,500,500,168,87,2.940510319714071e-10,0.0048410953155045315,1.3567693460134482e-05,0.999690811203501
basis-projected,axis-parallel,all-cells,row-column,500,500,168,88,2.899922327376256e-10,0.004774273465482445,1.3195727501055249e-05,0.999704006931002
basis-projected,axis-parallel,all-cells,row-column,500,500,168,89,2.846066396585616e-10,0.004685608007478525,1.271014960097764e-05,0.9997167170806031
basis-projected,axis-parallel,all-cells,row-column,500,500,168,90,2.7936107641489237e-10,0.004599247924074433,1.2245947631846164e-05,0.9997289630282349
basis-projected,axis-parallel,all-cells,row-column,500,500,168,91,2.7077815932646477e-10,0.004457943472831456,1.1505033046735217e-05,0.9997404680612816
basis-projected,axis-parallel,all-cells,row-column,500,500,168,92,2.691724902984528e-10,0.0044315086164133525,1.1368991768038639e-05,0.9997518370530497
basis-projected,axis-parallel,all-cells,row-column,500,500,168,93,2.638968519597833e-10,0.004344653393099216,1.0927706601786155e-05,0.9997627647596514
basis-projected,axis-parallel,all-cells,row-column,500,500,168,94,2.606251231994976e-10,0.004290789440747704,1.0658428159284494e-05,0.9997734231878107
basis-projected,axis-parallel,all-cells,row-column,500,500,168,95,2.552008953020706e-10,0.0042014879202313055,1.0219390494784172e-05,0.9997836425783054
basis-projected,axis-parallel,all-cells,row-column,500,500,168,96,2.5330059035596796e-10,0.0041702023392526195,1.0067763638092507e-05,0.9997937103419435
basis-projected,axis-parallel,all-cells,row-column,500,500,168,97,2.480441616642807e-10,0.00408366337305683,9.65425188540468e-06,0.999803364593829
basis-projected,axis-parallel,all-cells,row-column,500,500,168,98,2.4231813437916756e-10,0.0039893931925355525,9.213665482506285e-06,0.9998125782593115
basis-projected,axis-parallel,all-cells,row-column,500,500,168,99,2.375332912885514e-10,0.003910618153672031,8.853389677671536e-06,0.9998214316489892
basis-projected,axis-parallel,all-cells,row-column,500,500,168,100,2.343937032441177e-10,0.0038589296937723222,8.620897634762063e-06,0.999830052546624
basis-projected,axis-parallel,all-cells,row-column,500,500,168,101,2.2978560639599325e-10,0.0037830645083475846,8.28526206235261e-06,0.9998383378086864
basis-projected,axis-parallel,all-cells,row-column,500,500,168,102,2.2631253390540817e-10,0.003725885742975273,8.036701194506164e-06,0.9998463745098808
basis-projected,axis-parallel,all-cells,row-column,500,500,168,103,2.2274065960310485e-10,0.003667080358629154,7.7850177995082e-06,0.9998541595276803
basis-projected,axis-parallel,all-cells,row-column,500,500,168,104,2.196440532832517e-10,0.003616099526327703,7.570063214122081e-06,0.9998617295908945
basis-projected,axis-parallel,all-cells,row-column,500,500,168,105,2.1462737245585042e-10,0.003533507637803825,7.228211050701414e-06,0.9998689578019452
basis-projected,axis-parallel,all-cells,row-column,500,500,168,106,2.0842136859732013e-10,0.003431335385572262,6.816243456521331e-06,0.9998757740454017
basis-projected,axis-parallel,all-cells,row-column,500,500,168,107,2.0559275389092645e-10,0.0033847666205770034,6.632484059248974e-06,0.9998824065294609
basis-projected,axis-parallel,all-cells,row-column,500,500,168,108,2.0086294777153283e-10,0.003306897680297047,6.330824448716798e-06,0.9998887373539097
basis-projected,axis-parallel,all-cells,row-column,500,500,168,109,1.9753263322799758e-10,0.003252069203662308,6.122634205000392e-06,0.9998948599881147
basis-projected,axis-parallel,all-cells,row-column,500,500,168,110,1.8825553556911527e-10,0.0030993361432925005,5.56104126408708e-06,0.9999004210293787
basis-projected,axis-parallel,all-cells,row-column,500,500,168,111,1.8677081657089418e-10,0.003074892541993296,5.473670394469231e-06,0.9999058946997731
basis-projected,axis-parallel,all-cells,row-column,500,500,168,112,1.8450268496915467e-10,0.003037551264193609,5.341533890970942e-06,0.9999112362336641
basis-projected,axis-parallel,all-cells,row-column,500,500,168,113,1.8100271806240698e-10,0.0029799297238674908,5.1408010892562326e-06,0.9999163770347533
basis-projected,axis-parallel,all-cells,row-column,500,500,168,114,1.760487212994884e-10,0.0028983698314868993,4.863247330134475e-06,0.9999212402820835
basis-projected,axis-parallel,all-cells,row-column,500,500,168,115,1.7253204841430413e-10,0.0028404732530716167,4.670895640969698e-06,0.9999259111777246
basis-projected,axis-parallel,all-cells,row-column,500,500,168,116,1.6686217588588255e-10,0.0027471275737423273,4.368943335769918e-06,0.9999302801210602
basis-projected,axis-parallel,all-cells,row-column,500,500,168,117,1.6109661156677648e-10,0.0026522064771240424,4.072240497728855e-06,0.9999343523615579
basis-projected,axis-parallel,all-cells,row-column,500,500,168,118,1.6045899127443707e-10,0.002641709045472059,4.040068441553818e-06,0.9999383924299995
basis-projected,axis-parallel,all-cells,row-column,500,500,168,119,1.5802329817525705e-10,0.0026016091268511524,3.9183466154032305e-06,0.9999423107766149
basis-projected,axis-parallel,all-cells,row-column,500,500,168,120,1.5510853641554558e-10,0.002553622083900992,3.7751308287969793e-06,0.9999460859074437
basis-projected,axis-parallel,all-cells,row-column,500,500,168,121,1.5292019073923133e-10,0.0025175943579267474,3.669359550368826e-06,0.999949755266994
basis-projected,axis-parallel,all-cells,row-column,500,500,168,122,1.4948759479737777e-10,0.0024610819763080938,3.5064763628056874e-06,0.9999532617433569
basis-projected,axis-parallel,all-cells,row-column,500,500,168,123,1.4641879190689234e-10,0.0024105588844565394,3.363986509133837e-06,0.9999566257298661
basis-projected,axis-parallel,all-cells,row-column,500,500,168,124,1.4388918641674423e-10,0.00236891284361006,3.2487547017842166e-06,0.9999598744845678
basis-projected,axis-parallel,all-cells,row-column,500,500,168,125,1.3946843865887213e-10,0.002296132071108834,3.0521964656348588e-06,0.9999629266810335
basis-projected,axis-parallel,all-cells,row-column,500,500,168,126,1.3543049682666054e-10,0.002229653605935142,2.8780182955048064e-06,0.999965804699329
basis-projected,axis-parallel,all-cells,row-column,500,500,168,127,1.339475406696271e-10,0.0022052390270888033,2.815335103600277e-06,0.9999686200344327
basis-projected,axis-parallel,all-cells,row-column,500,500,168,128,1.2718298352404235e-10,0.0020938710591228305,2.53815783065956e-06,0.9999711581922632
basis-projected,axis-parallel,all-cells,row-column,500,500,168,129,1.2519094313488668e-10,0.002061075195998041,2.459271231905356e-06,0.9999736174634951
basis-projected,axis-parallel,all-cells,row-column,500,500,168,130,1.2336286511856814e-10,0.002030978719676077,2.3879734933901613e-06,0.9999760054369885
basis-projected,axis-parallel,all-cells,row-column,500,500,168,131,1.2100028812173202e-10,0.0019920825445624516,2.2973830680416086e-06,0.9999783028200566
basis-projected,axis-parallel,all-cells,row-column,500,500,168,132,1.141302860297672e-10,0.0018789785886880468,2.043913058781476e-06,0.9999803467331154
basis-projected,axis-parallel,all-cells,row-column,500,500,168,133,1.0762287724826452e-10,0.0017718441707028417,1.8174806848278883e-06,0.9999821642138003
basis-projected,axis-parallel,all-cells,row-column,500,500,168,134,1.051449024238265e-10,0.0017310481488895546,1.7347506211991248e-06,0.9999838989644214
basis-projected,axis-parallel,all-cells,row-column,500,500,168,135,1.0303776836319467e-10,0.0016963574465251544,1.665917517858244e-06,0.9999855648819392
basis-projected,axis-parallel,all-cells,row-column,500,500,168,136,9.556532489014753e-11,0.0015733352253473744,1.4330498178054077e-06,0.999986997931757
basis-projected,axis-parallel,all-cells,row-column,500,500,168,137,9.491188309615054e-11,0.0015625773171480204,1.4135194450616272e-06,0.9999884114512021
basis-projected,axis-parallel,all-cells,row-column,500,500,168,138,8.87304285552849e-11,0.0014608092314515938,1.2353947894290145e-06,0.9999896468459916
basis-projected,axis-parallel,all-cells,row-column,500,500,168,139,8.711243820012956e-11,0.0014341715234443806,1.1907509753402693e-06,0.9999908375969668
basis-projected,axis-parallel,all-cells,row-column,500,500,168,140,8.170376310319711e-11,0.0013451260557264106,1.0474775564475316e-06,0.9999918850745233
basis-projected,axis-parallel,all-cells,row-column,500,500,168,141,8.032417988669185e-11,0.0013224133524177492,1.0124024960276228e-06,0.9999928974770194
basis-projected,axis-parallel,all-cells,row-column,500,500,168,142,7.680129722436257e-11,0.0012644145396289107,9.255453820741565e-07,0.9999938230224014
basis-projected,axis-parallel,all-cells,row-column,500,500,168,143,7.372914965035812e-11,0.0012138363827377703,8.529804101374356e-07,0.9999946760028116
basis-projected,axis-parallel,all-cells,row-column,500,500,168,144,6.794765349769115e-11,0.00111865299312802,7.244518634899164e-07,0.999995400454675
basis-projected,axis-parallel,all-cells,row-column,500,500,168,145,6.677034356277684e-11,0.0010992704064640673,6.995646064538594e-07,0.9999961000192815
basis-projected,axis-parallel,all-cells,row-column,500,500,168,146,6.196688203739949e-11,0.0010201888438767551,6.025316935524991e-07,0.9999967025509751
basis-projected,axis-parallel,all-cells,row-column,500,500,168,147,6.030540966703833e-11,0.000992835271760138,5.706543749786816e-07,0.9999972732053501
basis-projected,axis-parallel,all-cells,row-column,500,500,168,148,5.787723269070151e-11,0.000952859094473662,5.256251326240456e-07,0.9999977988304828
basis-projected,axis-parallel,all-cells,row-column,500,500,168,149,5.371137059888535e-11,0.0008842746201308203,4.52681844310977e-07,0.999998251512327
basis-projected,axis-parallel,all-cells,row-column,500,500,168,150,4.8096980685396106e-11,0.0007918423762193227,3.629913160158947e-07,0.999998614503643
basis-projected,axis-parallel,all-cells,row-column,500,500,168,151,4.2244380897025665e-11,0.0006954883752520416,2.8002609660243966e-07,0.9999988945297396
basis-projected,axis-parallel,all-cells,row-column,500,500,168,152,3.974497881479011e-11,0.0006543395867891961,2.4787067344273207e-07,0.999999142400413
basis-projected,axis-parallel,all-cells,row-column,500,500,168,153,3.541366941102185e-11,0.000583031278418348,1.967897457678249e-07,0.9999993391901587
basis-projected,axis-parallel,all-cells,row-column,500,500,168,154,3.175041883777316e-11,0.000522721525139203,1.5818289677609468e-07,0.9999994973730555
basis-projected,axis-parallel,all-cells,row-column,500,500,168,155,2.817169561841501e-11,0.0004638033839697251,1.245336112001706e-07,0.9999996219066667
basis-projected,axis-parallel,all-cells,row-column,500,500,168,156,2.629638064058095e-11,0.00043292922415663957,1.0850570226859572e-07,0.999999730412369
basis-projected,axis-parallel,all-cells,row-column,500,500,168,157,2.3774504737209532e-11,0.0003914104389980067,8.869181946357873e-08,0.9999998191041884
basis-projected,axis-parallel,all-cells,row-column,500,500,168,158,1.997639196168701e-11,0.0003288803882035313,6.26173535489645e-08,0.9999998817215421
basis-projected,axis-parallel,all-cells,row-column,500,500,168,159,1.6153831376541606e-11,0.00026594784204678424,4.094602029328698e-08,0.9999999226675623
basis-projected,axis-parallel,all-cells,row-column,500,500,168,160,1.4140389524692423e-11,0.00023279963694891658,3.1374972460845e-08,0.9999999540425347
basis-projected,axis-parallel,all-cells,row-column,500,500,168,161,1.047005245987302e-11,0.00017237321554956019,1.7201183246066272e-08,0.999999971243718
basis-projected,axis-parallel,all-cells,row-column,500,500,168,162,8.939541877335979e-12,0.0001471757266586841,1.2539815115986202e-08,0.999999983783533
basis-projected,axis-parallel,all-cells,row-column,500,500,168,163,6.986174012273629e-12,0.00011501654681288796,7.658423963381021e-09,0.999999991441957
basis-projected,axis-parallel,all-cells,row-column,500,500,168,164,5.299905459695227e-12,8.725474391819961e-05,4.40754598819461e-09,0.9999999958495029
basis-projected,axis-parallel,all-cells,row-column,500,500,168,165,3.2864166162730395e-12,5.4105765176783003e-05,1.694750780252484e-09,0.9999999975442537
basis-projected,axis-parallel,all-cells,row-column,500,500,168,166,3.134305441756984e-12,5.160149001934308e-05,1.5414989756394528e-09,0.9999999990857527
basis-projected,axis-parallel,all-cells,row-column,500,500,168,167,2.042354339468428e-12,3.3624204476052886e-05,6.545198044878436e-10,0.9999999997402724
basis-projected,axis-parallel,all-cells,row-column,500,500,168,168,1.2865542505674037e-12,2.1181125309466457e-05,2.5972683004422985e-10,0.9999999999999992
basis-projected,axis-parallel,all-cells,lat-lon-metres,50,50,168,1,9.703057845525952e-08,1.0,0.49435217462313097,0.49435217462313097
basis-projected,axis-parallel,all-cells,lat-lon-metres,50,50,168,2,5.659529698792484e-08,0.5832727980079058,0.1681821478338761,0.662534322457007
basis-projected,axis-parallel,all-cells,lat-lon-metres,50,50,168,3,4.641048017098894e-08,0.47830777585633644,0.11309706417325041,0.7756313866302574
basis-projected,axis-parallel,all-cells,lat-lon-metres,50,50,168,4,3.7004068095721916e-08,0.38136501590356253,0.07189822204741814,0.8475296086776757
basis-projected,axis-parallel,all-cells,lat-lon-metres,50,50,168,5,2.8697010231649507e-08,0.29575223283742047,0.0432406798118639,0.8907702884895395
basis-projected,axis-parallel,all-cells,lat-lon-metres,50,50,168,6,1.7925753110899726e-08,0.18474333963870196,0.016872289916832803,0.9076425784063723
basis-projected,axis-parallel,all-cells,lat-lon-metres,50,50,168,7,1.7482135260177384e-08,0.1801714010005448,0.016047528665664095,0.9236901070720364
basis-projected,axis-parallel,all-cells,lat-lon-metres,50,50,168,8,1.575252728493338e-08,0.16234601025486847,0.01302925815488985,0.9367193652269263
basis-projected,axis-parallel,all-cells,lat-lon-metres,50,50,168,9,1.4289821175405295e-08,0.14727131799996723,0.010721925765533512,0.9474412909924599
basis-projected,axis-parallel,all-cells,lat-lon-metres,50,50,168,10,1.2516744985369467e-08,0.12899794255210895,0.008226252127205668,0.9556675431196654
basis-projected,axis-parallel,all-cells,lat-lon-metres,50,50,168,11,1.174494623625347e-08,0.12104376190717059,0.007243046513535401,0.962910589633201
basis-projected,axis-parallel,all-cells,lat-lon-metres,50,50,168,12,1.1197400354068826e-08,0.11540073791512961,0.0065834511995935905,0.9694940408327944
basis-projected,axis-parallel,all-cells,lat-lon-metres,50,50,168,13,9.888288875282728e-09,0.10190899644942533,0.005134066606991369,0.9746281074397858
basis-projected,axis-parallel,all-cells,lat-lon-metres,50,50,168,14,9.116066604225393e-09,0.09395045097488294,0.004363492031013311,0.9789915994707993
basis-projected,axis-parallel,all-cells,lat-lon-metres,50,50,168,15,8.259427154261682e-09,0.08512189956767162,0.0035819462312624275,0.9825735457020617
basis-projected,axis-parallel,all-cells,lat-lon-metres,50,50,168,16,7.189197455151999e-09,0.0740920807605709,0.00271381370776826,0.98528735940983
basis-projected,axis-parallel,all-cells,lat-lon-metres,50,50,168,17,6.882413465498293e-09,0.07093035592559876,0.002487142834682681,0.9877745022445128
basis-projected,axis-parallel,all-cells,lat-lon-metres,50,50,168,18,6.552871260107219e-09,0.06753408424879923,0.002254667368972796,0.9900291696134855
basis-projected,axis-parallel,all-cells,lat-lon-metres,50,50,168,19,5.694900140504944e-09,0.05869180861506297,0.0017029089747880796,0.9917320785882736
basis-projected,axis-parallel,all-cells,lat-lon-metres,50,50,168,20,5.463445915801583e-09,0.05630643455682128,0.0015673013383730291,0.9932993799266467
basis-projected,axis-parallel,all-cells,lat-lon-metres,50,50,168,21,5.022511678592513e-09,0.05176215331858891,0.0013245279236845217,0.9946239078503313
basis-projected,axis-parallel,all-cells,lat-lon-metres,50,50,168,22,4.796023178701104e-09,0.049427956166545314,0.0012077630941653948,0.9958316709444968
basis-projected,axis-parallel,all-cells,lat-lon-metres,50,50,168,23,4.4553847584636684e-09,0.04591732657265392,0.0010422925597975714,0.9968739635042942
basis-projected,axis-parallel,all-cells,lat-lon-metres,50,50,168,24,3.751653866383839e-09,0.038664655267552736,0.0007390345354909858,0.9976129980397852
basis-projected,axis-parallel,all-cells,lat-lon-metres,50,50,168,25,3.1529148173246894e-09,0.03249403298959501,0.0005219677647501658,0.9981349658045353
basis-projected,axis-parallel,all-cells,lat-lon-metres,50,50,168,26,2.8433530488433896e-09,0.029303680284194642,0.00042450301937855894,0.9985594688239139
basis-projected,axis-parallel,all-cells,lat-lon-metres,50,50,168,27,2.6354816749506146e-09,0.027161351781138012,0.0003647028940709552,0.9989241717179849
basis-projected,axis-parallel,all-cells,lat-lon-metres,50,50,168,28,2.1364618871405134e-09,0.022018439147259428,0.00023966769963041778,0.9991638394176152
basis-projected,axis-parallel,all-cells,lat-lon-metres,50,50,168,29,1.932577148417766e-09,0.019917197023708057,0.00019610690603651535,0.9993599463236517
basis-projected,axis-parallel,all-cells,lat-lon-metres,50,50,168,30,1.5493597042353337e-09,0.015967746754696907,0.00012604444818162857,0.9994859907718333
basis-projected,axis-parallel,all-cells,lat-lon-metres,50,50,168,31,1.5099683069149408e-09,0.015561777853475152,0.00011971673715233242,0.9996057075089856
basis-projected,axis-parallel,all-cells,lat-lon-metres,50,50,168,32,1.1680956048768985e-09,0.012038427714985781,7.164336693754366e-05,0.9996773508759232
basis-projected,axis-parallel,all-cells,lat-lon-metres,50,50,168,33,1.1139292554124846e-09,0.011480187721709953,6.515300155446495e-05,0.9997425038774778
basis-projected,axis-parallel,all-cells,lat-lon-metres,50,50,168,34,1.0115007248676067e-09,0.01042455626845517,5.372192975669908e-05,0.9997962258072344
basis-projected,axis-parallel,all-cells,lat-lon-metres,50,50,168,35,8.748180298866551e-10,0.009015900387423031,4.0184138167536054e-05,0.9998364099454019
basis-projected,axis-parallel,all-cells,lat-lon-metres,50,50,168,36,8.514760948325976e-10,0.008775337717121932,3.806835646592079e-05,0.9998744783018678
basis-projected,axis-parallel,all-cells,lat-lon-metres,50,50,168,37,8.131763994051748e-10,0.008380619927769757,3.4720721355453946e-05,0.9999091990232233
basis-projected,axis-parallel,all-cells,lat-lon-metres,50,50,168,38,6.888895763490619e-10,0.007099716267967079,2.4918301420175008e-05,0.9999341173246435
basis-projected,axis-parallel,all-cells,lat-lon-metres,50,50,168,39,6.081520704626294e-10,0.006267633153841769,1.9419747878544848e-05,0.999953537072522
basis-projected,axis-parallel,all-cells,lat-lon-metres,50,50,168,40,5.588809696526349e-10,0.005759843737408338,1.6400528815224437e-05,0.9999699376013371
basis-projected,axis-parallel,all-cells,lat-lon-metres,50,50,168,41,4.492284802849792e-10,0.0046297619517141906,1.0596288446283431e-05,0.9999805338897835
basis-projected,axis-parallel,all-cells,lat-lon-metres,50,50,168,42,3.305405289615743e-10,0.0034065604289269026,5.736785918863232e-06,0.9999862706757022
basis-projected,axis-parallel,all-cells,lat-lon-metres,50,50,168,43,3.1933012561635886e-10,0.003291025681801958,5.354254269440761e-06,0.9999916249299716
basis-projected,axis-parallel,all-cells,lat-lon-metres,50,50,168,44,2.6090950957833147e-10,0.0026889410918913156,3.5743660375295514e-06,0.9999951992960092
basis-projected,axis-parallel,all-cells,lat-lon-metres,50,50,168,45,2.2270807944986293e-10,0.0022952360276049773,2.60430085477172e-06,0.9999978035968641
basis-projected,axis-parallel,all-cells,lat-lon-metres,50,50,168,46,1.925200248308851e-10,0.001984117047386824,1.9461263191626915e-06,0.9999997497231833
basis-projected,axis-parallel,all-cells,lat-lon-metres,50,50,168,47,6.378888457795578e-11,0.0006574101236278688,2.1365311257121673e-07,0.9999999633762958
basis-projected,axis-parallel,all-cells,lat-lon-metres,50,50,168,48,2.5594756560190632e-11,0.00026378031510955376,3.439705132133199e-08,0.999999997773347
basis-projected,axis-parallel,all-cells,lat-lon-metres,50,50,168,49,5.915378194932191e-12,6.096406193909018e-05,1.8373176211057392e-09,0.9999999996106647
basis-projected,axis-parallel,all-cells,lat-lon-metres,50,50,168,50,2.7230271804339723e-12,2.8063598339667233e-05,3.8933474317585135e-10,0.9999999999999993
basis-projected,axis-parallel,all-cells,lat-lon-metres,50,50,168,51,1.1249300000381055e-15,1.1593561719894384e-08,6.644620866461508e-17,0.9999999999999993
basis-projected,axis-parallel,all-cells,lat-lon-metres,50,50,168,52,9.408787265065222e-16,9.69672387288053e-09,4.648218194119916e-17,0.9999999999999993
basis-projected,axis-parallel,all-cells,lat-lon-metres,50,50,168,53,8.762968645445054e-16,9.031141300972075e-09,4.0320111415045595e-17,0.9999999999999993
basis-projected,axis-parallel,all-cells,lat-lon-metres,50,50,168,54,8.4532692261406725e-16,8.711964167088263e-09,3.752049936854169e-17,0.9999999999999993
basis-projected,axis-parallel,all-cells,lat-lon-metres,50,50,168,55,8.331226930215934e-16,8.586187017381778e-09,3.644493133525462e-17,0.9999999999999993
basis-projected,axis-parallel,all-cells,lat-lon-metres,50,50,168,56,7.856335619173713e-16,8.096762633231382e-09,3.240852488940881e-17,0.9999999999999993
basis-projected,axis-parallel,all-cells,lat-lon-metres,50,50,168,57,7.664876447311824e-16,7.899444246687733e-09,3.0848178512752196e-17,0.9999999999999993
basis-projected,axis-parallel,all-cells,lat-lon-metres,50,50,168,58,7.33092649603549e-16,7.555274443113577e-09,2.8218695816298165e-17,0.9999999999999993
basis-projected,axis-parallel,all-cells,lat-lon-metres,50,50,168,59,7.152996198181265e-16,7.371898953977161e-09,2.6865516621328513e-17,0.9999999999999993
basis-projected,axis-parallel,all-cells,lat-lon-metres,50,50,168,60,6.723455522108588e-16,6.929213067825573e-09,2.373582221737656e-17,0.9999999999999993
basis-projected,axis-parallel,all-cells,lat-lon-metres,50,50,168,61,6.605341315617879e-16,6.8074842186616254e-09,2.2909190065865356e-17,0.9999999999999993
basis-projected,axis-parallel,all-cells,lat-lon-metres,50,50,168,62,6.454728684291768e-16,6.652262397124657e-09,2.1876366571064914e-17,0.9999999999999993
basis-projected,axis-parallel,all-cells,lat-lon-metres,50,50,168,63,6.247739611652861e-16,6.438938849090417e-09,2.049580828660517e-17,0.9999999999999993
basis-projected,axis-parallel,all-cells,lat-lon-metres,50,50,168,64,6.072232454371892e-16,6.25806065576717e-09,1.936047397518134e-17,0.9999999999999993
basis-projected,axis-parallel,all-cells,lat-lon-metres,50,50,168,65,5.91230009117029e-16,6.093233891104166e-09,1.835405999339677e-17,0.9999999999999993
basis-projected,axis-parallel,all-cells,lat-lon-metres,50,50,168,66,5.831962166167245e-16,6.010437388927186e-09,1.7858649091670078e-17,0.9999999999999993
basis-projected,axis-parallel,all-cells,lat-lon-metres,50,50,168,67,5.722858491681825e-16,5.897994820592167e-09,1.7196704261645846e-17,0.9999999999999993
basis-projected,axis-parallel,all-cells,lat-lon-metres,50,50,168,68,5.528930127585092e-16,5.69813167725725e-09,1.6050974731823146e-17,0.9999999999999993
basis-projected,axis-parallel,all-cells,lat-lon-metres,50,50,168,69,5.349971864317569e-16,5.513696763937591e-09,1.5028727298897596e-17,0.9999999999999993
basis-projected,axis-parallel,all-cells,lat-lon-metres,50,50,168,70,5.234894501342764e-16,5.395097694647422e-09,1.438914786721096e-17,0.9999999999999993
basis-projected,axis-parallel,all-cells,lat-lon-metres,50,50,168,71,5.035854191279195e-16,5.189966164739717e-09,1.3315745990003958e-17,0.9999999999999993
basis-projected,axis-parallel,all-cells,lat-lon-metres,50,50,168,72,4.881977143308897e-16,5.03138002579255e-09,1.2514418997042775e-17,0.9999999999999993
basis-projected,axis-parallel,all-cells,lat-lon-metres,50,50,168,73,4.769461684248423e-16,4.9154212622236466e-09,1.1944223915480003e-17,0.9999999999999993
basis-projected,axis-parallel,all-cells,lat-lon-metres,50,50,168,74,4.62268603634336e-16,4.764153847103844e-09,1.1220391332594768e-17,0.9999999999999993
basis-projected,axis-parallel,all-cells,lat-lon-metres,50,50,168,75,4.510447498515357e-16,4.648480479372912e-09,1.0682145078784225e-17,0.9999999999999993
basis-projected,axis-parallel,all-cells,lat-lon-metres,50,50,168,76,4.3417145628067574e-16,4.474583818758442e-09,9.897869978651384e-18,0.9999999999999993
basis-projected,axis-parallel,all-cells,lat-lon-metres,50,50,168,77,4.2414789181366664e-16,4.371280668075578e-09,9.44612815751345e-18,0.9999999999999993
basis-projected,axis-parallel,all-cells,lat-lon-metres,50,50,168,78,4.018877051919942e-16,4.1418665289860486e-09,8.480640398110923e-18,0.9999999999999993
basis-projected,axis-parallel,all-cells,lat-lon-metres,50,50,168,79,3.943056825061118e-16,4.063725979825265e-09,8.163666972053613e-18,0.9999999999999993
basis-projected,axis-parallel,all-cells,lat-lon-metres,50,50,168,80,3.9123016884853693e-16,4.032029645468226e-09,8.036813348087685e-18,0.9999999999999993
basis-projected,axis-parallel,all-cells,lat-lon-metres,50,50,168,81,3.804728321002158e-16,3.9211642160378395e-09,7.600926102776805e-18,0.9999999999999993
basis-projected,axis-parallel,all-cells,lat-lon-metres,50,50,168,82,3.6344693127472663e-16,3.7456947805614785e-09,6.935874408975555e-18,0.9999999999999993
basis-projected,axis-parallel,all-cells,lat-lon-metres,50,50,168,83,3.5144434735348763e-16,3.621995797083055e-09,6.485333783025457e-18,0.9999999999999993
basis-projected,axis-parallel,all-cells,lat-lon-metres,50,50,168,84,3.434608613519322e-16,3.5397177551641712e-09,6.194035890181938e-18,0.9999999999999993
basis-projected,axis-parallel,all-cells,lat-lon-metres,50,50,168,85,3.2245384619914336e-16,3.323218838150344e-09,5.459518362714357e-18,0.9999999999999993
basis-projected,axis-parallel,all-cells,lat-lon-metres,50,50,168,86,3.002235556125172e-16,3.0941128084787136e-09,4.732697387120159e-18,0.9999999999999993
basis-projected,axis-parallel,all-cells,lat-lon-metres,50,50,168,87,2.8589947281399274e-16,2.9464883891815613e-09,4.2918636582947155e-18,0.9999999999999993
basis-projected,axis-parallel,all-cells,lat-lon-metres,50,50,168,88,2.661690038140059e-16,2.7431455944244993e-09,3.719924850013259e-18,0.9999999999999993
basis-projected,axis-parallel,all-cells,lat-lon-metres,50,50,168,89,2.632946497777778e-16,2.7135224170510548e-09,3.640015864033548e-18,0.9999999999999993
basis-projected,axis-parallel,all-cells,lat-lon-metres,50,50,168,90,2.565814554352674e-16,2.644336038392024e-09,3.4567640491258536e-18,0.9999999999999993
basis-projected,axis-parallel,all-cells,lat-lon-metres,50,50,168,91,2.400527164196622e-16,2.4739903671743e-09,3.025745928392249e-18,0.9999999999999993
basis-projected,axis-parallel,all-cells,lat-lon-metres,50,50,168,92,2.312297797597536e-16,2.38306092204091e-09,2.807415795345513e-18,0.9999999999999993
basis-projected,axis-parallel,all-cells,lat-lon-metres,50,50,168,93,2.0617299843448451e-16,2.1248249955507606e-09,2.231941369895167e-18,0.9999999999999993
basis-projected,axis-parallel,all-cells,lat-lon-metres,50,50,168,94,1.9099155006844035e-16,1.968364541457474e-09,1.915347216352059e-18,0.9999999999999993
basis-projected,axis-parallel,all-cells,lat-lon-metres,50,50,168,95,1.8356381351795735e-16,1.8918140697532587e-09,1.7692668934674088e-18,0.9999999999999993
basis-projected,axis-parallel,all-cells,lat-lon-metres,50,50,168,96,1.5738152298942277e-16,1.6219786122576902e-09,1.3005489277458035e-18,0.9999999999999993
basis-projected,axis-parallel,all-cells,lat-lon-metres,50,50,168,97,1.476565828189037e-16,1.521753092371676e-09,1.144787384437876e-18,0.9999999999999993
basis-projected,axis-parallel,all-cells,lat-lon-metres,50,50,168,98,1.281571412731562e-16,1.3207912733638811e-09,8.623922213334635e-19,0.9999999999999993
basis-projected,axis-parallel,all-cells,lat-lon-metres,50,50,168,99,1.1348806846525291e-16,1.1696113768669523e-09,6.762692134458157e-19,0.9999999999999993
basis-projected,axis-parallel,all-cells,lat-lon-metres,50,50,168,100,1.1012053795345595e-16,1.1349055082077263e-09,6.367307978216069e-19,0.9999999999999993
basis-projected,axis-parallel,all-cells,lat-lon-metres,50,50,168,101,9.798790841129841e-17,1.0098662707290808e-09,5.041551212749147e-19,0.9999999999999993
basis-projected,axis-parallel,all-cells,lat-lon-metres,50,50,168,102,8.939924417197967e-17,9.213512440637604e-10,4.196496856312511e-19,0.9999999999999993
basis-projected,axis-parallel,all-cells,lat-lon-metres,50,50,168,103,7.819328167203916e-17,8.058622644210436e-10,3.210392178005079e-19,0.9999999999999993
basis-projected,axis-parallel,all-cells,lat-lon-metres,50,50,168,104,7.333167605260868e-17,7.557584136883372e-10,2.8235951710533253e-19,0.9999999999999993
basis-projected,axis-parallel,all-cells,lat-lon-metres,50,50,168,105,5.892225608348185e-17,6.072545069969948e-10,1.822963371389219e-19,0.9999999999999993
basis-projected,axis-parallel,all-cells,lat-lon-metres,50,50,168,106,5.402164508625411e-17,5.567486656916439e-10,1.5323388715700287e-19,0.9999999999999993
basis-projected,axis-parallel,all-cells,lat-lon-metres,50,50,168,107,4.2600349516232846e-17,4.3904045708514177e-10,9.528960629684854e-20,0.9999999999999993
basis-projected,axis-parallel,all-cells,lat-lon-metres,50,50,168,108,1.7237475914194198e-17,1.7764993457338134e-10,1.560150708619573e-20,0.9999999999999993
basis-projected,axis-parallel,all-cells,lat-lon-metres,50,50,168,109,0.0,0.0,0.0,0.9999999999999993
basis-projected,axis-parallel,all-cells,lat-lon-metres,50,50,168,110,0.0,0.0,0.0,0.9999999999999993
basis-projected,axis-parallel,all-cells,lat-lon-metres,50,50,168,111,0.0,0.0,0.0,0.9999999999999993
basis-projected,axis-parallel,all-cells,lat-lon-metres,50,50,168,112,0.0,0.0,0.0,0.9999999999999993
basis-projected,axis-parallel,all-cells,lat-lon-metres,50,50,168,113,0.0,0.0,0.0,0.9999999999999993
basis-projected,axis-parallel,all-cells,lat-lon-metres,50,50,168,114,0.0,0.0,0.0,0.9999999999999993
basis-projected,axis-parallel,all-cells,lat-lon-metres,50,50,168,115,0.0,0.0,0.0,0.9999999999999993
basis-projected,axis-parallel,all-cells,lat-lon-metres,50,50,168,116,0.0,0.0,0.0,0.9999999999999993
basis-projected,axis-parallel,all-cells,lat-lon-metres,50,50,168,117,0.0,0.0,0.0,0.9999999999999993
basis-projected,axis-parallel,all-cells,lat-lon-metres,50,50,168,118,0.0,0.0,0.0,0.9999999999999993
basis-projected,axis-parallel,all-cells,lat-lon-metres,50,50,168,119,0.0,0.0,0.0,0.9999999999999993
basis-projected,axis-parallel,all-cells,lat-lon-metres,50,50,168,120,0.0,0.0,0.0,0.9999999999999993
basis-projected,axis-parallel,all-cells,lat-lon-metres,50,50,168,121,0.0,0.0,0.0,0.9999999999999993
basis-projected,axis-parallel,all-cells,lat-lon-metres,50,50,168,122,0.0,0.0,0.0,0.9999999999999993
basis-projected,axis-parallel,all-cells,lat-lon-metres,50,50,168,123,0.0,0.0,0.0,0.9999999999999993
basis-projected,axis-parallel,all-cells,lat-lon-metres,50,50,168,124,0.0,0.0,0.0,0.9999999999999993
basis-projected,axis-parallel,all-cells,lat-lon-metres,50,50,168,125,0.0,0.0,0.0,0.9999999999999993
basis-projected,axis-parallel,all-cells,lat-lon-metres,50,50,168,126,0.0,0.0,0.0,0.9999999999999993
basis-projected,axis-parallel,all-cells,lat-lon-metres,50,50,168,127,0.0,0.0,0.0,0.9999999999999993
basis-projected,axis-parallel,all-cells,lat-lon-metres,50,50,168,128,0.0,0.0,0.0,0.9999999999999993
basis-projected,axis-parallel,all-cells,lat-lon-metres,50,50,168,129,0.0,0.0,0.0,0.9999999999999993
basis-projected,axis-parallel,all-cells,lat-lon-metres,50,50,168,130,0.0,0.0,0.0,0.9999999999999993
basis-projected,axis-parallel,all-cells,lat-lon-metres,50,50,168,131,0.0,0.0,0.0,0.9999999999999993
basis-projected,axis-parallel,all-cells,lat-lon-metres,50,50,168,132,0.0,0.0,0.0,0.9999999999999993
basis-projected,axis-parallel,all-cells,lat-lon-metres,50,50,168,133,0.0,0.0,0.0,0.9999999999999993
basis-projected,axis-parallel,all-cells,lat-lon-metres,50,50,168,134,0.0,0.0,0.0,0.9999999999999993
basis-projected,axis-parallel,all-cells,lat-lon-metres,50,50,168,135,0.0,0.0,0.0,0.9999999999999993
basis-projected,axis-parallel,all-cells,lat-lon-metres,50,50,168,136,0.0,0.0,0.0,0.9999999999999993
basis-projected,axis-parallel,all-cells,lat-lon-metres,50,50,168,137,0.0,0.0,0.0,0.9999999999999993
basis-projected,axis-parallel,all-cells,lat-lon-metres,50,50,168,138,0.0,0.0,0.0,0.9999999999999993
basis-projected,axis-parallel,all-cells,lat-lon-metres,50,50,168,139,0.0,0.0,0.0,0.9999999999999993
basis-projected,axis-parallel,all-cells,lat-lon-metres,50,50,168,140,0.0,0.0,0.0,0.9999999999999993
basis-projected,axis-parallel,all-cells,lat-lon-metres,50,50,168,141,0.0,0.0,0.0,0.9999999999999993
basis-projected,axis-parallel,all-cells,lat-lon-metres,50,50,168,142,0.0,0.0,0.0,0.9999999999999993
basis-projected,axis-parallel,all-cells,lat-lon-metres,50,50,168,143,0.0,0.0,0.0,0.9999999999999993
basis-projected,axis-parallel,all-cells,lat-lon-metres,50,50,168,144,0.0,0.0,0.0,0.9999999999999993
basis-projected,axis-parallel,all-cells,lat-lon-metres,50,50,168,145,0.0,0.0,0.0,0.9999999999999993
basis-projected,axis-parallel,all-cells,lat-lon-metres,50,50,168,146,0.0,0.0,0.0,0.9999999999999993
basis-projected,axis-parallel,all-cells,lat-lon-metres,50,50,168,147,0.0,0.0,0.0,0.9999999999999993
basis-projected,axis-parallel,all-cells,lat-lon-metres,50,50,168,148,0.0,0.0,0.0,0.9999999999999993
basis-projected,axis-parallel,all-cells,lat-lon-metres,50,50,168,149,0.0,0.0,0.0,0.9999999999999993
basis-projected,axis-parallel,all-cells,lat-lon-metres,50,50,168,150,0.0,0.0,0.0,0.9999999999999993
basis-projected,axis-parallel,all-cells,lat-lon-metres,50,50,168,151,0.0,0.0,0.0,0.9999999999999993
basis-projected,axis-parallel,all-cells,lat-lon-metres,50,50,168,152,0.0,0.0,0.0,0.9999999999999993
basis-projected,axis-parallel,all-cells,lat-lon-metres,50,50,168,153,0.0,0.0,0.0,0.9999999999999993
basis-projected,axis-parallel,all-cells,lat-lon-metres,50,50,168,154,0.0,0.0,0.0,0.9999999999999993
basis-projected,axis-parallel,all-cells,lat-lon-metres,50,50,168,155,0.0,0.0,0.0,0.9999999999999993
basis-projected,axis-parallel,all-cells,lat-lon-metres,50,50,168,156,0.0,0.0,0.0,0.9999999999999993
basis-projected,axis-parallel,all-cells,lat-lon-metres,50,50,168,157,0.0,0.0,0.0,0.9999999999999993
basis-projected,axis-parallel,all-cells,lat-lon-metres,50,50,168,158,0.0,0.0,0.0,0.9999999999999993
basis-projected,axis-parallel,all-cells,lat-lon-metres,50,50,168,159,0.0,0.0,0.0,0.9999999999999993
basis-projected,axis-parallel,all-cells,lat-lon-metres,50,50,168,160,0.0,0.0,0.0,0.9999999999999993
basis-projected,axis-parallel,all-cells,lat-lon-metres,50,50,168,161,0.0,0.0,0.0,0.9999999999999993
basis-projected,axis-parallel,all-cells,lat-lon-metres,50,50,168,162,0.0,0.0,0.0,0.9999999999999993
basis-projected,axis-parallel,all-cells,lat-lon-metres,50,50,168,163,0.0,0.0,0.0,0.9999999999999993
basis-projected,axis-parallel,all-cells,lat-lon-metres,50,50,168,164,0.0,0.0,0.0,0.9999999999999993
basis-projected,axis-parallel,all-cells,lat-lon-metres,50,50,168,165,0.0,0.0,0.0,0.9999999999999993
basis-projected,axis-parallel,all-cells,lat-lon-metres,50,50,168,166,0.0,0.0,0.0,0.9999999999999993
basis-projected,axis-parallel,all-cells,lat-lon-metres,50,50,168,167,0.0,0.0,0.0,0.9999999999999993
basis-projected,axis-parallel,all-cells,lat-lon-metres,50,50,168,168,0.0,0.0,0.0,0.9999999999999993
basis-projected,axis-parallel,all-cells,lat-lon-metres,100,100,168,1,6.949855815422203e-08,1.0,0.4635429934404059,0.4635429934404059
basis-projected,axis-parallel,all-cells,lat-lon-metres,100,100,168,2,3.8658810387820025e-08,0.5562534161073313,0.14342848240700407,0.60697147584741
basis-projected,axis-parallel,all-cells,lat-lon-metres,100,100,168,3,3.31810511043206e-08,0.4774351006058225,0.10566197170575856,0.7126334475531685
basis-projected,axis-parallel,all-cells,lat-lon-metres,100,100,168,4,2.5476446153158568e-08,0.36657517551118973,0.062289683381030116,0.7749231309341986
basis-projected,axis-parallel,all-cells,lat-lon-metres,100,100,168,5,2.3356322125947242e-08,0.3360691609474541,0.05235369570147919,0.8272768266356778
basis-projected,axis-parallel,all-cells,lat-lon-metres,100,100,168,6,1.766881125444919e-08,0.25423277437268404,0.029960778553563574,0.8572376051892414
basis-projected,axis-parallel,all-cells,lat-lon-metres,100,100,168,7,1.515043504423714e-08,0.21799639368945312,0.022028688373816475,0.8792662935630579
basis-projected,axis-parallel,all-cells,lat-lon-metres,100,100,168,8,1.3141317802363032e-08,0.1890876321952112,0.016573577676071566,0.8958398712391294
basis-projected,axis-parallel,all-cells,lat-lon-metres,100,100,168,9,1.22196959521185e-08,0.17582661103561548,0.014330430320310514,0.9101703015594399
basis-projected,axis-parallel,all-cells,lat-lon-metres,100,100,168,10,1.1425642930589817e-08,0.16440115067186772,0.012528518737083253,0.9226988202965232
basis-projected,axis-parallel,all-cells,lat-lon-metres,100,100,168,11,1.036759846635998e-08,0.1491771734796796,0.010315606550678277,0.9330144268472015
basis-projected,axis-parallel,all-cells,lat-lon-metres,100,100,168,12,8.969153389316587e-09,0.12905524413058217,0.007720427240187429,0.9407348540873889
basis-projected,axis-parallel,all-cells,lat-lon-metres,100,100,168,13,8.820211525754679e-09,0.12691215127344121,0.007466145216479967,0.9482009993038689
basis-projected,axis-parallel,all-cells,lat-lon-metres,100,100,168,14,8.150765514342433e-09,0.11727963472645474,0.006375808000271003,0.9545768073041399
basis-projected,axis-parallel,all-cells,lat-lon-metres,100,100,168,15,7.795696495878462e-09,0.11217062199447765,0.005832413105452494,0.9604092204095923
basis-projected,axis-parallel,all-cells,lat-lon-metres,100,100,168,16,7.129339732788804e-09,0.1025825559858136,0.004877946725108313,0.9652871671347006
basis-projected,axis-parallel,all-cells,lat-lon-metres,100,100,168,17,6.6467582498589175e-09,0.09563879347121573,0.004239925232997898,0.9695270923676985
basis-projected,axis-parallel,all-cells,lat-lon-metres,100,100,168,18,6.2469024319660796e-09,0.08988535298968041,0.003745138452343723,0.9732722308200423
basis-projected,axis-parallel,all-cells,lat-lon-metres,100,100,168,19,5.838439727115913e-09,0.0840080698388018,0.0032713878323979303,0.9765436186524403
basis-projected,axis-parallel,all-cells,lat-lon-metres,100,100,168,20,5.6322504975544075e-09,0.08104125678486826,0.0030444045045256926,0.979588023156966
basis-projected,axis-parallel,all-cells,lat-lon-metres,100,100,168,21,4.995698291517947e-09,0.07188204222067676,0.002395139623443453,0.9819831627804094
basis-projected,axis-parallel,all-cells,lat-lon-metres,100,100,168,22,4.6844724054441355e-09,0.06740387901356129,0.0021060069583285434,0.984089169738738
basis-projected,axis-parallel,all-cells,lat-lon-metres,100,100,168,23,4.344789990884036e-09,0.06251626085886057,0.0018116571415935697,0.9859008268803316
basis-projected,axis-parallel,all-cells,lat-lon-metres,100,100,168,24,4.1375880454285745e-09,0.059534876050910075,0.0016429824656883345,0.9875438093460199
basis-projected,axis-parallel,all-cells,lat-lon-metres,100,100,168,25,3.91300553207037e-09,0.05630340594098577,0.0014694653691444308,0.9890132747151643
basis-projected,axis-parallel,all-cells,lat-lon-metres,100,100,168,26,3.792097640146514e-09,0.05456368795064196,0.0013800583657268687,0.9903933330808912
basis-projected,axis-parallel,all-cells,lat-lon-metres,100,100,168,27,3.544779693067855e-09,0.05100508251123351,0.0012059156460847815,0.9915992487269759
basis-projected,axis-parallel,all-cells,lat-lon-metres,100,100,168,28,3.2625854530847813e-09,0.04694464949682671,0.0010215561028910597,0.9926208048298669
basis-projected,axis-parallel,all-cells,lat-lon-metres,100,100,168,29,3.0302732675013442e-09,0.0436019587741225,0.000881255866097957,0.9935020606959648
basis-projected,axis-parallel,all-cells,lat-lon-metres,100,100,168,30,2.8061868270593166e-09,0.0403776265520818,0.0007557385829642082,0.9942577992789291
basis-projected,axis-parallel,all-cells,lat-lon-metres,100,100,168,31,2.6022619321649515e-09,0.03744339452899663,0.0006498908895899066,0.9949076901685189
basis-projected,axis-parallel,all-cells,lat-lon-metres,100,100,168,32,2.506415697599058e-09,0.03606428340624205,0.0006028990998477587,0.9955105892683668
basis-projected,axis-parallel,all-cells,lat-lon-metres,100,100,168,33,2.4656427518950094e-09,0.035477610145862024,0.0005834434049992586,0.9960940326733659
basis-projected,axis-parallel,all-cells,lat-lon-metres,100,100,168,34,2.1022998356534113e-09,0.030249546055160812,0.00042415807994213017,0.9965181907533082
basis-projected,axis-parallel,all-cells,lat-lon-metres,100,100,168,35,1.942721440597092e-09,0.027953406404289147,0.00036220921764150687,0.9968803999709496
basis-projected,axis-parallel,all-cells,lat-lon-metres,100,100,168,36,1.896158129905254e-09,0.02728341681128909,0.00034505437371342194,0.997225454344663
basis-projected,axis-parallel,all-cells,lat-lon-metres,100,100,168,37,1.850845583646126e-09,0.026631424202196736,0.00032875987431599935,0.9975542142189792
basis-projected,axis-parallel,all-cells,lat-lon-metres,100,100,168,38,1.7098017360777336e-09,0.024601974220581198,0.00028056270441407827,0.9978347769233933
basis-projected,axis-parallel,all-cells,lat-lon-metres,100,100,168,39,1.5978754641628662e-09,0.022991490853911986,0.0002450328367608021,0.9980798097601541
basis-projected,axis-parallel,all-cells,lat-lon-metres,100,100,168,40,1.5029988329499188e-09,0.021626331147973778,0.00021679822315490724,0.9982966079833091
basis-projected,axis-parallel,all-cells,lat-lon-metres,100,100,168,41,1.4244586129379996e-09,0.020496232594883895,0.00019473234904850863,0.9984913403323576
basis-projected,axis-parallel,all-cells,lat-lon-metres,100,100,168,42,1.2725977377368047e-09,0.018311138698918383,0.00015542494611505266,0.9986467652784727
basis-projected,axis-parallel,all-cells,lat-lon-metres,100,100,168,43,1.2014079083842304e-09,0.017286803356671435,0.00013852220771374277,0.9987852874861866
basis-projected,axis-parallel,all-cells,lat-lon-metres,100,100,168,44,1.1481596013339315e-09,0.016520624770172746,0.00012651527258086118,0.9989118027587673
basis-projected,axis-parallel,all-cells,lat-lon-metres,100,100,168,45,9.988097332758437e-10,0.014371661222948208,9.57423236283262e-05,0.9990075450823956
basis-projected,axis-parallel,all-cells,lat-lon-metres,100,100,168,46,9.499577530451066e-10,0.013668740449795888,8.660580740823888e-05,0.9990941508898038
basis-projected,axis-parallel,all-cells,lat-lon-metres,100,100,168,47,9.016901322921306e-10,0.012974227901120176,7.802846540477389e-05,0.9991721793552085
basis-projected,axis-parallel,all-cells,lat-lon-metres,100,100,168,48,8.610577785647275e-10,0.012389577588846975,7.115460638003576e-05,0.9992433339615887
basis-projected,axis-parallel,all-cells,lat-lon-metres,100,100,168,49,7.966292562337453e-10,0.011462529258031092,6.0904717825378245e-05,0.999304238679414
basis-projected,axis-parallel,all-cells,lat-lon-metres,100,100,168,50,7.857440255655502e-10,0.011305903984683117,5.925167155671103e-05,0.9993634903509707
basis-projected,axis-parallel,all-cells,lat-lon-metres,100,100,168,51,7.633947711054329e-10,0.010984325306597124,5.5928966422327524e-05,0.999419419317393
basis-projected,axis-parallel,all-cells,lat-lon-metres,100,100,168,52,7.35456913462011e-10,0.010582333403665468,5.1910223807415996e-05,0.9994713295412004
basis-projected,axis-parallel,all-cells,lat-lon-metres,100,100,168,53,7.045325708543672e-10,0.01013736960256012,4.763658092488551e-05,0.9995189661221253
basis-projected,axis-parallel,all-cells,lat-lon-metres,100,100,168,54,6.816027351764996e-10,0.009807437064578761,4.458626375242096e-05,0.9995635523858778
basis-projected,axis-parallel,all-cells,lat-lon-metres,100,100,168,55,6.426212523135966e-10,0.009246540782724962,3.963223824836888e-05,0.9996031846241261
basis-projected,axis-parallel,all-cells,lat-lon-metres,100,100,168,56,6.190256498944067e-10,0.0089070286684329,3.677525741254302e-05,0.9996399598815386
basis-projected,axis-parallel,all-cells,lat-lon-metres,100,100,168,57,6.138042831299458e-10,0.008831899530460364,3.6157488851689854e-05,0.9996761173703902
basis-projected,axis-parallel,all-cells,lat-lon-metres,100,100,168,58,5.732437005645978e-10,0.00824828191820226,3.1536755680464436e-05,0.9997076541260708
basis-projected,axis-parallel,all-cells,lat-lon-metres,100,100,168,59,5.287123786222751e-10,0.007607530179964689,2.6827326130541154e-05,0.9997344814522012
basis-projected,axis-parallel,all-cells,lat-lon-metres,100,100,168,60,5.232820203551121e-10,0.007529393907624871,2.627907398194622e-05,0.9997607605261832
basis-projected,axis-parallel,all-cells,lat-lon-metres,100,100,168,61,4.980883589291052e-10,0.007166887661522607,2.3809551529019742e-05,0.9997845700777122
basis-projected,axis-parallel,all-cells,lat-lon-metres,100,100,168,62,4.780954113571073e-10,0.006879213383048624,2.1936512436047976e-05,0.9998065065901481
basis-projected,axis-parallel,all-cells,lat-lon-metres,100,100,168,63,4.52871030368609e-10,0.006516265119682877,1.9682828674529145e-05,0.9998261894188227
basis-projected,axis-parallel,all-cells,lat-lon-metres,100,100,168,64,4.06241021218226e-10,0.005845315816721686,1.5838205815914475e-05,0.9998420276246387
basis-projected,axis-parallel,all-cells,lat-lon-metres,100,100,168,65,4.0019418757879545e-10,0.00575830921111683,1.537021650585097e-05,0.9998573978411445
basis-projected,axis-parallel,all-cells,lat-lon-metres,100,100,168,66,3.80835869186785e-10,0.005479766477193444,1.3919195138936882e-05,0.9998713170362834
basis-projected,axis-parallel,all-cells,lat-lon-metres,100,100,168,67,3.6315469098193937e-10,0.005225355757396785,1.2656736791429858e-05,0.9998839737730748
basis-projected,axis-parallel,all-cells,lat-lon-metres,100,100,168,68,3.539916337885135e-10,0.0050935104725911284,1.2026089396415375e-05,0.9998959998624712
basis-projected,axis-parallel,all-cells,lat-lon-metres,100,100,168,69,3.447294123121784e-10,0.004960238333969466,1.140499527592728e-05,0.9999074048577472
basis-projected,axis-parallel,all-cells,lat-lon-metres,100,100,168,70,3.0409693205544005e-10,0.004375586201092521,8.874880400438718e-06,0.9999162797381477
basis-projected,axis-parallel,all-cells,lat-lon-metres,100,100,168,71,2.961895441466081e-10,0.004261808475067113,8.419336710475897e-06,0.9999246990748581
basis-projected,axis-parallel,all-cells,lat-lon-metres,100,100,168,72,2.9208602094496263e-10,0.004202763750822051,8.187663330542919e-06,0.9999328867381888
basis-projected,axis-parallel,all-cells,lat-lon-metres,100,100,168,73,2.7024206528636655e-10,0.0038884557099253918,7.008810763625923e-06,0.9999398955489524
basis-projected,axis-parallel,all-cells,lat-lon-metres,100,100,168,74,2.644544792714256e-10,0.0038051793633557558,6.71181977790803e-06,0.9999466073687302
basis-projected,axis-parallel,all-cells,lat-lon-metres,100,100,168,75,2.613317570641273e-10,0.0037602471764121253,6.554247070626552e-06,0.9999531616158007
basis-projected,axis-parallel,all-cells,lat-lon-metres,100,100,168,76,2.455835175101779e-10,0.003533649100535458,5.7881111552679254e-06,0.999958949726956
basis-projected,axis-parallel,all-cells,lat-lon-metres,100,100,168,77,2.335432519362914e-10,0.003360404275122414,5.234474375116324e-06,0.9999641842013312
basis-projected,axis-parallel,all-cells,lat-lon-metres,100,100,168,78,2.207658025405456e-10,0.0031765522681873664,4.677373303491899e-06,0.9999688615746347
basis-projected,axis-parallel,all-cells,lat-lon-metres,100,100,168,79,2.1001268827811868e-10,0.0030218279897560787,4.232817071459175e-06,0.9999730943917061
basis-projected,axis-parallel,all-cells,lat-lon-metres,100,100,168,80,1.9383010955612942e-10,0.0027889802997927986,3.6056279713597084e-06,0.9999767000196775
basis-projected,axis-parallel,all-cells,lat-lon-metres,100,100,168,81,1.870161305012069e-10,0.0026909354016554613,3.356576622416151e-06,0.9999800565963001
basis-projected,axis-parallel,all-cells,lat-lon-metres,100,100,168,82,1.811022820999324e-10,0.002605842292412083,3.1476488567919397e-06,0.9999832042451569
basis-projected,axis-parallel,all-cells,lat-lon-metres,100,100,168,83,1.7603608307172024e-10,0.0025329458300571385,2.974005894846498e-06,0.9999861782510517
basis-projected,axis-parallel,all-cells,lat-lon-metres,100,100,168,84,1.727464633343158e-10,0.0024856121899821237,2.863892823986119e-06,0.9999890421438757
basis-projected,axis-parallel,all-cells,lat-lon-metres,100,100,168,85,1.6128285232795507e-10,0.002320664724727921,2.4964037289087693e-06,0.9999915385476046
basis-projected,axis-parallel,all-cells,lat-lon-metres,100,100,168,86,1.4849737116605593e-10,0.0021366971504146915,2.116293814750567e-06,0.9999936548414193
basis-projected,axis-parallel,all-cells,lat-lon-metres,100,100,168,87,1.334779349096659e-10,0.0019205856704749078,1.709847546447767e-06,0.9999953646889658
basis-projected,axis-parallel,all-cells,lat-lon-metres,100,100,168,88,1.156305352709749e-10,0.0016637832257524376,1.2831679507844758e-06,0.9999966478569166
basis-projected,axis-parallel,all-cells,lat-lon-metres,100,100,168,89,1.0512264633171656e-10,0.0015125874424393418,1.0605496429554976e-06,0.9999977084065595
basis-projected,axis-parallel,all-cells,lat-lon-metres,100,100,168,90,9.934315537275017e-11,0.001429427573911691,9.471403350430281e-07,0.9999986555468946
basis-projected,axis-parallel,all-cells,lat-lon-metres,100,100,168,91,8.386986906711436e-11,0.001206785741957429,6.750724145262876e-07,0.999999330619309
basis-projected,axis-parallel,all-cells,lat-lon-metres,100,100,168,92,6.219683666909447e-11,0.0008949370795732978,3.7125732043769233e-07,0.9999997018766296
basis-projected,axis-parallel,all-cells,lat-lon-metres,100,100,168,93,3.709907276885206e-11,0.0005338106826119571,1.320883582436912e-07,0.9999998339649877
basis-projected,axis-parallel,all-cells,lat-lon-metres,100,100,168,94,3.320945077533907e-11,0.0004778437374433731,1.0584292133294635e-07,0.9999999398079091
basis-projected,axis-parallel,all-cells,lat-lon-metres,100,100,168,95,2.2329260507992247e-11,0.00032129098935321937,4.785056969820091e-08,0.9999999876584789
basis-projected,axis-parallel,all-cells,lat-lon-metres,100,100,168,96,9.367436922528478e-12,0.00013478606134161082,8.421316434845082e-09,0.9999999960797953
basis-projected,axis-parallel,all-cells,lat-lon-metres,100,100,168,97,4.7664569234282535e-12,6.858353683901126e-05,2.1803678853100223e-09,0.9999999982601633
basis-projected,axis-parallel,all-cells,lat-lon-metres,100,100,168,98,4.167483771132611e-12,5.9965039301746095e-05,1.666810648544515e-09,0.999999999926974
basis-projected,axis-parallel,all-cells,lat-lon-metres,100,100,168,99,8.721745124973747e-13,1.2549533913523213e-05,7.300375754191768e-11,0.9999999999999778
basis-projected,axis-parallel,all-cells,lat-lon-metres,100,100,168,100,1.5194762011491268e-14,2.1863420501146306e-07,2.2157779506877172e-14,0.9999999999999999
basis-projected,axis-parallel,all-cells,lat-lon-metres,100,100,168,101,6.278356546709382e-16,9.033793956958475e-09,3.782948098482257e-17,0.9999999999999999
basis-projected,axis-parallel,all-cells,lat-lon-metres,100,100,168,102,4.887221316626295e-16,7.03211900566515e-09,2.2922524444134478e-17,0.9999999999999999
basis-projected,axis-parallel,all-cells,lat-lon-metres,100,100,168,103,4.620358833111746e-16,6.6481362431417e-09,2.04875413495157e-17,0.9999999999999999
basis-projected,axis-parallel,all-cells,lat-lon-metres,100,100,168,104,4.479184300700217e-16,6.445003205333559e-09,1.9254679602196955e-17,0.9999999999999999
basis-projected,axis-parallel,all-cells,lat-lon-metres,100,100,168,105,4.240708235245313e-16,6.101865057164053e-09,1.7258983715328476e-17,0.9999999999999999
basis-projected,axis-parallel,all-cells,lat-lon-metres,100,100,168,106,3.9643193865868803e-16,5.7041750100624905e-09,1.5082582318708748e-17,0.9999999999999999
basis-projected,axis-parallel,all-cells,lat-lon-metres,100,100,168,107,3.86525547245194e-16,5.561634046960621e-09,1.433820677506725e-17,0.9999999999999999
basis-projected,axis-parallel,all-cells,lat-lon-metres,100,100,168,108,3.576337270767448e-16,5.14591577976526e-09,1.2274826695579738e-17,0.9999999999999999
basis-projected,axis-parallel,all-cells,lat-lon-metres,100,100,168,109,3.431479569586019e-16,4.937483108601091e-09,1.1300593859900343e-17,0.9999999999999999
basis-projected,axis-parallel,all-cells,lat-lon-metres,100,100,168,110,3.265695367110562e-16,4.698939738956543e-09,1.023504536635966e-17,0.9999999999999999
basis-projected,axis-parallel,all-cells,lat-lon-metres,100,100,168,111,2.993182677731433e-16,4.306827015158152e-09,8.598147242954955e-18,0.9999999999999999
basis-projected,axis-parallel,all-cells,lat-lon-metres,100,100,168,112,2.767788106328166e-16,3.982511551083197e-09,7.351976484053062e-18,0.9999999999999999
basis-projected,axis-parallel,all-cells,lat-lon-metres,100,100,168,113,2.718642636251828e-16,3.911797177459387e-09,7.093207734919807e-18,0.9999999999999999
basis-projected,axis-parallel,all-cells,lat-lon-metres,100,100,168,114,2.6119924055044424e-16,3.758340424427588e-09,6.547601680341414e-18,0.9999999999999999
basis-projected,axis-parallel,all-cells,lat-lon-metres,100,100,168,115,2.5059708641476543e-16,3.6057882792139865e-09,6.0268511627846016e-18,0.9999999999999999
basis-projected,axis-parallel,all-cells,lat-lon-metres,100,100,168,116,2.365318761601643e-16,3.403406954649102e-09,5.3693014203768234e-18,0.9999999999999999
basis-projected,axis-parallel,all-cells,lat-lon-metres,100,100,168,117,2.19160535491053e-16,3.1534544213812443e-09,4.60959890269782e-18,0.9999999999999999
basis-projected,axis-parallel,all-cells,lat-lon-metres,100,100,168,118,2.0350420088841243e-16,2.928178746339208e-09,3.974524597812275e-18,0.9999999999999999
basis-projected,axis-parallel,all-cells,lat-lon-metres,100,100,168,119,1.8684410394336294e-16,2.688460148032757e-09,3.3504043767252587e-18,0.9999999999999999
basis-projected,axis-parallel,all-cells,lat-lon-metres,100,100,168,120,1.6936254057986798e-16,2.4369216438136883e-09,2.752790440254104e-18,0.9999999999999999
basis-projected,axis-parallel,all-cells,lat-lon-metres,100,100,168,121,1.5237560634696912e-16,2.19250025315399e-09,2.228277758331363e-18,0.9999999999999999
basis-projected,axis-parallel,all-cells,lat-lon-metres,100,100,168,122,1.4696318249724746e-16,2.1146220353395845e-09,2.072791064912414e-18,0.9999999999999999
basis-projected,axis-parallel,all-cells,lat-lon-metres,100,100,168,123,1.250208882475681e-16,1.7988990213313237e-09,1.5000425972203702e-18,0.9999999999999999
basis-projected,axis-parallel,all-cells,lat-lon-metres,100,100,168,124,1.2040910420113366e-16,1.7325410396851351e-09,1.3914162868621777e-18,0.9999999999999999
basis-projected,axis-parallel,all-cells,lat-lon-metres,100,100,168,125,1.0588480461010738e-16,1.523553976114753e-09,1.075983745948247e-18,0.9999999999999999
basis-projected,axis-parallel,all-cells,lat-lon-metres,100,100,168,126,8.829204734343711e-17,1.2704155264273403e-09,7.481378146409059e-19,0.9999999999999999
basis-projected,axis-parallel,all-cells,lat-lon-metres,100,100,168,127,8.281655826966518e-17,1.1916298764916762e-09,6.582225968420831e-19,0.9999999999999999
basis-projected,axis-parallel,all-cells,lat-lon-metres,100,100,168,128,7.336440888052574e-17,1.0556249054509178e-09,5.165463261371476e-19,0.9999999999999999
basis-projected,axis-parallel,all-cells,lat-lon-metres,100,100,168,129,6.883054036649142e-17,9.903880338603825e-10,4.546747010135906e-19,0.9999999999999999
basis-projected,axis-parallel,all-cells,lat-lon-metres,100,100,168,130,5.925588929027837e-17,8.526204120492043e-10,3.369779409032196e-19,0.9999999999999999
basis-projected,axis-parallel,all-cells,lat-lon-metres,100,100,168,131,5.372795634526831e-17,7.730801583831756e-10,2.770378288066325e-19,0.9999999999999999
basis-projected,axis-parallel,all-cells,lat-lon-metres,100,100,168,132,4.824763074746632e-17,6.942249167299492e-10,2.234037275392553e-19,0.9999999999999999
basis-projected,axis-parallel,all-cells,lat-lon-metres,100,100,168,133,3.300326057524793e-17,4.748769104246947e-10,1.0453269047346323e-19,0.9999999999999999
basis-projected,axis-parallel,all-cells,lat-lon-metres,100,100,168,134,0.0,0.0,0.0,0.9999999999999999
basis-projected,axis-parallel,all-cells,lat-lon-metres,100,100,168,135,0.0,0.0,0.0,0.9999999999999999
basis-projected,axis-parallel,all-cells,lat-lon-metres,100,100,168,136,0.0,0.0,0.0,0.9999999999999999
basis-projected,axis-parallel,all-cells,lat-lon-metres,100,100,168,137,0.0,0.0,0.0,0.9999999999999999
basis-projected,axis-parallel,all-cells,lat-lon-metres,100,100,168,138,0.0,0.0,0.0,0.9999999999999999
basis-projected,axis-parallel,all-cells,lat-lon-metres,100,100,168,139,0.0,0.0,0.0,0.9999999999999999
basis-projected,axis-parallel,all-cells,lat-lon-metres,100,100,168,140,0.0,0.0,0.0,0.9999999999999999
basis-projected,axis-parallel,all-cells,lat-lon-metres,100,100,168,141,0.0,0.0,0.0,0.9999999999999999
basis-projected,axis-parallel,all-cells,lat-lon-metres,100,100,168,142,0.0,0.0,0.0,0.9999999999999999
basis-projected,axis-parallel,all-cells,lat-lon-metres,100,100,168,143,0.0,0.0,0.0,0.9999999999999999
basis-projected,axis-parallel,all-cells,lat-lon-metres,100,100,168,144,0.0,0.0,0.0,0.9999999999999999
basis-projected,axis-parallel,all-cells,lat-lon-metres,100,100,168,145,0.0,0.0,0.0,0.9999999999999999
basis-projected,axis-parallel,all-cells,lat-lon-metres,100,100,168,146,0.0,0.0,0.0,0.9999999999999999
basis-projected,axis-parallel,all-cells,lat-lon-metres,100,100,168,147,0.0,0.0,0.0,0.9999999999999999
basis-projected,axis-parallel,all-cells,lat-lon-metres,100,100,168,148,0.0,0.0,0.0,0.9999999999999999
basis-projected,axis-parallel,all-cells,lat-lon-metres,100,100,168,149,0.0,0.0,0.0,0.9999999999999999
basis-projected,axis-parallel,all-cells,lat-lon-metres,100,100,168,150,0.0,0.0,0.0,0.9999999999999999
basis-projected,axis-parallel,all-cells,lat-lon-metres,100,100,168,151,0.0,0.0,0.0,0.9999999999999999
basis-projected,axis-parallel,all-cells,lat-lon-metres,100,100,168,152,0.0,0.0,0.0,0.9999999999999999
basis-projected,axis-parallel,all-cells,lat-lon-metres,100,100,168,153,0.0,0.0,0.0,0.9999999999999999
basis-projected,axis-parallel,all-cells,lat-lon-metres,100,100,168,154,0.0,0.0,0.0,0.9999999999999999
basis-projected,axis-parallel,all-cells,lat-lon-metres,100,100,168,155,0.0,0.0,0.0,0.9999999999999999
basis-projected,axis-parallel,all-cells,lat-lon-metres,100,100,168,156,0.0,0.0,0.0,0.9999999999999999
basis-projected,axis-parallel,all-cells,lat-lon-metres,100,100,168,157,0.0,0.0,0.0,0.9999999999999999
basis-projected,axis-parallel,all-cells,lat-lon-metres,100,100,168,158,0.0,0.0,0.0,0.9999999999999999
basis-projected,axis-parallel,all-cells,lat-lon-metres,100,100,168,159,0.0,0.0,0.0,0.9999999999999999
basis-projected,axis-parallel,all-cells,lat-lon-metres,100,100,168,160,0.0,0.0,0.0,0.9999999999999999
basis-projected,axis-parallel,all-cells,lat-lon-metres,100,100,168,161,0.0,0.0,0.0,0.9999999999999999
basis-projected,axis-parallel,all-cells,lat-lon-metres,100,100,168,162,0.0,0.0,0.0,0.9999999999999999
basis-projected,axis-parallel,all-cells,lat-lon-metres,100,100,168,163,0.0,0.0,0.0,0.9999999999999999
basis-projected,axis-parallel,all-cells,lat-lon-metres,100,100,168,164,0.0,0.0,0.0,0.9999999999999999
basis-projected,axis-parallel,all-cells,lat-lon-metres,100,100,168,165,0.0,0.0,0.0,0.9999999999999999
basis-projected,axis-parallel,all-cells,lat-lon-metres,100,100,168,166,0.0,0.0,0.0,0.9999999999999999
basis-projected,axis-parallel,all-cells,lat-lon-metres,100,100,168,167,0.0,0.0,0.0,0.9999999999999999
basis-projected,axis-parallel,all-cells,lat-lon-metres,100,100,168,168,0.0,0.0,0.0,0.9999999999999999
basis-projected,axis-parallel,all-cells,lat-lon-metres,250,250,168,1,6.171807991206653e-08,1.0,0.5403260873380478,0.5403260873380478
basis-projected,axis-parallel,all-cells,lat-lon-metres,250,250,168,2,3.011901021816807e-08,0.48800951457142605,0.12868043337978988,0.6690065207178376
basis-projected,axis-parallel,all-cells,lat-lon-metres,250,250,168,3,2.2618987672296305e-08,0.3664888425648196,0.0725733968493416,0.7415799175671792
basis-projected,axis-parallel,all-cells,lat-lon-metres,250,250,168,4,1.966206990875949e-08,0.31857876876230157,0.05483900862624841,0.7964189261934277
basis-projected,axis-parallel,all-cells,lat-lon-metres,250,250,168,5,1.5792775660242117e-08,0.25588572558872597,0.03537920384760113,0.8317981300410288
basis-projected,axis-parallel,all-cells,lat-lon-metres,250,250,168,6,1.4304721741251994e-08,0.23177522310533305,0.029026184516181816,0.8608243145572106
basis-projected,axis-parallel,all-cells,lat-lon-metres,250,250,168,7,1.287423403793978e-08,0.2085974491799239,0.0235111527387239,0.8843354672959346
basis-projected,axis-parallel,all-cells,lat-lon-metres,250,250,168,8,1.0740097925747676e-08,0.1740186658601457,0.016362422615114492,0.900697889911049
basis-projected,axis-parallel,all-cells,lat-lon-metres,250,250,168,9,9.975811610852384e-09,0.1616351582075386,0.014116518492270507,0.9148144084033196
basis-projected,axis-parallel,all-cells,lat-lon-metres,250,250,168,10,9.012767639196827e-09,0.14603123836706944,0.011522520045126052,0.9263369284484456
basis-projected,axis-parallel,all-cells,lat-lon-metres,250,250,168,11,7.587769480723766e-09,0.12294240993132838,0.008166940282938656,0.9345038687313844
basis-projected,axis-parallel,all-cells,lat-lon-metres,250,250,168,12,7.042959814860499e-09,0.11411501823930734,0.007036254576114219,0.9415401233074986
basis-projected,axis-parallel,all-cells,lat-lon-metres,250,250,168,13,6.474059644841797e-09,0.10489729515347497,0.005945447049762368,0.947485570357261
basis-projected,axis-parallel,all-cells,lat-lon-metres,250,250,168,14,6.1025662766484365e-09,0.0988780967480377,0.0052827022450445465,0.9527682726023056
basis-projected,axis-parallel,all-cells,lat-lon-metres,250,250,168,15,5.981702828601118e-09,0.09691978164459443,0.005075522883152568,0.9578437954854581
basis-projected,axis-parallel,all-cells,lat-lon-metres,250,250,168,16,5.4679455258306855e-09,0.08859552231082363,0.004241109463538784,0.9620849049489969
basis-projected,axis-parallel,all-cells,lat-lon-metres,250,250,168,17,5.2110141307604885e-09,0.08443253805343483,0.0038519055092134727,0.9659368104582103
basis-projected,axis-parallel,all-cells,lat-lon-metres,250,250,168,18,4.85594761378929e-09,0.07867949911448723,0.0033448689654799403,0.9692816794236903
basis-projected,axis-parallel,all-cells,lat-lon-metres,250,250,168,19,4.828357302458169e-09,0.07823246136849074,0.003306967484565558,0.9725886469082557
basis-projected,axis-parallel,all-cells,lat-lon-metres,250,250,168,20,4.3558863067548905e-09,0.07057715199437482,0.002691436852015644,0.9752800837602714
basis-projected,axis-parallel,all-cells,lat-lon-metres,250,250,168,21,4.171178817841323e-09,0.06758439056730625,0.0024680203708914487,0.9777481041311629
basis-projected,axis-parallel,all-cells,lat-lon-metres,250,250,168,22,4.112940421465391e-09,0.06664077086204473,0.002399584015558072,0.9801476881467209
basis-projected,axis-parallel,all-cells,lat-lon-metres,250,250,168,23,3.81305264691568e-09,0.061781776950099,0.0020624181715246147,0.9822101063182456
basis-projected,axis-parallel,all-cells,lat-lon-metres,250,250,168,24,3.5288918611378033e-09,0.05717760283802783,0.0017664763340509496,0.9839765826522966
basis-projected,axis-parallel,all-cells,lat-lon-metres,250,250,168,25,3.147630384977396e-09,0.05100013463578282,0.0014053955733930824,0.9853819782256896
basis-projected,axis-parallel,all-cells,lat-lon-metres,250,250,168,26,3.106140341110289e-09,0.05032788358833902,0.001368589713170611,0.9867505679388602
basis-projected,axis-parallel,all-cells,lat-lon-metres,250,250,168,27,2.9340326702795525e-09,0.04753927332897987,0.0012211275063499058,0.9879716954452101
basis-projected,axis-parallel,all-cells,lat-lon-metres,250,250,168,28,2.7976068318930723e-09,0.04532880536593153,0.0011102083336351546,0.9890819037788452
basis-projected,axis-parallel,all-cells,lat-lon-metres,250,250,168,29,2.545817151483033e-09,0.0412491308075399,0.0009193598624870691,0.9900012636413323
basis-projected,axis-parallel,all-cells,lat-lon-metres,250,250,168,30,2.525701292719253e-09,0.04092319943066557,0.0009048885570424788,0.9909061521983749
basis-projected,axis-parallel,all-cells,lat-lon-metres,250,250,168,31,2.3824442997042817e-09,0.03860204826687243,0.0008051496990694103,0.9917113018974443
basis-projected,axis-parallel,all-cells,lat-lon-metres,250,250,168,32,2.236656541263665e-09,0.03623989185098377,0.0007096263313462044,0.9924209282287905
basis-projected,axis-parallel,all-cells,lat-lon-metres,250,250,168,33,2.1247471652282206e-09,0.034426656957822994,0.000640391620005297,0.9930613198487956
basis-projected,axis-parallel,all-cells,lat-lon-metres,250,250,168,34,2.112957256797551e-09,0.03423562851935784,0.0006333044603421774,0.9936946243091379
basis-projected,axis-parallel,all-cells,lat-lon-metres,250,250,168,35,1.922199978790687e-09,0.03114484412880895,0.0005241170156831895,0.994218741324821
basis-projected,axis-parallel,all-cells,lat-lon-metres,250,250,168,36,1.8224213270823027e-09,0.02952815981441445,0.0004711169194293158,0.9946898582442504
basis-projected,axis-parallel,all-cells,lat-lon-metres,250,250,168,37,1.7158994705055589e-09,0.02780221732351856,0.0004176522291172705,0.9951075104733678
basis-projected,axis-parallel,all-cells,lat-lon-metres,250,250,168,38,1.6328783231912275e-09,0.026457049952261762,0.00037821501892023853,0.995485725492288
basis-projected,axis-parallel,all-cells,lat-lon-metres,250,250,168,39,1.611064299002527e-09,0.02610360369761839,0.0003681771833423096,0.9958539026756302
basis-projected,axis-parallel,all-cells,lat-lon-metres,250,250,168,40,1.5234525585269425e-09,0.02468405628784138,0.00032922210867776796,0.996183124784308
basis-projected,axis-parallel,all-cells,lat-lon-metres,250,250,168,41,1.484207584325273e-09,0.02404818144763922,0.0003124786979158244,0.9964956034822239
basis-projected,axis-parallel,all-cells,lat-lon-metres,250,250,168,42,1.4069307625669372e-09,0.02279608770349752,0.0002807867269487833,0.9967763902091726
basis-projected,axis-parallel,all-cells,lat-lon-metres,250,250,168,43,1.3260051576015925e-09,0.021484873792101636,0.00024941441485640194,0.997025804624029
basis-projected,axis-parallel,all-cells,lat-lon-metres,250,250,168,44,1.265350596676145e-09,0.020502105679226678,0.0002271186884896856,0.9972529233125187
basis-projected,axis-parallel,all-cells,lat-lon-metres,250,250,168,45,1.218164887616816e-09,0.019737569434311777,0.00021049572385551632,0.9974634190363743
basis-projected,axis-parallel,all-cells,lat-lon-metres,250,250,168,46,1.1329869575394474e-09,0.018357456342674338,0.00018208784001641506,0.9976455068763906
basis-projected,axis-parallel,all-cells,lat-lon-metres,250,250,168,47,1.098363598566843e-09,0.017796464182485067,0.00017112891066516222,0.9978166357870557
basis-projected,axis-parallel,all-cells,lat-lon-metres,250,250,168,48,1.0329339971860866e-09,0.016736327485524016,0.00015134785374166658,0.9979679836407974
basis-projected,axis-parallel,all-cells,lat-lon-metres,250,250,168,49,9.965719181020356e-10,0.016147163351839716,0.00014087969856794942,0.9981088633393653
basis-projected,axis-parallel,all-cells,lat-lon-metres,250,250,168,50,9.39819224823875e-10,0.01522761605939284,0.00012529097028702026,0.9982341543096523
basis-projected,axis-parallel,all-cells,lat-lon-metres,250,250,168,51,8.548103606198042e-10,0.013850242292658878,0.00010365032732225173,0.9983378046369746
basis-projected,axis-parallel,all-cells,lat-lon-metres,250,250,168,52,8.199723481680807e-10,0.013285772164920632,9.537389893390597e-05,0.9984331785359085
basis-projected,axis-parallel,all-cells,lat-lon-metres,250,250,168,53,8.000372025984045e-10,0.012962768831082654,9.079281647097489e-05,0.9985239713523795
basis-projected,axis-parallel,all-cells,lat-lon-metres,250,250,168,54,7.852594933311949e-10,0.012723329929414549,8.746967526321813e-05,0.9986114410276427
basis-projected,axis-parallel,all-cells,lat-lon-metres,250,250,168,55,7.732766060126209e-10,0.012529174710463364,8.482050748138544e-05,0.9986962615351241
basis-projected,axis-parallel,all-cells,lat-lon-metres,250,250,168,56,7.503972700131992e-10,0.01215846752009031,7.98755044634416e-05,0.9987761370395875
basis-projected,axis-parallel,all-cells,lat-lon-metres,250,250,168,57,6.944016460350684e-10,0.011251186800114719,6.839944951867286e-05,0.9988445364891062
basis-projected,axis-parallel,all-cells,lat-lon-metres,250,250,168,58,6.779604784565177e-10,0.010984795369889161,6.519884139836971e-05,0.9989097353305045
basis-projected,axis-parallel,all-cells,lat-lon-metres,250,250,168,59,6.574564889565227e-10,0.010652575224200763,6.131477733981295e-05,0.9989710501078444
basis-projected,axis-parallel,all-cells,lat-lon-metres,250,250,168,60,6.287587869700795e-10,0.010187594751261058,5.6078870535461324e-05,0.9990271289783798
basis-projected,axis-parallel,all-cells,lat-lon-metres,250,250,168,61,5.966542727649616e-10,0.009667414696229224,5.0498285496959905e-05,0.9990776272638767
basis-projected,axis-parallel,all-cells,lat-lon-metres,250,250,168,62,5.871738667804079e-10,0.009513806450508344,4.8906272100458575e-05,0.9991265335359771
basis-projected,axis-parallel,all-cells,lat-lon-metres,250,250,168,63,5.64746515145851e-10,0.009150422630621035,4.524162990147323e-05,0.9991717751658786
basis-projected,axis-parallel,all-cells,lat-lon-metres,250,250,168,64,5.451438696337389e-10,0.00883280669797956,4.215541688504982e-05,0.9992139305827636
basis-projected,axis-parallel,all-cells,lat-lon-metres,250,250,168,65,5.34463424335654e-10,0.008659754566200639,4.051978226870961e-05,0.9992544503650324
basis-projected,axis-parallel,all-cells,lat-lon-metres,250,250,168,66,5.249831080893983e-10,0.008506147774483155,3.90950508817187e-05,0.9992935454159141
basis-projected,axis-parallel,all-cells,lat-lon-metres,250,250,168,67,4.985979604038157e-10,0.008078636942597668,3.526404430542834e-05,0.9993288094602195
basis-projected,axis-parallel,all-cells,lat-lon-metres,250,250,168,68,4.839047094509631e-10,0.007840566494298125,3.321626684431913e-05,0.9993620257270638
basis-projected,axis-parallel,all-cells,lat-lon-metres,250,250,168,69,4.667879076170103e-10,0.00756322795981455,3.0907958256890654e-05,0.9993929336853208
basis-projected,axis-parallel,all-cells,lat-lon-metres,250,250,168,70,4.5494180798606867e-10,0.007371289071763926,2.935910564276596e-05,0.9994222927909635
basis-projected,axis-parallel,all-cells,lat-lon-metres,250,250,168,71,4.383951820262814e-10,0.007103188930227406,2.7262311040570566e-05,0.9994495551020041
basis-projected,axis-parallel,all-cells,lat-lon-metres,250,250,168,72,4.241654918207728e-10,0.006872629421153525,2.5521241081376127e-05,0.9994750763430855
basis-projected,axis-parallel,all-cells,lat-lon-metres,250,250,168,73,4.2051635610412813e-10,0.006813503542288794,2.5084006704538745e-05,0.99950016034979
basis-projected,axis-parallel,all-cells,lat-lon-metres,250,250,168,74,4.130720747694079e-10,0.006692886028825533,2.420375762532834e-05,0.9995243641074153
basis-projected,axis-parallel,all-cells,lat-lon-metres,250,250,168,75,4.0421386191366505e-10,0.006549358996416819,2.3176802986482075e-05,0.9995475409104018
basis-projected,axis-parallel,all-cells,lat-lon-metres,250,250,168,76,3.917474932484695e-10,0.006347370070595452,2.176925544666209e-05,0.9995693101658484
basis-projected,axis-parallel,all-cells,lat-lon-metres,250,250,168,77,3.870032353116098e-10,0.0062705002466537626,2.124517508994359e-05,0.9995905553409383
basis-projected,axis-parallel,all-cells,lat-lon-metres,250,250,168,78,3.822245783567653e-10,0.006193073065483303,2.0723749960963077e-05,0.9996112790908993
basis-projected,axis-parallel,all-cells,lat-lon-metres,250,250,168,79,3.6374580388918354e-10,0.00589366688671187,1.8768393805192175e-05,0.9996300474847044
basis-projected,axis-parallel,all-cells,lat-lon-metres,250,250,168,80,3.6302518103653736e-10,0.005881990845369157,1.869410271452471e-05,0.9996487415874189
basis-projected,axis-parallel,all-cells,lat-lon-metres,250,250,168,81,3.4404354065937744e-10,0.005574436877322772,1.6790280060529787e-05,0.9996655318674795
basis-projected,axis-parallel,all-cells,lat-lon-metres,250,250,168,82,3.3425818391956395e-10,0.005415887603694116,1.5848757550505898e-05,0.99968138062503
basis-projected,axis-parallel,all-cells,lat-lon-metres,250,250,168,83,3.2779138094992507e-10,0.005311107886326814,1.5241446397565133e-05,0.9996966220714276
basis-projected,axis-parallel,all-cells,lat-lon-metres,250,250,168,84,3.217457087657204e-10,0.005213151627920553,1.4684415002920724e-05,0.9997113064864306
basis-projected,axis-parallel,all-cells,lat-lon-metres,250,250,168,85,3.1249041265152465e-10,0.005063190771598025,1.3851745969028448e-05,0.9997251582323996
basis-projected,axis-parallel,all-cells,lat-lon-metres,250,250,168,86,3.070178378605543e-10,0.004974520242657924,1.3370829196981774e-05,0.9997385290615965
basis-projected,axis-parallel,all-cells,lat-lon-metres,250,250,168,87,3.023559575081083e-10,0.004898985158626015,1.2967856129835022e-05,0.9997514969177264
basis-projected,axis-parallel,all-cells,lat-lon-metres,250,250,168,88,2.945650387992693e-10,0.00477275118116043,1.2308171065762641e-05,0.999763805088792
basis-projected,axis-parallel,all-cells,lat-lon-metres,250,250,168,89,2.9043958700025165e-10,0.004705907692106728,1.1965827680639776e-05,0.9997757709164727
basis-projected,axis-parallel,all-cells,lat-lon-metres,250,250,168,90,2.8928232041128346e-10,0.004687156839996342,1.1870661147032287e-05,0.9997876415776198
basis-projected,axis-parallel,all-cells,lat-lon-metres,250,250,168,91,2.7862831256151575e-10,0.004514533066461146,1.1012390745321364e-05,0.9997986539683651
basis-projected,axis-parallel,all-cells,lat-lon-metres,250,250,168,92,2.672271032670939e-10,0.004329802606429566,1.0129596151229999e-05,0.9998087835645162
basis-projected,axis-parallel,all-cells,lat-lon-metres,250,250,168,93,2.644948695416338e-10,0.0042855330223894785,9.923517227078737e-06,0.9998187070817433
basis-projected,axis-parallel,all-cells,lat-lon-metres,250,250,168,94,2.6322108778505273e-10,0.004264894309091918,9.828165980641776e-06,0.9998285352477239
basis-projected,axis-parallel,all-cells,lat-lon-metres,250,250,168,95,2.576036237711467e-10,0.004173876182443948,9.4131517351966e-06,0.999837948399459
basis-projected,axis-parallel,all-cells,lat-lon-metres,250,250,168,96,2.497508583804569e-10,0.004046640121278757,8.847999763187995e-06,0.9998467963992224
basis-projected,axis-parallel,all-cells,lat-lon-metres,250,250,168,97,2.4911877086945607e-10,0.004036398592185476,8.803270123686621e-06,0.999855599669346
basis-projected,axis-parallel,all-cells,lat-lon-metres,250,250,168,98,2.3474534498954845e-10,0.0038035101760133224,7.8167298202012e-06,0.9998634163991662
basis-projected,axis-parallel,all-cells,lat-lon-metres,250,250,168,99,2.268895217107942e-10,0.003676224568782072,7.302305572032403e-06,0.9998707187047383
basis-projected,axis-parallel,all-cells,lat-lon-metres,250,250,168,100,2.2284259300614442e-10,0.003610653366463145,7.0441327168769736e-06,0.9998777628374552
basis-projected,axis-parallel,all-cells,lat-lon-metres,250,250,168,101,2.178058212337753e-10,0.003529044026387347,6.729303080885915e-06,0.9998844921405361
basis-projected,axis-parallel,all-cells,lat-lon-metres,250,250,168,102,2.1358616882392834e-10,0.0034606742323843747,6.471089025798379e-06,0.999890963229562
basis-projected,axis-parallel,all-cells,lat-lon-metres,250,250,168,103,2.0847159505730669e-10,0.003377804289348093,6.164883894895964e-06,0.9998971281134568
basis-projected,axis-parallel,all-cells,lat-lon-metres,250,250,168,104,1.9759679913275638e-10,0.003201603151204387,5.538484359303465e-06,0.999902666597816
basis-projected,axis-parallel,all-cells,lat-lon-metres,250,250,168,105,1.925359982856169e-10,0.0031196044750571397,5.258416783456415e-06,0.9999079250145995
basis-projected,axis-parallel,all-cells,lat-lon-metres,250,250,168,106,1.9221904644254087e-10,0.0031144689970330724,5.241118272236644e-06,0.9999131661328717
basis-projected,axis-parallel,all-cells,lat-lon-metres,250,250,168,107,1.896339020819347e-10,0.003072582658956947,5.101091179572238e-06,0.9999182672240512
basis-projected,axis-parallel,all-cells,lat-lon-metres,250,250,168,108,1.8823645164936443e-10,0.003049940178267961,5.026186257617117e-06,0.9999232934103088
basis-projected,axis-parallel,all-cells,lat-lon-metres,250,250,168,109,1.870749796715206e-10,0.0030311211874714445,4.964351643913005e-06,0.9999282577619527
basis-projected,axis-parallel,all-cells,lat-lon-metres,250,250,168,110,1.8465287582480732e-10,0.00299187654716241,4.836634561499073e-06,0.9999330943965142
basis-projected,axis-parallel,all-cells,lat-lon-metres,250,250,168,111,1.778428026645005e-10,0.0028815349232815387,4.486459080183889e-06,0.9999375808555945
basis-projected,axis-parallel,all-cells,lat-lon-metres,250,250,168,112,1.7307385794552273e-10,0.0028042651066285842,4.2490718247843855e-06,0.9999418299274192
basis-projected,axis-parallel,all-cells,lat-lon-metres,250,250,168,113,1.687052554925313e-10,0.0027334819186354445,4.037275135345172e-06,0.9999458672025546
basis-projected,axis-parallel,all-cells,lat-lon-metres,250,250,168,114,1.6281765803275433e-10,0.0026380868987617642,3.760400747765576e-06,0.9999496276033023
basis-projected,axis-parallel,all-cells,lat-lon-metres,250,250,168,115,1.5951431936171028e-10,0.002584563868302124,3.609362264002228e-06,0.9999532369655664
basis-projected,axis-parallel,all-cells,lat-lon-metres,250,250,168,116,1.5641669471694174e-10,0.0025343739620512827,3.4705422206691915e-06,0.999956707507787
basis-projected,axis-parallel,all-cells,lat-lon-metres,250,250,168,117,1.524385953278167e-10,0.0024699179810033813,3.2962565038780915e-06,0.9999600037642908
basis-projected,axis-parallel,all-cells,lat-lon-metres,250,250,168,118,1.4837308620291657e-10,0.0024040457255687904,3.1227799601897567e-06,0.9999631265442511
basis-projected,axis-parallel,all-cells,lat-lon-metres,250,250,168,119,1.4373311912677624e-10,0.002328865695944551,2.930520904381622e-06,0.9999660570651555
basis-projected,axis-parallel,all-cells,lat-lon-metres,250,250,168,120,1.3491510146689757e-10,0.002185989934539753,2.5819763020103383e-06,0.9999686390414575
basis-projected,axis-parallel,all-cells,lat-lon-metres,250,250,168,121,1.3083878426044493e-10,0.002119942558920479,2.4283099722006154e-06,0.9999710673514296
basis-projected,axis-parallel,all-cells,lat-lon-metres,250,250,168,122,1.2794107414536925e-10,0.0020729918093313113,2.321940615940446e-06,0.9999733892920456
basis-projected,axis-parallel,all-cells,lat-lon-metres,250,250,168,123,1.267265337372002e-10,0.0020533129662775504,2.2780656491553468e-06,0.9999756673576947
basis-projected,axis-parallel,all-cells,lat-lon-metres,250,250,168,124,1.2266859104868146e-10,0.0019875633075989206,2.134508444922196e-06,0.9999778018661396
basis-projected,axis-parallel,all-cells,lat-lon-metres,250,250,168,125,1.1926534696235292e-10,0.001932421538911733,2.017714314808682e-06,0.9999798195804545
basis-projected,axis-parallel,all-cells,lat-lon-metres,250,250,168,126,1.163564946859503e-10,0.0018852902561409949,1.9204914674814765e-06,0.9999817400719219
basis-projected,axis-parallel,all-cells,lat-lon-metres,250,250,168,127,1.1476501448752711e-10,0.0018595039678978955,1.868315233704862e-06,0.9999836083871555
basis-projected,axis-parallel,all-cells,lat-lon-metres,250,250,168,128,1.0491922439151939e-10,0.0016999755102719354,1.5614974024386033e-06,0.9999851698845579
basis-projected,axis-parallel,all-cells,lat-lon-metres,250,250,168,129,1.0012713623002295e-10,0.001622330707187912,1.4221149865088437e-06,0.9999865919995444
basis-projected,axis-parallel,all-cells,lat-lon-metres,250,250,168,130,9.872480026351417e-11,0.001599609067621244,1.3825589270820183e-06,0.9999879745584715
basis-projected,axis-parallel,all-cells,lat-lon-metres,250,250,168,131,9.558066581049533e-11,0.0015486655765486366,1.2958992131935154e-06,0.9999892704576846
basis-projected,axis-parallel,all-cells,lat-lon-metres,250,250,168,132,8.997884484092808e-11,0.0014579009095734407,1.1484496240580335e-06,0.9999904189073087
basis-projected,axis-parallel,all-cells,lat-lon-metres,250,250,168,133,8.600839182203412e-11,0.0013935688204262911,1.0493316636388664e-06,0.9999914682389723
basis-projected,axis-parallel,all-cells,lat-lon-metres,250,250,168,134,8.091406193558043e-11,0.0013110268830602567,9.287078797186295e-07,0.999992396946852
basis-projected,axis-parallel,all-cells,lat-lon-metres,250,250,168,135,7.849879227653829e-11,0.0012718929750954705,8.740918549675487e-07,0.999993271038707
basis-projected,axis-parallel,all-cells,lat-lon-metres,250,250,168,136,7.430016908685043e-11,0.001203863911396958,7.830882858379582e-07,0.9999940541269928
basis-projected,axis-parallel,all-cells,lat-lon-metres,250,250,168,137,7.13595933420206e-11,0.0011562186225444946,7.223303387712353e-07,0.9999947764573316
basis-projected,axis-parallel,all-cells,lat-lon-metres,250,250,168,138,6.853634422524742e-11,0.0011104743427354721,6.66304879237714e-07,0.9999954427622109
basis-projected,axis-parallel,all-cells,lat-lon-metres,250,250,168,139,6.738591552604166e-11,0.0010918342829532358,6.441238641742205e-07,0.999996086886075
basis-projected,axis-parallel,all-cells,lat-lon-metres,250,250,168,140,6.43811703927502e-11,0.0010431492762652038,5.879614581215185e-07,0.9999966748475332
basis-projected,axis-parallel,all-cells,lat-lon-metres,250,250,168,141,6.13498829274815e-11,0.0009940342119341753,5.338983760354235e-07,0.9999972087459092
basis-projected,axis-parallel,all-cells,lat-lon-metres,250,250,168,142,5.409742152384689e-11,0.0008765247007185374,4.1513012897469916e-07,0.9999976238760381
basis-projected,axis-parallel,all-cells,lat-lon-metres,250,250,168,143,4.914672996480103e-11,0.0007963100931659465,3.4262604798322616e-07,0.999997966502086
basis-projected,axis-parallel,all-cells,lat-lon-metres,250,250,168,144,4.8285092868098794e-11,0.0007823492392649525,3.3071756776168093e-07,0.9999982972196538
basis-projected,axis-parallel,all-cells,lat-lon-metres,250,250,168,145,4.6530602382884514e-11,0.0007539217430156523,3.071202644685581e-07,0.9999986043399184
basis-projected,axis-parallel,all-cells,lat-lon-metres,250,250,168,146,4.342381175730941e-11,0.0007035833230582989,2.674773487917694e-07,0.9999988718172671
basis-projected,axis-parallel,all-cells,lat-lon-metres,250,250,168,147,4.209435785799426e-11,0.0006820425703127614,2.513500065503425e-07,0.9999991231672737
basis-projected,axis-parallel,all-cells,lat-lon-metres,250,250,168,148,3.5887952995699416e-11,0.0005814820073280171,1.8269577249971514e-07,0.9999993058630462
basis-projected,axis-parallel,all-cells,lat-lon-metres,250,250,168,149,3.32662461631747e-11,0.0005390032582117125,1.5697797304080864e-07,0.9999994628410193
basis-projected,axis-parallel,all-cells,lat-lon-metres,250,250,168,150,2.8674247298004768e-11,0.00046460044348201854,1.1663131604192054e-07,0.9999995794723353
basis-projected,axis-parallel,all-cells,lat-lon-metres,250,250,168,151,2.6292855889507128e-11,0.00042601545490346014,9.806333194058294e-08,0.9999996775356672
basis-projected,axis-parallel,all-cells,lat-lon-metres,250,250,168,152,2.5262920391271834e-11,0.00040932771121955576,9.053119025753361e-08,0.9999997680668574
basis-projected,axis-parallel,all-cells,lat-lon-metres,250,250,168,153,2.227866395584167e-11,0.0003609746769112621,7.040595744669059e-08,0.9999998384728149
basis-projected,axis-parallel,all-cells,lat-lon-metres,250,250,168,154,1.7790147119005132e-11,0.0002882485512244034,4.4894196425572925e-08,0.9999998833670114
basis-projected,axis-parallel,all-cells,lat-lon-metres,250,250,168,155,1.5594452638126854e-11,0.00025267235565891243,3.449621092772824e-08,0.9999999178632223
basis-projected,axis-parallel,all-cells,lat-lon-metres,250,250,168,156,1.4478862648103196e-11,0.00023459677729333294,2.9737196302792325e-08,0.9999999476004187
basis-projected,axis-parallel,all-cells,lat-lon-metres,250,250,168,157,1.1579890798204963e-11,0.00018762558418381668,1.902129368367264e-08,0.9999999666217123
basis-projected,axis-parallel,all-cells,lat-lon-metres,250,250,168,158,9.31840005538287e-12,0.00015098331102748753,1.2317251986747173e-08,0.9999999789389644
basis-projected,axis-parallel,all-cells,lat-lon-metres,250,250,168,159,7.831947873636006e-12,0.0001268987610242356,8.701030677501999e-09,0.9999999876399951
basis-projected,axis-parallel,all-cells,lat-lon-metres,250,250,168,160,5.287750098220721e-12,8.567586849355161e-05,3.966184995387508e-09,0.99999999160618
basis-projected,axis-parallel,all-cells,lat-lon-metres,250,250,168,161,5.1382936171137e-12,8.325426883717926e-05,3.745147771444222e-09,0.9999999953513278
basis-projected,axis-parallel,all-cells,lat-lon-metres,250,250,168,162,4.281495304996442e-12,6.937181634776304e-05,2.600291686481788e-09,0.9999999979516194
basis-projected,axis-parallel,all-cells,lat-lon-metres,250,250,168,163,2.8532709383800876e-12,4.6230714604947444e-05,1.1548275849683477e-09,0.9999999991064471
basis-projected,axis-parallel,all-cells,lat-lon-metres,250,250,168,164,2.2238413515882764e-12,3.603225108034335e-05,7.015178504045757e-10,0.9999999998079648
basis-projected,axis-parallel,all-cells,lat-lon-metres,250,250,168,165,8.418877581292482e-13,1.364086114358607e-05,1.0054014615833539e-10,0.999999999908505
basis-projected,axis-parallel,all-cells,lat-lon-metres,250,250,168,166,5.851909115599893e-13,9.48167720696668e-06,4.8576505404789267e-11,0.9999999999570816
basis-projected,axis-parallel,all-cells,lat-lon-metres,250,250,168,167,5.197352733002304e-13,8.421118642069369e-06,3.831735372082891e-11,0.9999999999953989
basis-projected,axis-parallel,all-cells,lat-lon-metres,250,250,168,168,1.80094315489417e-13,2.9180155271519826e-06,4.6007764662503635e-12,0.9999999999999997
basis-projected,axis-parallel,all-cells,lat-lon-metres,500,500,168,1,6.073929840071615e-08,1.0,0.5789596256116056,0.5789596256116056
basis-projected,axis-parallel,all-cells,lat-lon-metres,500,500,168,2,2.9595781370703366e-08,0.4872591905071201,0.1374574735981751,0.7164170992097807
basis-projected,axis-parallel,all-cells,lat-lon-metres,500,500,168,3,2.0394657728462713e-08,0.3357736797338813,0.06527420318858423,0.781691302398365
basis-projected,axis-parallel,all-cells,lat-lon-metres,500,500,168,4,1.7021256124088808e-08,0.2802346515725989,0.04546654464676234,0.8271578470451274
basis-projected,axis-parallel,all-cells,lat-lon-metres,500,500,168,5,1.4931699416179565e-08,0.24583259618296002,0.03498865226308866,0.862146499308216
basis-projected,axis-parallel,all-cells,lat-lon-metres,500,500,168,6,1.2505233578393622e-08,0.2058837343805436,0.024541005501654372,0.8866875048098704
basis-projected,axis-parallel,all-cells,lat-lon-metres,500,500,168,7,1.0910981368446358e-08,0.17963627594878032,0.01868255910879982,0.9053700639186701
basis-projected,axis-parallel,all-cells,lat-lon-metres,500,500,168,8,9.3292827312161e-09,0.15359549709757764,0.013658570430407817,0.919028634349078
basis-projected,axis-parallel,all-cells,lat-lon-metres,500,500,168,9,8.641898067848166e-09,0.14227852964047857,0.011719983912052612,0.9307486182611305
basis-projected,axis-parallel,all-cells,lat-lon-metres,500,500,168,10,8.139094820823976e-09,0.13400047473594148,0.010395872698201181,0.9411444909593317
basis-projected,axis-parallel,all-cells,lat-lon-metres,500,500,168,11,6.76784204109489e-09,0.11142443556797971,0.0071880181389340665,0.9483325090982658
basis-projected,axis-parallel,all-cells,lat-lon-metres,500,500,168,12,5.965688370670962e-09,0.09821793349197827,0.005585085981878387,0.9539175950801442
basis-projected,axis-parallel,all-cells,lat-lon-metres,500,500,168,13,5.7941539214318045e-09,0.09539382366924884,0.0052685219368735405,0.9591861170170177
basis-projected,axis-parallel,all-cells,lat-lon-metres,500,500,168,14,5.3093277068648985e-09,0.08741173913201306,0.004423721734833205,0.9636098387518508
basis-projected,axis-parallel,all-cells,lat-lon-metres,500,500,168,15,5.082067330707617e-09,0.08367016848267869,0.004053120968516085,0.9676629597203669
basis-projected,axis-parallel,all-cells,lat-lon-metres,500,500,168,16,4.500467709787753e-09,0.07409482539782991,0.003178513327141037,0.970841473047508
basis-projected,axis-parallel,all-cells,lat-lon-metres,500,500,168,17,4.0775128867492966e-09,0.06713137942174881,0.0026091522455645405,0.9734506252930725
basis-projected,axis-parallel,all-cells,lat-lon-metres,500,500,168,18,3.979079496071125e-09,0.06551079121493786,0.0024847000469868253,0.9759353253400593
basis-projected,axis-parallel,all-cells,lat-lon-metres,500,500,168,19,3.749632087180896e-09,0.0617332136838888,0.002206409153560677,0.9781417344936201
basis-projected,axis-parallel,all-cells,lat-lon-metres,500,500,168,20,3.5724426554343886e-09,0.058816001328594,0.0020028077771026085,0.9801445422707227
basis-projected,axis-parallel,all-cells,lat-lon-metres,500,500,168,21,3.375896036960932e-09,0.05558009601443022,0.0017884914328277987,0.9819330337035505
basis-projected,axis-parallel,all-cells,lat-lon-metres,500,500,168,22,3.2519427145724606e-09,0.05353935261349871,0.0016595659274584661,0.9835925996310088
basis-projected,axis-parallel,all-cells,lat-lon-metres,500,500,168,23,3.1265779513329204e-09,0.051475371524806024,0.001534077352247066,0.9851266769832558
basis-projected,axis-parallel,all-cells,lat-lon-metres,500,500,168,24,2.981357667630091e-09,0.04908449300749478,0.0013948801622444098,0.9865215571455003
basis-projected,axis-parallel,all-cells,lat-lon-metres,500,500,168,25,2.6280121165805977e-09,0.043267080552079805,0.0010838357277700669,0.9876053928732703
basis-projected,axis-parallel,all-cells,lat-lon-metres,500,500,168,26,2.60806012124602e-09,0.042938594779936896,0.0010674411324648548,0.9886728340057351
basis-projected,axis-parallel,all-cells,lat-lon-metres,500,500,168,27,2.5063858497942554e-09,0.04126464934215808,0.000985835825857583,0.9896586698315928
basis-projected,axis-parallel,all-cells,lat-lon-metres,500,500,168,28,2.436864072091565e-09,0.04012005631041061,0.0009319043663455733,0.9905905741979384
basis-projected,axis-parallel,all-cells,lat-lon-metres,500,500,168,29,2.313495956073865e-09,0.03808894763339228,0.0008399360586554249,0.9914305102565938
basis-projected,axis-parallel,all-cells,lat-lon-metres,500,500,168,30,2.252234526640814e-09,0.03708035136958807,0.0007960419601391823,0.9922265522167331
basis-projected,axis-parallel,all-cells,lat-lon-metres,500,500,168,31,2.0345704231376596e-09,0.033496771887534194,0.0006496122264412243,0.9928761644431742
basis-projected,axis-parallel,all-cells,lat-lon-metres,500,500,168,32,1.8827485952758515e-09,0.030997206830654676,0.0005562799425284141,0.9934324443857027
basis-projected,axis-parallel,all-cells,lat-lon-metres,500,500,168,33,1.7926900223780657e-09,0.029514499995556893,0.0005043350357226267,0.9939367794214253
basis-projected,axis-parallel,all-cells,lat-lon-metres,500,500,168,34,1.739754054071088e-09,0.028642972505105117,0.00047498998305379574,0.9944117694044791
basis-projected,axis-parallel,all-cells,lat-lon-metres,500,500,168,35,1.7259188580507105e-09,0.028415192527649624,0.00046746541411946753,0.9948792348185986
basis-projected,axis-parallel,all-cells,lat-lon-metres,500,500,168,36,1.6376987129517203e-09,0.026962753210406046,0.00042089789335769743,0.9953001327119563
basis-projected,axis-parallel,all-cells,lat-lon-metres,500,500,168,37,1.482333841840945e-09,0.02440485617831021,0.0003448266190788296,0.9956449593310351
basis-projected,axis-parallel,all-cells,lat-lon-metres,500,500,168,38,1.449276031441917e-09,0.023860598814964728,0.00032961802751634115,0.9959745773585514
basis-projected,axis-parallel,all-cells,lat-lon-metres,500,500,168,39,1.367641613136055e-09,0.02251658562325326,0.00029353057800808325,0.9962681079365595
basis-projected,axis-parallel,all-cells,lat-lon-metres,500,500,168,40,1.3292703959494252e-09,0.021884849363583564,0.0002772907625577177,0.9965453986991172
basis-projected,axis-parallel,all-cells,lat-lon-metres,500,500,168,41,1.2337622582466991e-09,0.0203124219530358,0.0002388755489113299,0.9967842742480285
basis-projected,axis-parallel,all-cells,lat-lon-metres,500,500,168,42,1.1897725012257097e-09,0.019588183145883713,0.00022214502454748759,0.997006419272576
basis-projected,axis-parallel,all-cells,lat-lon-metres,500,500,168,43,1.161459355251965e-09,0.019122041015183517,0.00021169800705336475,0.9972181172796294
basis-projected,axis-parallel,all-cells,lat-lon-metres,500,500,168,44,1.0580386071925062e-09,0.017419341926083742,0.0001756757300059008,0.9973937930096354
basis-projected,axis-parallel,all-cells,lat-lon-metres,500,500,168,45,1.0404986086777568e-09,0.01713056680064465,0.00016989936053027436,0.9975636923701656
basis-projected,axis-parallel,all-cells,lat-lon-metres,500,500,168,46,1.026116642727002e-09,0.01689378490935785,0.00016523505894917308,0.9977289274291148
basis-projected,axis-parallel,all-cells,lat-lon-metres,500,500,168,47,9.684773400342055e-10,0.01594482263599519,0.00014719317191097048,0.9978761206010257
basis-projected,axis-parallel,all-cells,lat-lon-metres,500,500,168,48,9.397215373994901e-10,0.015471392692089612,0.00013858208709644266,0.9980147026881222
basis-projected,axis-parallel,all-cells,lat-lon-metres,500,500,168,49,8.980386295782745e-10,0.014785133401667446,0.00012656067241109952,0.9981412633605333
basis-projected,axis-parallel,all-cells,lat-lon-metres,500,500,168,50,8.258519029719876e-10,0.01359666516928767,0.00010703186287212134,0.9982482952234054
basis-projected,axis-parallel,all-cells,lat-lon-metres,500,500,168,51,7.877659646091714e-10,0.01296962568470964,9.738748781852336e-05,0.9983456827112239
basis-projected,axis-parallel,all-cells,lat-lon-metres,500,500,168,52,7.658567167864206e-10,0.012608916088128386,9.20457599745634e-05,0.9984377284711984
basis-projected,axis-parallel,all-cells,lat-lon-metres,500,500,168,53,7.293883189165664e-10,0.012008507475745991,8.348843963086232e-05,0.9985212169108293
basis-projected,axis-parallel,all-cells,lat-lon-metres,500,500,168,54,7.048514770638599e-10,0.011604537681909563,7.796576866657142e-05,0.9985991826794959
basis-projected,axis-parallel,all-cells,lat-lon-metres,500,500,168,55,6.99170211808144e-10,0.011511002435284967,7.671398978597968e-05,0.9986758966692818
basis-projected,axis-parallel,all-cells,lat-lon-metres,500,500,168,56,6.812970870899129e-10,0.011216742784797791,7.284198981093823e-05,0.9987487386590927
basis-projected,axis-parallel,all-cells,lat-lon-metres,500,500,168,57,6.609771914124328e-10,0.01088219997293613,6.856171672233636e-05,0.9988173003758151
basis-projected,axis-parallel,all-cells,lat-lon-metres,500,500,168,58,6.303584565272216e-10,0.01037809907464768,6.235681197235872e-05,0.9988796571877875
basis-projected,axis-parallel,all-cells,lat-lon-metres,500,500,168,59,5.832575861510411e-10,0.009602639502075053,5.338626390051755e-05,0.998933043451688
basis-projected,axis-parallel,all-cells,lat-lon-metres,500,500,168,60,5.76049636974313e-10,0.00948396922819117,5.2074912772510675e-05,0.9989851183644606
basis-projected,axis-parallel,all-cells,lat-lon-metres,500,500,168,61,5.50881633607183e-10,0.009069608113891018,4.7623940077587946e-05,0.9990327423045381
basis-projected,axis-parallel,all-cells,lat-lon-metres,500,500,168,62,5.302087870575045e-10,0.008729254387489813,4.411665524787638e-05,0.999076858959786
basis-projected,axis-parallel,all-cells,lat-lon-metres,500,500,168,63,5.241382442963791e-10,0.008629310151699073,4.311222487037425e-05,0.9991199711846565
basis-projected,axis-parallel,all-cells,lat-lon-metres,500,500,168,64,4.91428502756598e-10,0.008090783326381058,3.789914569039632e-05,0.9991578703303468
basis-projected,axis-parallel,all-cells,lat-lon-metres,500,500,168,65,4.855628045115279e-10,0.007994211610877001,3.699981553985202e-05,0.9991948701458866
basis-projected,axis-parallel,all-cells,lat-lon-metres,500,500,168,66,4.782943426714502e-10,0.007874545068268533,3.590039480499025e-05,0.9992307705406916
basis-projected,axis-parallel,all-cells,lat-lon-metres,500,500,168,67,4.768003954188322e-10,0.007849949011153056,3.567647605916171e-05,0.9992664470167508
basis-projected,axis-parallel,all-cells,lat-lon-metres,500,500,168,68,4.5085652598740246e-10,0.007422814188813327,3.18996161539396e-05,0.9992983466329047
basis-projected,axis-parallel,all-cells,lat-lon-metres,500,500,168,69,4.3790054876140914e-10,0.007209509498651799,3.0092600214571935e-05,0.9993284392331193
basis-projected,axis-parallel,all-cells,lat-lon-metres,500,500,168,70,4.28947295920319e-10,0.007062104884557926,2.8874641801877474e-05,0.9993573138749211
basis-projected,axis-parallel,all-cells,lat-lon-metres,500,500,168,71,4.2402387792071146e-10,0.006981046687818046,2.821560479815227e-05,0.9993855294797193
basis-projected,axis-parallel,all-cells,lat-lon-metres,500,500,168,72,4.064445567812364e-10,0.00669162416233053,2.5924557967745318e-05,0.9994114540376869
basis-projected,axis-parallel,all-cells,lat-lon-metres,500,500,168,73,3.9692807761499585e-10,0.006534946699521241,2.472477671408406e-05,0.999436178814401
basis-projected,axis-parallel,all-cells,lat-lon-metres,500,500,168,74,3.9403628858815436e-10,0.006487336847201851,2.4365828116775116e-05,0.9994605446425179
basis-projected,axis-parallel,all-cells,lat-lon-metres,500,500,168,75,3.8476986529808066e-10,0.006334776255722176,2.323329673203922e-05,0.9994837779392498
basis-projected,axis-parallel,all-cells,lat-lon-metres,500,500,168,76,3.792866330109032e-10,0.006244501385390239,2.2575834431962074e-05,0.9995063537736818
basis-projected,axis-parallel,all-cells,lat-lon-metres,500,500,168,77,3.7326178911156617e-10,0.006145309526775258,2.186431136326652e-05,0.9995282180850451
basis-projected,axis-parallel,all-cells,lat-lon-metres,500,500,168,78,3.661314962113912e-10,0.006027917770730692,2.1036956909344918e-05,0.9995492550419545
basis-projected,axis-parallel,all-cells,lat-lon-metres,500,500,168,79,3.440736880093484e-10,0.005664762304947724,1.8578543416304086e-05,0.9995678335853708
basis-projected,axis-parallel,all-cells,lat-lon-metres,500,500,168,80,3.31651997422391e-10,0.0054602540061358465,1.7261318699763563e-05,0.9995850949040705
basis-projected,axis-parallel,all-cells,lat-lon-metres,500,500,168,81,3.274247238128013e-10,0.005390656995289573,1.6824093618126045e-05,0.9996019189976887
basis-projected,axis-parallel,all-cells,lat-lon-metres,500,500,168,82,3.2122224115696284e-10,0.005288540526723888,1.6192725445143607e-05,0.9996181117231339
basis-projected,axis-parallel,all-cells,lat-lon-metres,500,500,168,83,3.151643366594609e-10,0.005188804364848325,1.5587729908984557e-05,0.9996336994530427
basis-projected,axis-parallel,all-cells,lat-lon-metres,500,500,168,84,3.101439987137444e-10,0.005106150496958779,1.5095082835446507e-05,0.9996487945358782
basis-projected,axis-parallel,all-cells,lat-lon-metres,500,500,168,85,3.0603206600547585e-10,0.005038452436287403,1.4697470765287943e-05,0.9996634920066435
basis-projected,axis-parallel,all-cells,lat-lon-metres,500,500,168,86,2.9790781434133655e-10,0.004904696336397327,1.3927479474013374e-05,0.9996774194861174
basis-projected,axis-parallel,all-cells,lat-lon-metres,500,500,168,87,2.92947547219226e-10,0.0048230314628687244,1.3467546038579808e-05,0.999690887032156
basis-projected,axis-parallel,all-cells,lat-lon-metres,500,500,168,88,2.898907925824221e-10,0.00477270564881935,1.3187958745891043e-05,0.9997040749909019
basis-projected,axis-parallel,all-cells,lat-lon-metres,500,500,168,89,2.818377051261943e-10,0.00464012118261266,1.2465420247385499e-05,0.9997165404111492
basis-projected,axis-parallel,all-cells,lat-lon-metres,500,500,168,90,2.7967068070808264e-10,0.004604443713903438,1.227446623505012e-05,0.9997288148773842
basis-projected,axis-parallel,all-cells,lat-lon-metres,500,500,168,91,2.7083135943498693e-10,0.004458914846994572,1.1510829893356235e-05,0.9997403257072776
basis-projected,axis-parallel,all-cells,lat-lon-metres,500,500,168,92,2.684554224475066e-10,0.004419797882359822,1.130975241474291e-05,0.9997516354596924
basis-projected,axis-parallel,all-cells,lat-lon-metres,500,500,168,93,2.6389795712690064e-10,0.004344764659378896,1.0929009241859514e-05,0.9997625644689343
basis-projected,axis-parallel,all-cells,lat-lon-metres,500,500,168,94,2.619426395082031e-10,0.004312572690255418,1.07676550835489e-05,0.9997733321240179
basis-projected,axis-parallel,all-cells,lat-lon-metres,500,500,168,95,2.553777800682352e-10,0.0042044901207687335,1.0234696096869984e-05,0.9997835668201148
basis-projected,axis-parallel,all-cells,lat-lon-metres,500,500,168,96,2.5266645519868366e-10,0.004159851395249316,1.001852788899476e-05,0.9997935853480038
basis-projected,axis-parallel,all-cells,lat-lon-metres,500,500,168,97,2.469995682433129e-10,0.004066552870166189,9.574169785055732e-06,0.9998031595177888
basis-projected,axis-parallel,all-cells,lat-lon-metres,500,500,168,98,2.4010300295895983e-10,0.003953009160147442,9.04698604074613e-06,0.9998122065038295
basis-projected,axis-parallel,all-cells,lat-lon-metres,500,500,168,99,2.3813110134938146e-10,0.003920544155422344,8.89899530754471e-06,0.999821105499137
basis-projected,axis-parallel,all-cells,lat-lon-metres,500,500,168,100,2.355547235062232e-10,0.00387812717150921,8.707477711945203e-06,0.999829812976849
basis-projected,axis-parallel,all-cells,lat-lon-metres,500,500,168,101,2.2871917764423987e-10,0.003765588073397027,8.20944690395799e-06,0.9998380224237529
basis-projected,axis-parallel,all-cells,lat-lon-metres,500,500,168,102,2.2553887469930688e-10,0.0037132281840227452,7.982732108860637e-06,0.9998460051558619
basis-projected,axis-parallel,all-cells,lat-lon-metres,500,500,168,103,2.2336938544429574e-10,0.003677510134718021,7.829896751471693e-06,0.9998538350526133
basis-projected,axis-parallel,all-cells,lat-lon-metres,500,500,168,104,2.2047440554623435e-10,0.003629847748515232,7.6282531535635235e-06,0.9998614633057668
basis-projected,axis-parallel,all-cells,lat-lon-metres,500,500,168,105,2.1475259645544115e-10,0.0035356449960724126,7.237450115077287e-06,0.9998687007558817
basis-projected,axis-parallel,all-cells,lat-lon-metres,500,500,168,106,2.0977991752493933e-10,0.0034537757769435465,6.906158752373969e-06,0.9998756069146342
basis-projected,axis-parallel,all-cells,lat-lon-metres,500,500,168,107,2.0597502341032292e-10,0.0033911327399839433,6.657909053015542e-06,0.9998822648236871
basis-projected,axis-parallel,all-cells,lat-lon-metres,500,500,168,108,2.0043446630483025e-10,0.0032999140849882948,6.304542034452037e-06,0.9998885693657216
basis-projected,axis-parallel,all-cells,lat-lon-metres,500,500,168,109,1.9788821202069712e-10,0.00325799304949436,6.14537777870947e-06,0.9998947147435002
basis-projected,axis-parallel,all-cells,lat-lon-metres,500,500,168,110,1.8852036430941512e-10,0.0031037626260627393,5.577316331839335e-06,0.999900292059832
basis-projected,axis-parallel,all-cells,lat-lon-metres,500,500,168,111,1.870363816169113e-10,0.0030793306235276834,5.489855593390277e-06,0.9999057819154255
basis-projected,axis-parallel,all-cells,lat-lon-metres,500,500,168,112,1.8395122739687827e-10,0.0030285372442614414,5.310239593871643e-06,0.9999110921550193
basis-projected,axis-parallel,all-cells,lat-lon-metres,500,500,168,113,1.8134202832264355e-10,0.0029855798979809326,5.160665077790741e-06,0.9999162528200971
basis-projected,axis-parallel,all-cells,lat-lon-metres,500,500,168,114,1.762726566017322e-10,0.0029021187475496727,4.8761677322672705e-06,0.9999211289878294
basis-projected,axis-parallel,all-cells,lat-lon-metres,500,500,168,115,1.7232338869248296e-10,0.0028370987685042335,4.660120956804198e-06,0.9999257891087862
basis-projected,axis-parallel,all-cells,lat-lon-metres,500,500,168,116,1.6626791187120872e-10,0.002737402575418097,4.338360345539131e-06,0.9999301274691318
basis-projected,axis-parallel,all-cells,lat-lon-metres,500,500,168,117,1.610594961508117e-10,0.002651652231612091,4.0708154009380755e-06,0.9999341982845327
basis-projected,axis-parallel,all-cells,lat-lon-metres,500,500,168,118,1.6057137971206917e-10,0.0026436159774637096,4.046178282910854e-06,0.9999382444628155
basis-projected,axis-parallel,all-cells,lat-lon-metres,500,500,168,119,1.5817054216452994e-10,0.0026040890548492904,3.926087217409536e-06,0.999942170550033
basis-projected,axis-parallel,all-cells,lat-lon-metres,500,500,168,120,1.5601706971306945e-10,0.002568634703084254,3.819908588196775e-06,0.9999459904586211
basis-projected,axis-parallel,all-cells,lat-lon-metres,500,500,168,121,1.5414211481627345e-10,0.0025377658101901294,3.7286478015980695e-06,0.9999497191064226
basis-projected,axis-parallel,all-cells,lat-lon-metres,500,500,168,122,1.4980371150233577e-10,0.0024663391814971885,3.5217123762920854e-06,0.9999532408187989
basis-projected,axis-parallel,all-cells,lat-lon-metres,500,500,168,123,1.4634987946466047e-10,0.0024094759623192307,3.361193188607429e-06,0.9999566020119874
basis-projected,axis-parallel,all-cells,lat-lon-metres,500,500,168,124,1.4382294346020542e-10,0.0023678729792260766,3.246123824061573e-06,0.9999598481358115
basis-projected,axis-parallel,all-cells,lat-lon-metres,500,500,168,125,1.393661626533287e-10,0.002294497406504213,3.048059363971802e-06,0.9999628961951755
basis-projected,axis-parallel,all-cells,lat-lon-metres,500,500,168,126,1.360659284391227e-10,0.0022401629920295292,2.905410591653351e-06,0.9999658016057672
basis-projected,axis-parallel,all-cells,lat-lon-metres,500,500,168,127,1.33912798622363e-10,0.002204714281335592,2.814186720669722e-06,0.9999686157924879
basis-projected,axis-parallel,all-cells,lat-lon-metres,500,500,168,128,1.2758424400034246e-10,0.0021005221884294626,2.5544818760923344e-06,0.999971170274364
basis-projected,axis-parallel,all-cells,lat-lon-metres,500,500,168,129,1.2519200159590342e-10,0.0020611367745799864,2.45958537934088e-06,0.9999736298597434
basis-projected,axis-parallel,all-cells,lat-lon-metres,500,500,168,130,1.230481169781788e-10,0.002025840275045521,2.3760669891244202e-06,0.9999760059267325
basis-projected,axis-parallel,all-cells,lat-lon-metres,500,500,168,131,1.206483953161018e-10,0.0019863317241524026,2.2842931452354136e-06,0.9999782902198777
basis-projected,axis-parallel,all-cells,lat-lon-metres,500,500,168,132,1.1416961595817321e-10,0.0018796663604008156,2.0455486691048224e-06,0.9999803357685468
basis-projected,axis-parallel,all-cells,lat-lon-metres,500,500,168,133,1.0761400997265982e-10,0.001771736137989223,1.817382600617184e-06,0.9999821531511475
basis-projected,axis-parallel,all-cells,lat-lon-metres,500,500,168,134,1.0533787520189526e-10,0.0017342622976470414,1.7413170175023367e-06,0.9999838944681649
basis-projected,axis-parallel,all-cells,lat-lon-metres,500,500,168,135,1.0276167397421683e-10,0.0016918482214968293,1.6571853186060132e-06,0.9999855516534836
basis-projected,axis-parallel,all-cells,lat-lon-metres,500,500,168,136,9.56580783818917e-11,0.001574896004738241,1.4359920690121336e-06,0.9999869876455527
basis-projected,axis-parallel,all-cells,lat-lon-metres,500,500,168,137,9.484827933387902e-11,0.0015615636306520245,1.4117820309431223e-06,0.9999883994275837
basis-projected,axis-parallel,all-cells,lat-lon-metres,500,500,168,138,8.869275299348377e-11,0.0014602202417346004,1.2344826983678064e-06,0.9999896339102821
basis-projected,axis-parallel,all-cells,lat-lon-metres,500,500,168,139,8.730357878539614e-11,0.0014373491476544083,1.1961147069611478e-06,0.999990830024989
basis-projected,axis-parallel,all-cells,lat-lon-metres,500,500,168,140,8.1963962809145e-11,0.0013494387483438334,1.054276756519848e-06,0.9999918843017455
basis-projected,axis-parallel,all-cells,lat-lon-metres,500,500,168,141,8.018416359406754e-11,0.0013201364800934565,1.008987865914297e-06,0.9999928932896114
basis-projected,axis-parallel,all-cells,lat-lon-metres,500,500,168,142,7.685973756397081e-11,0.001265403776265295,9.270571997782984e-07,0.9999938203468112
basis-projected,axis-parallel,all-cells,lat-lon-metres,500,500,168,143,7.368837819257133e-11,0.001213191132146869,8.521317223403501e-07,0.9999946724785336
basis-projected,axis-parallel,all-cells,lat-lon-metres,500,500,168,144,6.790378597530612e-11,0.0011179547305160424,7.235969284904481e-07,0.9999953960754621
basis-projected,axis-parallel,all-cells,lat-lon-metres,500,500,168,145,6.693959020176093e-11,0.0011020803987583049,7.031934799111656e-07,0.999996099268942
basis-projected,axis-parallel,all-cells,lat-lon-metres,500,500,168,146,6.202323298916407e-11,0.001021138449443018,6.036949420340044e-07,0.999996702963884
basis-projected,axis-parallel,all-cells,lat-lon-metres,500,500,168,147,6.024253470646457e-11,0.0009918213791181077,5.695281695604576e-07,0.9999972724920535
basis-projected,axis-parallel,all-cells,lat-lon-metres,500,500,168,148,5.799944787319518e-11,0.0009548916335937021,5.279058263789319e-07,0.99999780039788
basis-projected,axis-parallel,all-cells,lat-lon-metres,500,500,168,149,5.361983256331109e-11,0.0008827864986118917,4.511901849886513e-07,0.999998251588065
basis-projected,axis-parallel,all-cells,lat-lon-metres,500,500,168,150,4.8155140663559335e-11,0.0007928168736139296,3.6391004888650637e-07,0.9999986154981139
basis-projected,axis-parallel,all-cells,lat-lon-metres,500,500,168,151,4.217207044314977e-11,0.0006943127687272156,2.7909919456309177e-07,0.9999988945973085
basis-projected,axis-parallel,all-cells,lat-lon-metres,500,500,168,152,3.972008902274739e-11,0.0006539438233333143,2.4758775563452315e-07,0.9999991421850641
basis-projected,axis-parallel,all-cells,lat-lon-metres,500,500,168,153,3.543222918463411e-11,0.000583349332599738,1.9701790172520712e-07,0.9999993392029658
basis-projected,axis-parallel,all-cells,lat-lon-metres,500,500,168,154,3.175389568170097e-11,0.00052278996494511,1.5823507747424642e-07,0.9999994974380433
basis-projected,axis-parallel,all-cells,lat-lon-metres,500,500,168,155,2.8123777800469905e-11,0.00046302440991215514,1.2412408288713973e-07,0.9999996215621261
basis-projected,axis-parallel,all-cells,lat-lon-metres,500,500,168,156,2.6334778991325732e-11,0.00043357068133363934,1.0883487745703268e-07,0.9999997303970035
basis-projected,axis-parallel,all-cells,lat-lon-metres,500,500,168,157,2.3759561179662255e-11,0.0003911727959535027,8.859017656054788e-08,0.9999998189871802
basis-projected,axis-parallel,all-cells,lat-lon-metres,500,500,168,158,1.9976130896432306e-11,0.0003288831353408714,6.262265651598223e-08,0.9999998816098367
basis-projected,axis-parallel,all-cells,lat-lon-metres,500,500,168,159,1.6154498852401798e-11,0.00026596452836556516,4.0953942503532836e-08,0.9999999225637791
basis-projected,axis-parallel,all-cells,lat-lon-metres,500,500,168,160,1.4160502780968106e-11,0.00023313576471606305,3.146777845300527e-08,0.9999999540315575
basis-projected,axis-parallel,all-cells,lat-lon-metres,500,500,168,161,1.0472040366880146e-11,0.00017240963663743396,1.7209622812318472e-08,0.9999999712411803
basis-projected,axis-parallel,all-cells,lat-lon-metres,500,500,168,162,8.936100501276976e-12,0.00014712222130592825,1.2531550991615105e-08,0.9999999837727314
basis-projected,axis-parallel,all-cells,lat-lon-metres,500,500,168,163,6.9897290569232135e-12,0.00011507754025754108,7.66706984575277e-09,0.9999999914398012
basis-projected,axis-parallel,all-cells,lat-lon-metres,500,500,168,164,5.299852140426742e-12,8.725573524840474e-05,4.407945777272185e-09,0.999999995847747
basis-projected,axis-parallel,all-cells,lat-lon-metres,500,500,168,165,3.2878919277953837e-12,5.413121347079336e-05,1.6964607048247722e-09,0.9999999975442078
basis-projected,axis-parallel,all-cells,lat-lon-metres,500,500,168,166,3.133139366494095e-12,5.158339738835629e-05,1.540522917000784e-09,0.9999999990847307
basis-projected,axis-parallel,all-cells,lat-lon-metres,500,500,168,167,2.0434814422174326e-12,3.3643481173192785e-05,6.553150358189298e-10,0.9999999997400457
basis-projected,axis-parallel,all-cells,lat-lon-metres,500,500,168,168,1.2870450776140885e-12,2.1189659931911784e-05,2.5995384920086686e-10,0.9999999999999996
basis-projected,axis-parallel,ocean-land,row-column,50,50,168,1,1.6298093399181369e-07,1.0,0.6415984544948135,0.6415984544948135
basis-projected,axis-parallel,ocean-land,row-column,50,50,168,2,8.42853522831548e-08,0.51714854135876,0.17159076769905604,0.8131892221938695
basis-projected,axis-parallel,ocean-land,row-column,50,50,168,3,6.040650157001079e-08,0.37063538716157396,0.08813675837588887,0.9013259805697583
basis-projected,axis-parallel,ocean-land,row-column,50,50,168,4,3.38876747832843e-08,0.2079241660560519,0.02773787876940579,0.9290638593391642
basis-projected,axis-parallel,ocean-land,row-column,50,50,168,5,3.129294484714399e-08,0.1920037152855916,0.023652800784406538,0.9527166601235707
basis-projected,axis-parallel,ocean-land,row-column,50,50,168,6,2.6372811301879012e-08,0.16181531579150038,0.016799739958278062,0.9695164000818487
basis-projected,axis-parallel,ocean-land,row-column,50,50,168,7,2.1297683779445725e-08,0.1306759217646616,0.010956061301684306,0.980472461383533
basis-projected,axis-parallel,ocean-land,row-column,50,50,168,8,1.721397842607687e-08,0.10561958386458568,0.007157349310781553,0.9876298106943145
basis-projected,axis-parallel,ocean-land,row-column,50,50,168,9,1.2688515370636454e-08,0.07785275896917968,0.0038887616465715967,0.9915185723408861
basis-projected,axis-parallel,ocean-land,row-column,50,50,168,10,9.984526879717174e-09,0.06126193190314324,0.002407934590885717,0.993926506931772
basis-projected,axis-parallel,ocean-land,row-column,50,50,168,11,8.119339726746843e-09,0.04981772731253747,0.0015923228648186218,0.9955188297965906
basis-projected,axis-parallel,ocean-land,row-column,50,50,168,12,7.616998243206829e-09,0.04673551719607534,0.001401384841256644,0.9969202146378472
basis-projected,axis-parallel,ocean-land,row-column,50,50,168,13,6.612904092250709e-09,0.04057470975459539,0.0010562680728071346,0.9979764827106544
basis-projected,axis-parallel,ocean-land,row-column,50,50,168,14,5.2452450908148495e-09,0.03218318218177785,0.0006645402285975265,0.9986410229392519
basis-projected,axis-parallel,ocean-land,row-column,50,50,168,15,4.373376897673134e-09,0.02683367183239239,0.000461980364841131,0.9991030033040931
basis-projected,axis-parallel,ocean-land,row-column,50,50,168,16,3.7817911211478864e-09,0.02320388666650935,0.00034544966855545287,0.9994484529726486
basis-projected,axis-parallel,ocean-land,row-column,50,50,168,17,2.8479841519238343e-09,0.01747433937313726,0.0001959137155121632,0.9996443666881608
basis-projected,axis-parallel,ocean-land,row-column,50,50,168,18,2.306801461553009e-09,0.01415381176836842,0.00012853166705608483,0.9997728983552169
basis-projected,axis-parallel,ocean-land,row-column,50,50,168,19,1.8420921864995441e-09,0.011302501104773826,8.196197700001557e-05,0.9998548603322169
basis-projected,axis-parallel,ocean-land,row-column,50,50,168,20,1.4127812818287998e-09,0.008668383762604783,4.821027058837983e-05,0.9999030706028053
basis-projected,axis-parallel,ocean-land,row-column,50,50,168,21,1.3219723097895035e-09,0.008111208332232925,4.221185342924598e-05,0.9999452824562345
basis-projected,axis-parallel,ocean-land,row-column,50,50,168,22,9.065032411490689e-10,0.005562020163626019,1.984853360979966e-05,0.9999651309898443
basis-projected,axis-parallel,ocean-land,row-column,50,50,168,23,7.783600310691606e-10,0.004775773533781912,1.4633585792073344e-05,0.9999797645756363
basis-projected,axis-parallel,ocean-land,row-column,50,50,168,24,6.176943502788157e-10,0.003789979202781116,9.215883217033173e-06,0.9999889804588533
basis-projected,axis-parallel,ocean-land,row-column,50,50,168,25,4.1822069656084435e-10,0.0025660712963017566,4.224747392844899e-06,0.9999932052062462
basis-projected,axis-parallel,ocean-land,row-column,50,50,168,26,3.32016070440766e-10,0.0020371466913881027,2.66261218386204e-06,0.9999958678184301
basis-projected,axis-parallel,ocean-land,row-column,50,50,168,27,2.014685374384663e-10,0.0012361478886149088,9.804019625542533e-07,0.9999968482203927
basis-projected,axis-parallel,ocean-land,row-column,50,50,168,28,1.9129088678345983e-10,0.0011737010096718927,8.83849387915398e-07,0.9999977320697806
basis-projected,axis-parallel,ocean-land,row-column,50,50,168,29,1.6908219763502058e-10,0.0010374354440962606,6.905346447236562e-07,0.9999984226044253
basis-projected,axis-parallel,ocean-land,row-column,50,50,168,30,1.273367885283416e-10,0.0007812986796034533,3.9164942190380073e-07,0.9999988142538472
basis-projected,axis-parallel,ocean-land,row-column,50,50,168,31,1.203015350514556e-10,0.0007381325662147585,3.4956830004027366e-07,0.9999991638221472
basis-projected,axis-parallel,ocean-land,row-column,50,50,168,32,1.0766135927065113e-10,0.0006605764038391068,2.799686620957836e-07,0.9999994437908093
basis-projected,axis-parallel,ocean-land,row-column,50,50,168,33,8.955539347245348e-11,0.000549483864639969,1.9371943658952022e-07,0.9999996375102459
basis-projected,axis-parallel,ocean-land,row-column,50,50,168,34,7.617291439235422e-11,0.00046737316155140137,1.4014927284753995e-07,0.9999997776595188
basis-projected,axis-parallel,ocean-land,row-column,50,50,168,35,6.596655216177295e-11,0.0004047501173670189,1.0510836386876089e-07,0.9999998827678827
basis-projected,axis-parallel,ocean-land,row-column,50,50,168,36,3.5635992371507614e-11,0.00021865129557606757,3.067378853091754e-08,0.9999999134416712
basis-projected,axis-parallel,ocean-land,row-column,50,50,168,37,3.095627774200407e-11,0.0001899380313010046,2.314659824290665e-08,0.9999999365882695
basis-projected,axis-parallel,ocean-land,row-column,50,50,168,38,3.0702908281941927e-11,0.00018838343559550403,2.276925049903991e-08,0.9999999593575198
basis-projected,axis-parallel,ocean-land,row-column,50,50,168,39,2.6813768628687515e-11,0.0001645208919347237,1.736622485095055e-08,0.9999999767237446
basis-projected,axis-parallel,ocean-land,row-column,50,50,168,40,2.0203858669510362e-11,0.0001239645532435418,9.859578481591307e-09,0.9999999865833231
basis-projected,axis-parallel,ocean-land,row-column,50,50,168,41,1.7128358608980227e-11,0.000105094247464802,7.0863271556868566e-09,0.9999999936696503
basis-projected,axis-parallel,ocean-land,row-column,50,50,168,42,9.673888360560002e-12,5.9355951175527736e-05,2.260434082858918e-09,0.9999999959300844
basis-projected,axis-parallel,ocean-land,row-column,50,50,168,43,8.914564595102262e-12,5.4696978209426804e-05,1.9195082234558862e-09,0.9999999978495927
basis-projected,axis-parallel,ocean-land,row-column,50,50,168,44,6.676781815939837e-12,4.096664347423118e-05,1.076772793264105e-09,0.9999999989263654
basis-projected,axis-parallel,ocean-land,row-column,50,50,168,45,6.006766317438912e-12,3.685563808181774e-05,8.715075989624322e-10,0.999999999797873
basis-projected,axis-parallel,ocean-land,row-column,50,50,168,46,2.4343656405046554e-12,1.493650564443894e-05,1.4314010247488217e-10,0.9999999999410132
basis-projected,axis-parallel,ocean-land,row-column,50,50,168,47,1.2858211956580265e-12,7.88939641076429e-06,3.9934740389693776e-11,0.9999999999809479
basis-projected,axis-parallel,ocean-land,row-column,50,50,168,48,7.346995837571101e-13,4.507886694243715e-06,1.3037949428449819e-11,0.9999999999939859
basis-projected,axis-parallel,ocean-land,row-column,50,50,168,49,4.989171493114808e-13,3.0611994734092072e-06,6.0123820429463206e-12,0.9999999999999983
basis-projected,axis-parallel,ocean-land,row-column,50,50,168,50,6.252703316705165e-15,3.836463053414107e-08,9.443333977112795e-16,0.9999999999999992
basis-projected,axis-parallel,ocean-land,row-column,50,50,168,51,2.5610665177298057e-15,1.5713902571318217e-08,1.584278109212493e-16,0.9999999999999994
basis-projected,axis-parallel,ocean-land,row-column,50,50,168,52,1.4560605486527432e-15,8.933931797972634e-09,5.1209268782413537e-17,0.9999999999999994
basis-projected,axis-parallel,ocean-land,row-column,50,50,168,53,1.4191998781577513e-15,8.707766260739652e-09,4.864932680204575e-17,0.9999999999999994
basis-projected,axis-parallel,ocean-land,row-column,50,50,168,54,1.2933106712325387e-15,7.93534948877824e-09,4.0401308080099984e-17,0.9999999999999994
basis-projected,axis-parallel,ocean-land,row-column,50,50,168,55,1.2554099824708327e-15,7.70280272497328e-09,3.806807005669778e-17,0.9999999999999994
basis-projected,axis-parallel,ocean-land,row-column,50,50,168,56,1.1850153705182752e-15,7.270883418656792e-09,3.391858072894307e-17,0.9999999999999994
basis-projected,axis-parallel,ocean-land,row-column,50,50,168,57,1.1744608144788765e-15,7.20612396624177e-09,3.331706737562974e-17,0.9999999999999994
basis-projected,axis-parallel,ocean-land,row-column,50,50,168,58,1.1229090447442506e-15,6.889818442202895e-09,3.04564208191285e-17,0.9999999999999994
basis-projected,axis-parallel,ocean-land,row-column,50,50,168,59,1.0759189253615568e-15,6.601501776984532e-09,2.796074882367094e-17,0.9999999999999994
basis-projected,axis-parallel,ocean-land,row-column,50,50,168,60,1.0549344114455957e-15,6.472747367484e-09,2.6880703011672826e-17,0.9999999999999994
basis-projected,axis-parallel,ocean-land,row-column,50,50,168,61,1.026116989315187e-15,6.295932684780954e-09,2.5432172525099558e-17,0.9999999999999994
basis-projected,axis-parallel,ocean-land,row-column,50,50,168,62,1.016894639352413e-15,6.239347231888426e-09,2.4977077443782447e-17,0.9999999999999994
basis-projected,axis-parallel,ocean-land,row-column,50,50,168,63,9.86595484608345e-16,6.05344110163156e-09,2.3510829474341153e-17,0.9999999999999994
basis-projected,axis-parallel,ocean-land,row-column,50,50,168,64,9.566756154436213e-16,5.869862148977952e-09,2.2106455454542915e-17,0.9999999999999994
basis-projected,axis-parallel,ocean-land,row-column,50,50,168,65,9.521692919573863e-16,5.842212758488748e-09,2.189868551541902e-17,0.9999999999999994
basis-projected,axis-parallel,ocean-land,row-column,50,50,168,66,9.22172698454949e-16,5.658163049312679e-09,2.0540652034763377e-17,0.9999999999999994
basis-projected,axis-parallel,ocean-land,row-column,50,50,168,67,9.090745309829635e-16,5.577796793265555e-09,1.9961293746689144e-17,0.9999999999999994
basis-projected,axis-parallel,ocean-land,row-column,50,50,168,68,8.876749898682019e-16,5.446495906771455e-09,1.9032580365889217e-17,0.9999999999999994
basis-projected,axis-parallel,ocean-land,row-column,50,50,168,69,8.694964164485569e-16,5.334957869932384e-09,1.8261031156266942e-17,0.9999999999999994
basis-projected,axis-parallel,ocean-land,row-column,50,50,168,70,8.437333486390222e-16,5.176883749367897e-09,1.719491900769484e-17,0.9999999999999994
basis-projected,axis-parallel,ocean-land,row-column,50,50,168,71,7.968962481100584e-16,4.889505959943053e-09,1.5338866541528124e-17,0.9999999999999994
basis-projected,axis-parallel,ocean-land,row-column,50,50,168,72,7.797945700277262e-16,4.784575415839096e-09,1.4687575701405986e-17,0.9999999999999994
basis-projected,axis-parallel,ocean-land,row-column,50,50,168,73,7.431763106870839e-16,4.559897237577572e-09,1.334054032839065e-17,0.9999999999999994
basis-projected,axis-parallel,ocean-land,row-column,50,50,168,74,6.94519784934262e-16,4.26135602443625e-09,1.1650885890078141e-17,0.9999999999999994
basis-projected,axis-parallel,ocean-land,row-column,50,50,168,75,6.852780665052176e-16,4.204651732696772e-09,1.1342880794467149e-17,0.9999999999999994
basis-projected,axis-parallel,ocean-land,row-column,50,50,168,76,6.793563615005554e-16,4.168318004207035e-09,1.1147692936901085e-17,0.9999999999999994
basis-projected,axis-parallel,ocean-land,row-column,50,50,168,77,6.62369431885589e-16,4.064091520784014e-09,1.059717894611863e-17,0.9999999999999994
basis-projected,axis-parallel,ocean-land,row-column,50,50,168,78,6.422216076472465e-16,3.940470777272048e-09,9.962298064158788e-18,0.9999999999999994
basis-projected,axis-parallel,ocean-land,row-column,50,50,168,79,6.348386849602396e-16,3.895171474426123e-09,9.734563250059066e-18,0.9999999999999994
basis-projected,axis-parallel,ocean-land,row-column,50,50,168,80,6.235172886048838e-16,3.825706929843722e-09,9.390456481909919e-18,0.9999999999999994
basis-projected,axis-parallel,ocean-land,row-column,50,50,168,81,6.147194499896829e-16,3.771726145713213e-09,9.127327078443228e-18,0.9999999999999994
basis-projected,axis-parallel,ocean-land,row-column,50,50,168,82,5.730555713313425e-16,3.51608962653341e-09,7.932008718676214e-18,0.9999999999999994
basis-projected,axis-parallel,ocean-land,row-column,50,50,168,83,5.552574110606198e-16,3.406885685711616e-09,7.446949901967202e-18,0.9999999999999994
basis-projected,axis-parallel,ocean-land,row-column,50,50,168,84,5.213571964081821e-16,3.198884578943259e-09,6.565388796753534e-18,0.9999999999999994
basis-projected,axis-parallel,ocean-land,row-column,50,50,168,85,5.048106148544576e-16,3.0973599334006367e-09,6.1552636711758916e-18,0.9999999999999994
basis-projected,axis-parallel,ocean-land,row-column,50,50,168,86,4.996026737077964e-16,3.0654056365445226e-09,6.028915714677514e-18,0.9999999999999994
basis-projected,axis-parallel,ocean-land,row-column,50,50,168,87,4.770568674929331e-16,2.927071626162696e-09,5.497054070787563e-18,0.9999999999999994
basis-projected,axis-parallel,ocean-land,row-column,50,50,168,88,4.43055404109775e-16,2.718449288872213e-09,4.74139110837496e-18,0.9999999999999994
basis-projected,axis-parallel,ocean-land,row-column,50,50,168,89,4.292388381736712e-16,2.6336751646989044e-09,4.45028399061177e-18,0.9999999999999994
basis-projected,axis-parallel,ocean-land,row-column,50,50,168,90,4.05014889480082e-16,2.485044597305016e-09,3.962157026836827e-18,0.9999999999999994
basis-projected,axis-parallel,ocean-land,row-column,50,50,168,91,3.812858423037315e-16,2.3394505907229796e-09,3.5114869904293095e-18,0.9999999999999994
basis-projected,axis-parallel,ocean-land,row-column,50,50,168,92,3.62071001512853e-16,2.221554341632619e-09,3.166483221780182e-18,0.9999999999999994
basis-projected,axis-parallel,ocean-land,row-column,50,50,168,93,3.2906498942333544e-16,2.019039781916233e-09,2.6154899845548206e-18,0.9999999999999994
basis-projected,axis-parallel,ocean-land,row-column,50,50,168,94,3.1272910403340924e-16,1.9188079020894384e-09,2.362252437423826e-18,0.9999999999999994
basis-projected,axis-parallel,ocean-land,row-column,50,50,168,95,2.714540785248592e-16,1.6655572641306252e-09,1.779846082306491e-18,0.9999999999999994
basis-projected,axis-parallel,ocean-land,row-column,50,50,168,96,2.6577699551496224e-16,1.6307244596371737e-09,1.7061785582033235e-18,0.9999999999999994
basis-projected,axis-parallel,ocean-land,row-column,50,50,168,97,2.4342673350783784e-16,1.4935902473111662e-09,1.4312854203840716e-18,0.9999999999999994
basis-projected,axis-parallel,ocean-land,row-column,50,50,168,98,2.145674742440944e-16,1.316518865052472e-09,1.1120325064767836e-18,0.9999999999999994
basis-projected,axis-parallel,ocean-land,row-column,50,50,168,99,2.018654628773084e-16,1.238583298874995e-09,9.842688672806552e-19,0.9999999999999994
basis-projected,axis-parallel,ocean-land,row-column,50,50,168,100,1.728043265414273e-16,1.060273262086638e-09,7.212717593887329e-19,0.9999999999999994
basis-projected,axis-parallel,ocean-land,row-column,50,50,168,101,1.4511693425007637e-16,8.903920887909834e-10,5.086580175815238e-19,0.9999999999999994
basis-projected,axis-parallel,ocean-land,row-column,50,50,168,102,1.2501700212375992e-16,7.67065196288784e-10,3.7750948289512966e-19,0.9999999999999994
basis-projected,axis-parallel,ocean-land,row-column,50,50,168,103,1.104541480712838e-16,6.777120818121693e-10,2.9468210615847007e-19,0.9999999999999994
basis-projected,axis-parallel,ocean-land,row-column,50,50,168,104,9.16379706955015e-17,5.622619066602254e-10,2.0283394200503603e-19,0.9999999999999994
basis-projected,axis-parallel,ocean-land,row-column,50,50,168,105,8.533546735764948e-17,5.235917187831049e-10,1.7589311786924166e-19,0.9999999999999994
basis-projected,axis-parallel,ocean-land,row-column,50,50,168,106,8.377138384043169e-17,5.139949918598418e-10,1.6950444211479897e-19,0.9999999999999994
basis-projected,axis-parallel,ocean-land,row-column,50,50,168,107,7.046786130372523e-17,4.3236874140913154e-10,1.1994216571525832e-19,0.9999999999999994
basis-projected,axis-parallel,ocean-land,row-column,50,50,168,108,4.785737339436038e-17,2.936378643943971e-10,5.532066891415958e-20,0.9999999999999994
basis-projected,axis-parallel,ocean-land,row-column,50,50,168,109,3.2454821074124586e-17,1.9913262416176083e-10,2.5441818081603637e-20,0.9999999999999994
basis-projected,axis-parallel,ocean-land,row-column,50,50,168,110,0.0,0.0,0.0,0.9999999999999994
basis-projected,axis-parallel,ocean-land,row-column,50,50,168,111,0.0,0.0,0.0,0.9999999999999994
basis-projected,axis-parallel,ocean-land,row-column,50,50,168,112,0.0,0.0,0.0,0.9999999999999994
basis-projected,axis-parallel,ocean-land,row-column,50,50,168,113,0.0,0.0,0.0,0.9999999999999994
basis-projected,axis-parallel,ocean-land,row-column,50,50,168,114,0.0,0.0,0.0,0.9999999999999994
basis-projected,axis-parallel,ocean-land,row-column,50,50,168,115,0.0,0.0,0.0,0.9999999999999994
basis-projected,axis-parallel,ocean-land,row-column,50,50,168,116,0.0,0.0,0.0,0.9999999999999994
basis-projected,axis-parallel,ocean-land,row-column,50,50,168,117,0.0,0.0,0.0,0.9999999999999994
basis-projected,axis-parallel,ocean-land,row-column,50,50,168,118,0.0,0.0,0.0,0.9999999999999994
basis-projected,axis-parallel,ocean-land,row-column,50,50,168,119,0.0,0.0,0.0,0.9999999999999994
basis-projected,axis-parallel,ocean-land,row-column,50,50,168,120,0.0,0.0,0.0,0.9999999999999994
basis-projected,axis-parallel,ocean-land,row-column,50,50,168,121,0.0,0.0,0.0,0.9999999999999994
basis-projected,axis-parallel,ocean-land,row-column,50,50,168,122,0.0,0.0,0.0,0.9999999999999994
basis-projected,axis-parallel,ocean-land,row-column,50,50,168,123,0.0,0.0,0.0,0.9999999999999994
basis-projected,axis-parallel,ocean-land,row-column,50,50,168,124,0.0,0.0,0.0,0.9999999999999994
basis-projected,axis-parallel,ocean-land,row-column,50,50,168,125,0.0,0.0,0.0,0.9999999999999994
basis-projected,axis-parallel,ocean-land,row-column,50,50,168,126,0.0,0.0,0.0,0.9999999999999994
basis-projected,axis-parallel,ocean-land,row-column,50,50,168,127,0.0,0.0,0.0,0.9999999999999994
basis-projected,axis-parallel,ocean-land,row-column,50,50,168,128,0.0,0.0,0.0,0.9999999999999994
basis-projected,axis-parallel,ocean-land,row-column,50,50,168,129,0.0,0.0,0.0,0.9999999999999994
basis-projected,axis-parallel,ocean-land,row-column,50,50,168,130,0.0,0.0,0.0,0.9999999999999994
basis-projected,axis-parallel,ocean-land,row-column,50,50,168,131,0.0,0.0,0.0,0.9999999999999994
basis-projected,axis-parallel,ocean-land,row-column,50,50,168,132,0.0,0.0,0.0,0.9999999999999994
basis-projected,axis-parallel,ocean-land,row-column,50,50,168,133,0.0,0.0,0.0,0.9999999999999994
basis-projected,axis-parallel,ocean-land,row-column,50,50,168,134,0.0,0.0,0.0,0.9999999999999994
basis-projected,axis-parallel,ocean-land,row-column,50,50,168,135,0.0,0.0,0.0,0.9999999999999994
basis-projected,axis-parallel,ocean-land,row-column,50,50,168,136,0.0,0.0,0.0,0.9999999999999994
basis-projected,axis-parallel,ocean-land,row-column,50,50,168,137,0.0,0.0,0.0,0.9999999999999994
basis-projected,axis-parallel,ocean-land,row-column,50,50,168,138,0.0,0.0,0.0,0.9999999999999994
basis-projected,axis-parallel,ocean-land,row-column,50,50,168,139,0.0,0.0,0.0,0.9999999999999994
basis-projected,axis-parallel,ocean-land,row-column,50,50,168,140,0.0,0.0,0.0,0.9999999999999994
basis-projected,axis-parallel,ocean-land,row-column,50,50,168,141,0.0,0.0,0.0,0.9999999999999994
basis-projected,axis-parallel,ocean-land,row-column,50,50,168,142,0.0,0.0,0.0,0.9999999999999994
basis-projected,axis-parallel,ocean-land,row-column,50,50,168,143,0.0,0.0,0.0,0.9999999999999994
basis-projected,axis-parallel,ocean-land,row-column,50,50,168,144,0.0,0.0,0.0,0.9999999999999994
basis-projected,axis-parallel,ocean-land,row-column,50,50,168,145,0.0,0.0,0.0,0.9999999999999994
basis-projected,axis-parallel,ocean-land,row-column,50,50,168,146,0.0,0.0,0.0,0.9999999999999994
basis-projected,axis-parallel,ocean-land,row-column,50,50,168,147,0.0,0.0,0.0,0.9999999999999994
basis-projected,axis-parallel,ocean-land,row-column,50,50,168,148,0.0,0.0,0.0,0.9999999999999994
basis-projected,axis-parallel,ocean-land,row-column,50,50,168,149,0.0,0.0,0.0,0.9999999999999994
basis-projected,axis-parallel,ocean-land,row-column,50,50,168,150,0.0,0.0,0.0,0.9999999999999994
basis-projected,axis-parallel,ocean-land,row-column,50,50,168,151,0.0,0.0,0.0,0.9999999999999994
basis-projected,axis-parallel,ocean-land,row-column,50,50,168,152,0.0,0.0,0.0,0.9999999999999994
basis-projected,axis-parallel,ocean-land,row-column,50,50,168,153,0.0,0.0,0.0,0.9999999999999994
basis-projected,axis-parallel,ocean-land,row-column,50,50,168,154,0.0,0.0,0.0,0.9999999999999994
basis-projected,axis-parallel,ocean-land,row-column,50,50,168,155,0.0,0.0,0.0,0.9999999999999994
basis-projected,axis-parallel,ocean-land,row-column,50,50,168,156,0.0,0.0,0.0,0.9999999999999994
basis-projected,axis-parallel,ocean-land,row-column,50,50,168,157,0.0,0.0,0.0,0.9999999999999994
basis-projected,axis-parallel,ocean-land,row-column,50,50,168,158,0.0,0.0,0.0,0.9999999999999994
basis-projected,axis-parallel,ocean-land,row-column,50,50,168,159,0.0,0.0,0.0,0.9999999999999994
basis-projected,axis-parallel,ocean-land,row-column,50,50,168,160,0.0,0.0,0.0,0.9999999999999994
basis-projected,axis-parallel,ocean-land,row-column,50,50,168,161,0.0,0.0,0.0,0.9999999999999994
basis-projected,axis-parallel,ocean-land,row-column,50,50,168,162,0.0,0.0,0.0,0.9999999999999994
basis-projected,axis-parallel,ocean-land,row-column,50,50,168,163,0.0,0.0,0.0,0.9999999999999994
basis-projected,axis-parallel,ocean-land,row-column,50,50,168,164,0.0,0.0,0.0,0.9999999999999994
basis-projected,axis-parallel,ocean-land,row-column,50,50,168,165,0.0,0.0,0.0,0.9999999999999994
basis-projected,axis-parallel,ocean-land,row-column,50,50,168,166,0.0,0.0,0.0,0.9999999999999994
basis-projected,axis-parallel,ocean-land,row-column,50,50,168,167,0.0,0.0,0.0,0.9999999999999994
basis-projected,axis-parallel,ocean-land,row-column,50,50,168,168,0.0,0.0,0.0,0.9999999999999994
basis-projected,axis-parallel,ocean-land,row-column,100,100,168,1,1.0055539830998627e-07,1.0,0.4988108515064773,0.4988108515064773
basis-projected,axis-parallel,ocean-land,row-column,100,100,168,2,5.4151602253968204e-08,0.5385250634384922,0.1446597579201635,0.6434706094266408
basis-projected,axis-parallel,ocean-land,row-column,100,100,168,3,4.696479911838498e-08,0.4670539812651794,0.10881031054347294,0.7522809199701138
basis-projected,axis-parallel,ocean-land,row-column,100,100,168,4,3.842256249961579e-08,0.3821034290090421,0.07282789594651222,0.8251088159166261
basis-projected,axis-parallel,ocean-land,row-column,100,100,168,5,2.981106892578264e-08,0.2964641324763374,0.04384097549381851,0.8689497914104446
basis-projected,axis-parallel,ocean-land,row-column,100,100,168,6,2.812825030075939e-08,0.2797288934607695,0.03903107812522247,0.9079808695356671
basis-projected,axis-parallel,ocean-land,row-column,100,100,168,7,1.9709487314510068e-08,0.19600625770235447,0.01916354128366293,0.9271444108193301
basis-projected,axis-parallel,ocean-land,row-column,100,100,168,8,1.6710564018344755e-08,0.16618266447347174,0.013775498654745328,0.9409199094740754
basis-projected,axis-parallel,ocean-land,row-column,100,100,168,9,1.552197485082741e-08,0.1543624222239882,0.011885543955618284,0.9528054534296937
basis-projected,axis-parallel,ocean-land,row-column,100,100,168,10,1.2480688543549864e-08,0.12411753872303435,0.0076842626824601915,0.960489716112154
basis-projected,axis-parallel,ocean-land,row-column,100,100,168,11,1.208233997650718e-08,0.12015605506588968,0.007201570479797116,0.967691286591951
basis-projected,axis-parallel,ocean-land,row-column,100,100,168,12,1.0585696771418002e-08,0.10527228721013106,0.005527948781036815,0.9732192353729878
basis-projected,axis-parallel,ocean-land,row-column,100,100,168,13,9.76671470505309e-09,0.09712770143821454,0.004705677015708953,0.9779249123886968
basis-projected,axis-parallel,ocean-land,row-column,100,100,168,14,8.707961715443352e-09,0.08659864971743197,0.003740745254067887,0.9816656576427647
basis-projected,axis-parallel,ocean-land,row-column,100,100,168,15,8.06451684811273e-09,0.08019974047789967,0.0032083505851859657,0.9848740082279507
basis-projected,axis-parallel,ocean-land,row-column,100,100,168,16,7.743188687536206e-09,0.07700420681210927,0.0029577727015531676,0.987831780929504
basis-projected,axis-parallel,ocean-land,row-column,100,100,168,17,7.305923525778694e-09,0.07265570669071811,0.002633148518799732,0.9904649294483037
basis-projected,axis-parallel,ocean-land,row-column,100,100,168,18,6.485154035317171e-09,0.06449334540275123,0.0020747496663627023,0.9925396791146663
basis-projected,axis-parallel,ocean-land,row-column,100,100,168,19,5.4012257600017715e-09,0.053713931333166126,0.0014391622945480428,0.9939788414092143
basis-projected,axis-parallel,ocean-land,row-column,100,100,168,20,4.946093377449661e-09,0.049187745865240724,0.0012068401049472365,0.9951856815141615
basis-projected,axis-parallel,ocean-land,row-column,100,100,168,21,4.7433057377357294e-09,0.047171070051488885,0.0011099089388754207,0.9962955904530368
basis-projected,axis-parallel,ocean-land,row-column,100,100,168,22,4.0041003021966314e-09,0.03981984427979716,0.0007909244616011704,0.9970865149146381
basis-projected,axis-parallel,ocean-land,row-column,100,100,168,23,3.593728255505651e-09,0.03573878991983222,0.0006371116993481832,0.9977236266139863
basis-projected,axis-parallel,ocean-land,row-column,100,100,168,24,3.226323513774339e-09,0.03208503539340989,0.0005135005797806232,0.9982371271937669
basis-projected,axis-parallel,ocean-land,row-column,100,100,168,25,2.7672936493727574e-09,0.027520090376867756,0.0003777770791730139,0.99861490427294
basis-projected,axis-parallel,ocean-land,row-column,100,100,168,26,2.4873857584087826e-09,0.024736471638656495,0.0003052188828912415,0.9989201231558312
basis-projected,axis-parallel,ocean-land,row-column,100,100,168,27,2.2933095395126507e-09,0.022806428874588818,0.0002594480833969926,0.9991795712392282
basis-projected,axis-parallel,ocean-land,row-column,100,100,168,28,1.9859502488616368e-09,0.019749812364518372,0.00019456371079603962,0.9993741349500243
basis-projected,axis-parallel,ocean-land,row-column,100,100,168,29,1.675145277064701e-09,0.01665892935852794,0.00013842995128265462,0.9995125649013069
basis-projected,axis-parallel,ocean-land,row-column,100,100,168,30,1.3463179266651137e-09,0.013388817997764415,8.94170563976833e-05,0.9996019819577046
basis-projected,axis-parallel,ocean-land,row-column,100,100,168,31,1.2620321083249124e-09,0.012550615178654,7.857165845865588e-05,0.9996805536161633
basis-projected,axis-parallel,ocean-land,row-column,100,100,168,32,1.1701459268103322e-09,0.011636828519171841,6.754685952391594e-05,0.9997481004756872
basis-projected,axis-parallel,ocean-land,row-column,100,100,168,33,1.1079183852531441e-09,0.011017990121601613,6.055369516290574e-05,0.9998086541708501
basis-projected,axis-parallel,ocean-land,row-column,100,100,168,34,8.371995784136327e-10,0.0083257546833315,3.457666590105093e-05,0.9998432308367512
basis-projected,axis-parallel,ocean-land,row-column,100,100,168,35,7.684372279090253e-10,0.007641929133830609,2.9130095264185243e-05,0.9998723609320154
basis-projected,axis-parallel,ocean-land,row-column,100,100,168,36,7.204660882065825e-10,0.007164867330002235,2.560661660523818e-05,0.9998979675486206
basis-projected,axis-parallel,ocean-land,row-column,100,100,168,37,6.435205581076839e-10,0.006399661966669125,2.042913426662447e-05,0.9999183966828873
basis-projected,axis-parallel,ocean-land,row-column,100,100,168,38,5.970378179415819e-10,0.0059374019493321365,1.7584450209034163e-05,0.9999359811330962
basis-projected,axis-parallel,ocean-land,row-column,100,100,168,39,5.169431142441302e-10,0.005140878788531356,1.31828897880246e-05,0.9999491640228843
basis-projected,axis-parallel,ocean-land,row-column,100,100,168,40,4.259700666254849e-10,0.0042361730328224585,8.951241519690587e-06,0.9999581152644039
basis-projected,axis-parallel,ocean-land,row-column,100,100,168,41,4.1450611944320744e-10,0.004122166749967937,8.475923038418666e-06,0.9999665911874424
basis-projected,axis-parallel,ocean-land,row-column,100,100,168,42,3.6758158352895794e-10,0.0036555131768838413,6.665497967538732e-06,0.9999732566854098
basis-projected,axis-parallel,ocean-land,row-column,100,100,168,43,3.197153814354795e-10,0.003179494953119073,5.042572752587302e-06,0.9999782992581624
basis-projected,axis-parallel,ocean-land,row-column,100,100,168,44,3.033607323949426e-10,0.0030168517801476952,4.539874421937244e-06,0.9999828391325845
basis-projected,axis-parallel,ocean-land,row-column,100,100,168,45,2.406789973737419e-10,0.002393496534435584,2.85760040577391e-06,0.9999856967329901
basis-projected,axis-parallel,ocean-land,row-column,100,100,168,46,2.182389617091857e-10,0.0021703356097940306,2.3495770160448427e-06,0.9999880463100062
basis-projected,axis-parallel,ocean-land,row-column,100,100,168,47,1.9285041345628269e-10,0.0019178524146637535,1.8347050663085846e-06,0.9999898810150725
basis-projected,axis-parallel,ocean-land,row-column,100,100,168,48,1.7554784894444998e-10,0.0017457824432586045,1.5202539347356196e-06,0.9999914012690072
basis-projected,axis-parallel,ocean-land,row-column,100,100,168,49,1.6550635771875692e-10,0.0016459221533640955,1.35130839316469e-06,0.9999927525774005
basis-projected,axis-parallel,ocean-land,row-column,100,100,168,50,1.5692329100547025e-10,0.0015605655553341488,1.214786415802167e-06,0.9999939673638162
basis-projected,axis-parallel,ocean-land,row-column,100,100,168,51,1.3388979872832523e-10,0.0013315028429958342,8.843416693017977e-07,0.9999948517054856
basis-projected,axis-parallel,ocean-land,row-column,100,100,168,52,1.1610996431073304e-10,0.0011546865336139992,6.650650025900043e-07,0.9999955167704881
basis-projected,axis-parallel,ocean-land,row-column,100,100,168,53,1.1309268077023176e-10,0.0011246803520343711,6.309487861874805e-07,0.9999961477192744
basis-projected,axis-parallel,ocean-land,row-column,100,100,168,54,1.0673616167928405e-10,0.0010614662511727524,5.620154749739136e-07,0.9999967097347493
basis-projected,axis-parallel,ocean-land,row-column,100,100,168,55,1.0111556685327883e-10,0.0010055707456059764,5.043838279251757e-07,0.9999972141185773
basis-projected,axis-parallel,ocean-land,row-column,100,100,168,56,8.918236019216936e-11,0.0008868977866035916,3.923584723818628e-07,0.9999976064770497
basis-projected,axis-parallel,ocean-land,row-column,100,100,168,57,8.16348852081397e-11,0.0008118399069583561,3.287582684783098e-07,0.9999979352353182
basis-projected,axis-parallel,ocean-land,row-column,100,100,168,58,7.356005272735279e-11,0.0007315375799177503,2.6693724589260284e-07,0.9999982021725642
basis-projected,axis-parallel,ocean-land,row-column,100,100,168,59,7.139108674434565e-11,0.00070996771873217,2.5142768557391066e-07,0.9999984536002497
basis-projected,axis-parallel,ocean-land,row-column,100,100,168,60,6.683391150808136e-11,0.0006646476731368485,2.203529505916663e-07,0.9999986739532003
basis-projected,axis-parallel,ocean-land,row-column,100,100,168,61,6.361571221681611e-11,0.0006326434312427995,1.9964291347613216e-07,0.9999988735961137
basis-projected,axis-parallel,ocean-land,row-column,100,100,168,62,6.03167086100924e-11,0.0005998356092643738,1.7947352016297193e-07,0.999999053069634
basis-projected,axis-parallel,ocean-land,row-column,100,100,168,63,5.854008186656966e-11,0.0005821674703739498,1.6905645680585633e-07,0.9999992221260908
basis-projected,axis-parallel,ocean-land,row-column,100,100,168,64,5.156480142597047e-11,0.0005127999321031929,1.3116918221113898e-07,0.999999353295273
basis-projected,axis-parallel,ocean-land,row-column,100,100,168,65,4.965087798689628e-11,0.0004937664095749039,1.2161271294601296e-07,0.9999994749079859
basis-projected,axis-parallel,ocean-land,row-column,100,100,168,66,4.4672460786651675e-11,0.0004442572108255992,9.844753902384357e-08,0.999999573355525
basis-projected,axis-parallel,ocean-land,row-column,100,100,168,67,4.0950983322835685e-11,0.00040724798480330614,8.272823919017018e-08,0.9999996560837643
basis-projected,axis-parallel,ocean-land,row-column,100,100,168,68,3.5567673877547266e-11,0.00035371222704425406,6.240739263019338e-08,0.9999997184911569
basis-projected,axis-parallel,ocean-land,row-column,100,100,168,69,3.097754037880814e-11,0.00030806441921011935,4.733898861594167e-08,0.9999997658301456
basis-projected,axis-parallel,ocean-land,row-column,100,100,168,70,2.7667597508559864e-11,0.00027514780880552847,3.776313229279919e-08,0.9999998035932779
basis-projected,axis-parallel,ocean-land,row-column,100,100,168,71,2.6831424052686504e-11,0.0002668322586717042,3.5515060410139385e-08,0.9999998391083383
basis-projected,axis-parallel,ocean-land,row-column,100,100,168,72,2.5460324853239217e-11,0.0002531969966918298,3.197812478010164e-08,0.999999871086463
basis-projected,axis-parallel,ocean-land,row-column,100,100,168,73,2.337392070953658e-11,0.0002324481937556533,2.6951829125160937e-08,0.9999998980382923
basis-projected,axis-parallel,ocean-land,row-column,100,100,168,74,2.2497423366537767e-11,0.00022373163196255294,2.496839773985094e-08,0.99999992300669
basis-projected,axis-parallel,ocean-land,row-column,100,100,168,75,1.9247819746440233e-11,0.0001914150813375945,1.8276296598006703e-08,0.9999999412829866
basis-projected,axis-parallel,ocean-land,row-column,100,100,168,76,1.8188481069874628e-11,0.00018088020509654038,1.6319918155343996e-08,0.9999999576029047
basis-projected,axis-parallel,ocean-land,row-column,100,100,168,77,1.7134079970517076e-11,0.00017039443191003173,1.4482605163546868e-08,0.99999997208551
basis-projected,axis-parallel,ocean-land,row-column,100,100,168,78,1.1892089694699094e-11,0.00011826406035446111,6.976562093575649e-09,0.999999979062072
basis-projected,axis-parallel,ocean-land,row-column,100,100,168,79,1.1458812114785896e-11,0.00011395521580513604,6.477453570543948e-09,0.9999999855395256
basis-projected,axis-parallel,ocean-land,row-column,100,100,168,80,9.137227933010685e-12,9.086760220314554e-05,4.118641859751498e-09,0.9999999896581674
basis-projected,axis-parallel,ocean-land,row-column,100,100,168,81,8.086154722440355e-12,8.041492409500316e-05,3.2255903084998262e-09,0.9999999928837576
basis-projected,axis-parallel,ocean-land,row-column,100,100,168,82,7.051201552689087e-12,7.012255603574915e-05,2.4527391837885997e-09,0.9999999953364969
basis-projected,axis-parallel,ocean-land,row-column,100,100,168,83,5.481168375329215e-12,5.4508942010574025e-05,1.4820791521098454e-09,0.999999996818576
basis-projected,axis-parallel,ocean-land,row-column,100,100,168,84,4.712325232189597e-12,4.686297614438081e-05,1.095457731726189e-09,0.9999999979140337
basis-projected,axis-parallel,ocean-land,row-column,100,100,168,85,4.440366169864579e-12,4.415840665437055e-05,9.726636413289822e-10,0.9999999988866974
basis-projected,axis-parallel,ocean-land,row-column,100,100,168,86,3.662692366426483e-12,3.642462192964867e-05,6.617988349293311e-10,0.9999999995484962
basis-projected,axis-parallel,ocean-land,row-column,100,100,168,87,2.243888054789496e-12,2.2314943727557716e-05,2.483862123062595e-10,0.9999999997968825
basis-projected,axis-parallel,ocean-land,row-column,100,100,168,88,1.1963589266515997e-12,1.1897510693195553e-05,7.060705547351417e-11,0.9999999998674894
basis-projected,axis-parallel,ocean-land,row-column,100,100,168,89,1.0827973803256248e-12,1.0768167582486627e-05,5.7838830691986705e-11,0.9999999999253283
basis-projected,axis-parallel,ocean-land,row-column,100,100,168,90,7.690170087358366e-13,7.647694919025195e-06,2.917406877678988e-11,0.9999999999545023
basis-projected,axis-parallel,ocean-land,row-column,100,100,168,91,6.947073870360964e-13,6.9087030503771985e-06,2.380833065007363e-11,0.9999999999783107
basis-projected,axis-parallel,ocean-land,row-column,100,100,168,92,5.211071537589278e-13,5.182289191003841e-06,1.339612471346039e-11,0.9999999999917067
basis-projected,axis-parallel,ocean-land,row-column,100,100,168,93,3.2870605699193604e-13,3.26890512609398e-06,5.33016342921834e-12,0.9999999999970369
basis-projected,axis-parallel,ocean-land,row-column,100,100,168,94,2.246607494027012e-13,2.2341987916961977e-06,2.4898863141792064e-12,0.9999999999995268
basis-projected,axis-parallel,ocean-land,row-column,100,100,168,95,7.728837511633105e-14,7.686148771254527e-07,2.946819028058592e-13,0.9999999999998215
basis-projected,axis-parallel,ocean-land,row-column,100,100,168,96,5.844542480486484e-14,5.812261279567779e-07,1.6851018323291294e-13,0.99999999999999
basis-projected,axis-parallel,ocean-land,row-column,100,100,168,97,1.39409866422873e-14,1.3863986296698708e-07,9.587649164760188e-15,0.9999999999999997
basis-projected,axis-parallel,ocean-land,row-column,100,100,168,98,4.011544390230711e-15,3.989387400032127e-08,7.93868036359874e-16,1.0000000000000004
basis-projected,axis-parallel,ocean-land,row-column,100,100,168,99,1.137229187619423e-15,1.1309479219739548e-08,6.380006288115363e-17,1.0000000000000004
basis-projected,axis-parallel,ocean-land,row-column,100,100,168,100,8.334981738052127e-16,8.288945077177792e-09,3.42716028838728e-17,1.0000000000000004
basis-projected,axis-parallel,ocean-land,row-column,100,100,168,101,7.078441355370339e-16,7.039344952470216e-09,2.4717263545046003e-17,1.0000000000000004
basis-projected,axis-parallel,ocean-land,row-column,100,100,168,102,6.440118395602323e-16,6.404547646212991e-09,2.0460338509237573e-17,1.0000000000000004
basis-projected,axis-parallel,ocean-land,row-column,100,100,168,103,6.086460842813948e-16,6.052843452572247e-09,1.8274890199747818e-17,1.0000000000000004
basis-projected,axis-parallel,ocean-land,row-column,100,100,168,104,5.560812933591845e-16,5.530098857993977e-09,1.5254630158237362e-17,1.0000000000000004
basis-projected,axis-parallel,ocean-land,row-column,100,100,168,105,5.457110688479533e-16,5.4269693921918275e-09,1.469097559428679e-17,1.0000000000000004
basis-projected,axis-parallel,ocean-land,row-column,100,100,168,106,5.397639149062996e-16,5.367826332330236e-09,1.4372516166115985e-17,1.0000000000000004
basis-projected,axis-parallel,ocean-land,row-column,100,100,168,107,5.2752557343534165e-16,5.246118878760908e-09,1.3728154181690302e-17,1.0000000000000004
basis-projected,axis-parallel,ocean-land,row-column,100,100,168,108,5.003337502853027e-16,4.975702535063341e-09,1.2349367377284276e-17,1.0000000000000004
basis-projected,axis-parallel,ocean-land,row-column,100,100,168,109,4.753846830671788e-16,4.727589876395207e-09,1.1148475424770404e-17,1.0000000000000004
basis-projected,axis-parallel,ocean-land,row-column,100,100,168,110,4.589108041758044e-16,4.5637609903458505e-09,1.0389189705496636e-17,1.0000000000000004
basis-projected,axis-parallel,ocean-land,row-column,100,100,168,111,4.441932153277997e-16,4.41739799944372e-09,9.73349820648378e-18,1.0000000000000004
basis-projected,axis-parallel,ocean-land,row-column,100,100,168,112,4.3448567707361903e-16,4.320858794017325e-09,9.312709169737472e-18,1.0000000000000004
basis-projected,axis-parallel,ocean-land,row-column,100,100,168,113,4.2981126760202175e-16,4.274372881275104e-09,9.11340570773922e-18,1.0000000000000004
basis-projected,axis-parallel,ocean-land,row-column,100,100,168,114,3.8708865956040996e-16,3.8495065015516705e-09,7.391728517600053e-18,1.0000000000000004
basis-projected,axis-parallel,ocean-land,row-column,100,100,168,115,3.7353143703532007e-16,3.7146830832872773e-09,6.883026298670849e-18,1.0000000000000004
basis-projected,axis-parallel,ocean-land,row-column,100,100,168,116,3.628015151830464e-16,3.6079765112622124e-09,6.4932675189288865e-18,1.0000000000000004
basis-projected,axis-parallel,ocean-land,row-column,100,100,168,117,3.33862945557029e-16,3.3201891809708312e-09,5.498719334557586e-18,1.0000000000000004
basis-projected,axis-parallel,ocean-land,row-column,100,100,168,118,3.093827700378285e-16,3.0767395409650856e-09,4.721906233925605e-18,1.0000000000000004
basis-projected,axis-parallel,ocean-land,row-column,100,100,168,119,3.040115150256316e-16,3.023323661733632e-09,4.55937358668555e-18,1.0000000000000004
basis-projected,axis-parallel,ocean-land,row-column,100,100,168,120,2.9694856540628475e-16,2.953084273913064e-09,4.34998314914728e-18,1.0000000000000004
basis-projected,axis-parallel,ocean-land,row-column,100,100,168,121,2.8136306249952007e-16,2.798090079979103e-09,3.905343837911432e-18,1.0000000000000004
basis-projected,axis-parallel,ocean-land,row-column,100,100,168,122,2.497971374387256e-16,2.484174312239962e-09,3.0782226263506357e-18,1.0000000000000004
basis-projected,axis-parallel,ocean-land,row-column,100,100,168,123,2.4342367858898944e-16,2.4207917494252993e-09,2.9231476601629363e-18,1.0000000000000004
basis-projected,axis-parallel,ocean-land,row-column,100,100,168,124,2.0210269686684328e-16,2.0098642167754433e-09,2.0149734551815732e-18,1.0000000000000004
basis-projected,axis-parallel,ocean-land,row-column,100,100,168,125,1.8892479042275521e-16,1.8788130085303722e-09,1.760771539674802e-18,1.0000000000000004
basis-projected,axis-parallel,ocean-land,row-column,100,100,168,126,1.78708281285499e-16,1.7772122062963503e-09,1.5754857075341078e-18,1.0000000000000004
basis-projected,axis-parallel,ocean-land,row-column,100,100,168,127,1.5493930428489452e-16,1.5408352698007992e-09,1.1842634196939106e-18,1.0000000000000004
basis-projected,axis-parallel,ocean-land,row-column,100,100,168,128,1.4422659530752147e-16,1.4342998758048594e-09,1.0261617314006374e-18,1.0000000000000004
basis-projected,axis-parallel,ocean-land,row-column,100,100,168,129,1.2984543080006168e-16,1.2912825465598757e-09,8.31722508704108e-19,1.0000000000000004
basis-projected,axis-parallel,ocean-land,row-column,100,100,168,130,1.0781831624169802e-16,1.0722280260809275e-09,5.734693381121593e-19,1.0000000000000004
basis-projected,axis-parallel,ocean-land,row-column,100,100,168,131,9.618116415108884e-17,9.56499260781477e-10,4.563574768785368e-19,1.0000000000000004
basis-projected,axis-parallel,ocean-land,row-column,100,100,168,132,8.971267972946972e-17,8.921716908018081e-10,3.970386360201836e-19,1.0000000000000004
basis-projected,axis-parallel,ocean-land,row-column,100,100,168,133,7.694997432215295e-17,7.652495600975702e-10,2.921070710646386e-19,1.0000000000000004
basis-projected,axis-parallel,ocean-land,row-column,100,100,168,134,6.828509866613867e-17,6.790793911992012e-10,2.300260353516795e-19,1.0000000000000004
basis-projected,axis-parallel,ocean-land,row-column,100,100,168,135,5.693926063237951e-17,5.662476762992924e-10,1.599369311283838e-19,1.0000000000000004
basis-projected,axis-parallel,ocean-land,row-column,100,100,168,136,2.459369428555176e-17,2.4457855767957645e-10,2.983820215595349e-20,1.0000000000000004
basis-projected,axis-parallel,ocean-land,row-column,100,100,168,137,1.7445102436108842e-17,1.7348747784112103e-10,1.501316160548623e-20,1.0000000000000004
basis-projected,axis-parallel,ocean-land,row-column,100,100,168,138,0.0,0.0,0.0,1.0000000000000004
basis-projected,axis-parallel,ocean-land,row-column,100,100,168,139,0.0,0.0,0.0,1.0000000000000004
basis-projected,axis-parallel,ocean-land,row-column,100,100,168,140,0.0,0.0,0.0,1.0000000000000004
basis-projected,axis-parallel,ocean-land,row-column,100,100,168,141,0.0,0.0,0.0,1.0000000000000004
basis-projected,axis-parallel,ocean-land,row-column,100,100,168,142,0.0,0.0,0.0,1.0000000000000004
basis-projected,axis-parallel,ocean-land,row-column,100,100,168,143,0.0,0.0,0.0,1.0000000000000004
basis-projected,axis-parallel,ocean-land,row-column,100,100,168,144,0.0,0.0,0.0,1.0000000000000004
basis-projected,axis-parallel,ocean-land,row-column,100,100,168,145,0.0,0.0,0.0,1.0000000000000004
basis-projected,axis-parallel,ocean-land,row-column,100,100,168,146,0.0,0.0,0.0,1.0000000000000004
basis-projected,axis-parallel,ocean-land,row-column,100,100,168,147,0.0,0.0,0.0,1.0000000000000004
basis-projected,axis-parallel,ocean-land,row-column,100,100,168,148,0.0,0.0,0.0,1.0000000000000004
basis-projected,axis-parallel,ocean-land,row-column,100,100,168,149,0.0,0.0,0.0,1.0000000000000004
basis-projected,axis-parallel,ocean-land,row-column,100,100,168,150,0.0,0.0,0.0,1.0000000000000004
basis-projected,axis-parallel,ocean-land,row-column,100,100,168,151,0.0,0.0,0.0,1.0000000000000004
basis-projected,axis-parallel,ocean-land,row-column,100,100,168,152,0.0,0.0,0.0,1.0000000000000004
basis-projected,axis-parallel,ocean-land,row-column,100,100,168,153,0.0,0.0,0.0,1.0000000000000004
basis-projected,axis-parallel,ocean-land,row-column,100,100,168,154,0.0,0.0,0.0,1.0000000000000004
basis-projected,axis-parallel,ocean-land,row-column,100,100,168,155,0.0,0.0,0.0,1.0000000000000004
basis-projected,axis-parallel,ocean-land,row-column,100,100,168,156,0.0,0.0,0.0,1.0000000000000004
basis-projected,axis-parallel,ocean-land,row-column,100,100,168,157,0.0,0.0,0.0,1.0000000000000004
basis-projected,axis-parallel,ocean-land,row-column,100,100,168,158,0.0,0.0,0.0,1.0000000000000004
basis-projected,axis-parallel,ocean-land,row-column,100,100,168,159,0.0,0.0,0.0,1.0000000000000004
basis-projected,axis-parallel,ocean-land,row-column,100,100,168,160,0.0,0.0,0.0,1.0000000000000004
basis-projected,axis-parallel,ocean-land,row-column,100,100,168,161,0.0,0.0,0.0,1.0000000000000004
basis-projected,axis-parallel,ocean-land,row-column,100,100,168,162,0.0,0.0,0.0,1.0000000000000004
basis-projected,axis-parallel,ocean-land,row-column,100,100,168,163,0.0,0.0,0.0,1.0000000000000004
basis-projected,axis-parallel,ocean-land,row-column,100,100,168,164,0.0,0.0,0.0,1.0000000000000004
basis-projected,axis-parallel,ocean-land,row-column,100,100,168,165,0.0,0.0,0.0,1.0000000000000004
basis-projected,axis-parallel,ocean-land,row-column,100,100,168,166,0.0,0.0,0.0,1.0000000000000004
basis-projected,axis-parallel,ocean-land,row-column,100,100,168,167,0.0,0.0,0.0,1.0000000000000004
basis-projected,axis-parallel,ocean-land,row-column,100,100,168,168,0.0,0.0,0.0,1.0000000000000004
basis-projected,axis-parallel,ocean-land,row-column,250,250,168,1,6.786115713099062e-08,1.0,0.4621343213719993,0.4621343213719993
basis-projected,axis-parallel,ocean-land,row-column,250,250,168,2,3.714814375062943e-08,0.547413945195826,0.13848410767108052,0.6006184290430798
basis-projected,axis-parallel,ocean-land,row-column,250,250,168,3,3.3402316030645915e-08,0.4922155389447648,0.1119641180548474,0.7125825470979272
basis-projected,axis-parallel,ocean-land,row-column,250,250,168,4,2.4104903118090434e-08,0.35520913785129493,0.0583091194071101,0.7708916665050373
basis-projected,axis-parallel,ocean-land,row-column,250,250,168,5,2.265389268689611e-08,0.3338270911468234,0.05150049221845378,0.822392158723491
basis-projected,axis-parallel,ocean-land,row-column,250,250,168,6,1.7149103989532764e-08,0.25270868807070734,0.029512674622818796,0.8519048333463097
basis-projected,axis-parallel,ocean-land,row-column,250,250,168,7,1.6054471261140807e-08,0.23657821263128895,0.025865311686161394,0.8777701450324712
basis-projected,axis-parallel,ocean-land,row-column,250,250,168,8,1.4311095471212385e-08,0.21088787866655517,0.020552821952286037,0.8983229669847572
basis-projected,axis-parallel,ocean-land,row-column,250,250,168,9,1.2099592001183852e-08,0.17829922908370582,0.014691534331467677,0.9130145013162249
basis-projected,axis-parallel,ocean-land,row-column,250,250,168,10,1.08665614396853e-08,0.1601293272778986,0.011849771660189584,0.9248642729764144
basis-projected,axis-parallel,ocean-land,row-column,250,250,168,11,1.0023963998737986e-08,0.14771283636365043,0.010083346665320268,0.9349476196417347
basis-projected,axis-parallel,ocean-land,row-column,250,250,168,12,8.554751952292295e-09,0.12606257119635142,0.007344133202364731,0.9422917528440993
basis-projected,axis-parallel,ocean-land,row-column,250,250,168,13,8.062566402662378e-09,0.11880973952594732,0.006523374490747019,0.9488151273348463
basis-projected,axis-parallel,ocean-land,row-column,250,250,168,14,7.384241694564211e-09,0.10881396673373256,0.005471891892056665,0.954287019226903
basis-projected,axis-parallel,ocean-land,row-column,250,250,168,15,7.309505288570094e-09,0.10771265327027577,0.0053616896402928224,0.9596487088671959
basis-projected,axis-parallel,ocean-land,row-column,250,250,168,16,7.192192246939175e-09,0.10598393176609522,0.005190967109590684,0.9648396759767865
basis-projected,axis-parallel,ocean-land,row-column,250,250,168,17,6.566963047768863e-09,0.09677057281962974,0.004327677077260245,0.9691673530540468
basis-projected,axis-parallel,ocean-land,row-column,250,250,168,18,5.8423266956610524e-09,0.08609235301401894,0.0034252902560107054,0.9725926433100576
basis-projected,axis-parallel,ocean-land,row-column,250,250,168,19,5.751521008944101e-09,0.0847542431061423,0.003319641024973414,0.975912284335031
basis-projected,axis-parallel,ocean-land,row-column,250,250,168,20,5.349819543450036e-09,0.07883478221751243,0.002872129170893658,0.9787844135059246
basis-projected,axis-parallel,ocean-land,row-column,250,250,168,21,5.231002370121588e-09,0.07708389587322127,0.0027459684031704143,0.981530381909095
basis-projected,axis-parallel,ocean-land,row-column,250,250,168,22,4.6681386947731305e-09,0.06878955343720922,0.0021868208389757625,0.9837172027480707
basis-projected,axis-parallel,ocean-land,row-column,250,250,168,23,4.331866727799481e-09,0.06383425969937105,0.001883110807085468,0.9856003135551562
basis-projected,axis-parallel,ocean-land,row-column,250,250,168,24,4.014480223530842e-09,0.05915726158016722,0.0016172767667225417,0.9872175903218786
basis-projected,axis-parallel,ocean-land,row-column,250,250,168,25,3.9232408340053805e-09,0.05781276064055983,0.001544598609687585,0.9887621889315663
basis-projected,axis-parallel,ocean-land,row-column,250,250,168,26,3.727114097230317e-09,0.054922642860863194,0.0013940266548309473,0.9901562155863972
basis-projected,axis-parallel,ocean-land,row-column,250,250,168,27,3.514431623342078e-09,0.051788560229797775,0.0012394696537554697,0.9913956852401526
basis-projected,axis-parallel,ocean-land,row-column,250,250,168,28,3.2021885104385226e-09,0.04718735497329381,0.0010290097550602678,0.9924246949952129
basis-projected,axis-parallel,ocean-land,row-column,250,250,168,29,2.859471722040741e-09,0.04213709053798151,0.0008205353845573019,0.9932452303797703
basis-projected,axis-parallel,ocean-land,row-column,250,250,168,30,2.7982035263145277e-09,0.04123424422181939,0.0007857498398486498,0.9940309802196189
basis-projected,axis-parallel,ocean-land,row-column,250,250,168,31,2.6552782979701768e-09,0.0391281022934042,0.0007075315229037578,0.9947385117425226
basis-projected,axis-parallel,ocean-land,row-column,250,250,168,32,2.5093078675861014e-09,0.0369770863579949,0.0006318785292454899,0.9953703902717681
basis-projected,axis-parallel,ocean-land,row-column,250,250,168,33,2.314026093660336e-09,0.03409941992579985,0.0005373561278662524,0.9959077463996344
basis-projected,axis-parallel,ocean-land,row-column,250,250,168,34,2.054403539879257e-09,0.03027362966879117,0.00042354271038589985,0.9963312891100202
basis-projected,axis-parallel,ocean-land,row-column,250,250,168,35,1.891825357782543e-09,0.027877882396417173,0.0003591598544222273,0.9966904489644424
basis-projected,axis-parallel,ocean-land,row-column,250,250,168,36,1.8364620276047054e-09,0.027062050003948956,0.00033844617316030186,0.9970288951376026
basis-projected,axis-parallel,ocean-land,row-column,250,250,168,37,1.726302120733748e-09,0.025438736881564106,0.0002990606756678271,0.9973279558132705
basis-projected,axis-parallel,ocean-land,row-column,250,250,168,38,1.6447455130995597e-09,0.024236921128897793,0.00027147079994484675,0.9975994266132154
basis-projected,axis-parallel,ocean-land,row-column,250,250,168,39,1.561262480322865e-09,0.023006717632432953,0.00024461188149159054,0.9978440384947069
basis-projected,axis-parallel,ocean-land,row-column,250,250,168,40,1.4010678359085187e-09,0.020646094100695542,0.00019698993113545718,0.9980410284258423
basis-projected,axis-parallel,ocean-land,row-column,250,250,168,41,1.335739358559042e-09,0.019683415594884412,0.00017904786550937906,0.9982200762913517
basis-projected,axis-parallel,ocean-land,row-column,250,250,168,42,1.2890826690679297e-09,0.018995884001500995,0.00016675821636593627,0.9983868345077177
basis-projected,axis-parallel,ocean-land,row-column,250,250,168,43,1.1939255505529697e-09,0.01759365152363032,0.00014304747453523697,0.9985298819822529
basis-projected,axis-parallel,ocean-land,row-column,250,250,168,44,1.1723189005604482e-09,0.017275256569786332,0.00013791682030308747,0.998667798802556
basis-projected,axis-parallel,ocean-land,row-column,250,250,168,45,1.1311963757281738e-09,0.016669276262776585,0.00012841084743693004,0.9987962096499929
basis-projected,axis-parallel,ocean-land,row-column,250,250,168,46,1.0542837776261607e-09,0.015535894496922656,0.00011154259657863915,0.9989077522465716
basis-projected,axis-parallel,ocean-land,row-column,250,250,168,47,9.914241962825533e-10,0.01460959756947311,9.86381072070452e-05,0.9990063903537787
basis-projected,axis-parallel,ocean-land,row-column,250,250,168,48,9.242564296126777e-10,0.013619815350755215,8.572562555707308e-05,0.9990921159793358
basis-projected,axis-parallel,ocean-land,row-column,250,250,168,49,8.647359955964515e-10,0.012742723999345815,7.503999159808443e-05,0.9991671559709339
basis-projected,axis-parallel,ocean-land,row-column,250,250,168,50,8.507984853524331e-10,0.012537341261513697,7.26405490642416e-05,0.9992397965199982
basis-projected,axis-parallel,ocean-land,row-column,250,250,168,51,8.223506186355042e-10,0.012118134340800325,6.786404609789942e-05,0.9993076605660961
basis-projected,axis-parallel,ocean-land,row-column,250,250,168,52,8.065916044253535e-10,0.011885909974514742,6.528795966856478e-05,0.9993729485257645
basis-projected,axis-parallel,ocean-land,row-column,250,250,168,53,7.584525383856455e-10,0.011176534124250554,5.7727469486878225e-05,0.9994306759952515
basis-projected,axis-parallel,ocean-land,row-column,250,250,168,54,7.063763269401246e-10,0.0104091406159878,5.007235001253776e-05,0.999480748345264
basis-projected,axis-parallel,ocean-land,row-column,250,250,168,55,6.768320812931311e-10,0.009973777487858921,4.597138345300834e-05,0.9995267197287171
basis-projected,axis-parallel,ocean-land,row-column,250,250,168,56,6.312031232265908e-10,0.009301390514284864,3.99819507903971e-05,0.9995667016795076
basis-projected,axis-parallel,ocean-land,row-column,250,250,168,57,5.997244076304762e-10,0.008837521094325637,3.6093512678927884e-05,0.9996027951921864
basis-projected,axis-parallel,ocean-land,row-column,250,250,168,58,5.575145757798857e-10,0.008215518263323007,3.11916360208917e-05,0.9996339868282074
basis-projected,axis-parallel,ocean-land,row-column,250,250,168,59,5.345620097718353e-10,0.007877289930968673,2.867621872435147e-05,0.9996626630469316
basis-projected,axis-parallel,ocean-land,row-column,250,250,168,60,5.245659303751889e-10,0.007729988001274912,2.7613780165524904e-05,0.9996902768270971
basis-projected,axis-parallel,ocean-land,row-column,250,250,168,61,5.117724309083377e-10,0.007541463372345343,2.6283274795306687e-05,0.9997165601018924
basis-projected,axis-parallel,ocean-land,row-column,250,250,168,62,4.824796255450048e-10,0.007109805460783508,2.3360582020721304e-05,0.999739920683913
basis-projected,axis-parallel,ocean-land,row-column,250,250,168,63,4.6217610834590264e-10,0.006810613433157,2.14358487888653e-05,0.9997613565327019
basis-projected,axis-parallel,ocean-land,row-column,250,250,168,64,4.459062057755101e-10,0.006570860631138208,1.995320824612389e-05,0.9997813097409479
basis-projected,axis-parallel,ocean-land,row-column,250,250,168,65,4.4020142168298023e-10,0.00648679510184701,1.9445923983614038e-05,0.9998007556649315
basis-projected,axis-parallel,ocean-land,row-column,250,250,168,66,4.1353659972543834e-10,0.00609386307585648,1.716143528713261e-05,0.9998179171002187
basis-projected,axis-parallel,ocean-land,row-column,250,250,168,67,3.8501481916066114e-10,0.0056735669628721055,1.48758090012522e-05,0.99983279290922
basis-projected,axis-parallel,ocean-land,row-column,250,250,168,68,3.698977861426747e-10,0.005450802812405198,1.3730588956511074e-05,0.9998465234981764
basis-projected,axis-parallel,ocean-land,row-column,250,250,168,69,3.623173761377408e-10,0.00533909811526451,1.3173586493026385e-05,0.9998596970846695
basis-projected,axis-parallel,ocean-land,row-column,250,250,168,70,3.4368337705883816e-10,0.005064508057170836,1.1853394981208056e-05,0.9998715504796507
basis-projected,axis-parallel,ocean-land,row-column,250,250,168,71,3.3705117062349145e-10,0.004966776059725749,1.1400328921204312e-05,0.9998829508085718
basis-projected,axis-parallel,ocean-land,row-column,250,250,168,72,3.118146047296728e-10,0.004594890772755101,9.75705173063654e-06,0.9998927078603025
basis-projected,axis-parallel,ocean-land,row-column,250,250,168,73,3.0817182072140404e-10,0.004541210815585535,9.530409255619855e-06,0.999902238269558
basis-projected,axis-parallel,ocean-land,row-column,250,250,168,74,2.997658746226358e-10,0.0044173410430359385,9.017581673159919e-06,0.9999112558512313
basis-projected,axis-parallel,ocean-land,row-column,250,250,168,75,2.8991471667704334e-10,0.004272174671549271,8.434633671347247e-06,0.9999196904849025
basis-projected,axis-parallel,ocean-land,row-column,250,250,168,76,2.789742636892174e-10,0.004110956480608202,7.810053017921821e-06,0.9999275005379205
basis-projected,axis-parallel,ocean-land,row-column,250,250,168,77,2.6722605134025955e-10,0.003937835171664405,7.1661070382212105e-06,0.9999346666449587
basis-projected,axis-parallel,ocean-land,row-column,250,250,168,78,2.407829821652738e-10,0.003548170888104615,5.818047734000604e-06,0.9999404846926927
basis-projected,axis-parallel,ocean-land,row-column,250,250,168,79,2.381848088665504e-10,0.003509884283387454,5.693165653063465e-06,0.9999461778583457
basis-projected,axis-parallel,ocean-land,row-column,250,250,168,80,2.2635036533018578e-10,0.0033354922742220208,5.141479418258696e-06,0.9999513193377639
basis-projected,axis-parallel,ocean-land,row-column,250,250,168,81,2.1695555728651958e-10,0.003197050661363406,4.7235363308705e-06,0.9999560428740948
basis-projected,axis-parallel,ocean-land,row-column,250,250,168,82,2.0589525306461635e-10,0.0030340663461895017,4.25420457326307e-06,0.9999602970786681
basis-projected,axis-parallel,ocean-land,row-column,250,250,168,83,2.0058702038092682e-10,0.002955844386704738,4.037674977728685e-06,0.9999643347536459
basis-projected,axis-parallel,ocean-land,row-column,250,250,168,84,1.906724144548562e-10,0.002809743047658416,3.648391490190097e-06,0.999967983145136
basis-projected,axis-parallel,ocean-land,row-column,250,250,168,85,1.8054225666867992e-10,0.00266046534279078,3.2710217750261475e-06,0.9999712541669111
basis-projected,axis-parallel,ocean-land,row-column,250,250,168,86,1.7782230042062108e-10,0.0026203841481419973,3.173205150757379e-06,0.9999744273720619
basis-projected,axis-parallel,ocean-land,row-column,250,250,168,87,1.708635455444301e-10,0.0025178401425518973,2.929709303239612e-06,0.999977357081365
basis-projected,axis-parallel,ocean-land,row-column,250,250,168,88,1.565476670497042e-10,0.002306881781392621,2.4593418601570464e-06,0.9999798164232252
basis-projected,axis-parallel,ocean-land,row-column,250,250,168,89,1.5434805866691532e-10,0.002274468417462751,2.3907163131061413e-06,0.9999822071395382
basis-projected,axis-parallel,ocean-land,row-column,250,250,168,90,1.4500346201187233e-10,0.0021367667181385656,2.1099999483383472e-06,0.9999843171394867
basis-projected,axis-parallel,ocean-land,row-column,250,250,168,91,1.3819333500103223e-10,0.002036412888366776,1.9164606104817075e-06,0.9999862336000972
basis-projected,axis-parallel,ocean-land,row-column,250,250,168,92,1.369056645439291e-10,0.0020174378146789284,1.8809122606934365e-06,0.9999881145123579
basis-projected,axis-parallel,ocean-land,row-column,250,250,168,93,1.2265731143409725e-10,0.0018074745055899216,1.5097762319198003e-06,0.9999896242885898
basis-projected,axis-parallel,ocean-land,row-column,250,250,168,94,1.1341977175192828e-10,0.0016713503946447165,1.2909316244071507e-06,0.9999909152202143
basis-projected,axis-parallel,ocean-land,row-column,250,250,168,95,1.0396697162550035e-10,0.0015320542121734768,1.084717108171573e-06,0.9999919999373225
basis-projected,axis-parallel,ocean-land,row-column,250,250,168,96,9.47574184030666e-11,0.0013963425088693792,9.010567458630754e-07,0.9999929009940683
basis-projected,axis-parallel,ocean-land,row-column,250,250,168,97,9.161124799829069e-11,0.0013499806350406888,8.422156380004799e-07,0.9999937432097064
basis-projected,axis-parallel,ocean-land,row-column,250,250,168,98,8.389897647928885e-11,0.0012363328305372225,7.063810297047097e-07,0.999994449590736
basis-projected,axis-parallel,ocean-land,row-column,250,250,168,99,7.770883294871872e-11,0.001145115058953672,6.059914202581928e-07,0.9999950555821564
basis-projected,axis-parallel,ocean-land,row-column,250,250,168,100,7.390722919848829e-11,0.0010890947387741576,5.481501579648256e-07,0.9999956037323143
basis-projected,axis-parallel,ocean-land,row-column,250,250,168,101,6.932338454919417e-11,0.0010215473398925553,4.822644153226947e-07,0.9999960859967295
basis-projected,axis-parallel,ocean-land,row-column,250,250,168,102,6.59984276340746e-11,0.0009725508733468773,4.3711215154481577e-07,0.9999965231088811
basis-projected,axis-parallel,ocean-land,row-column,250,250,168,103,5.982788955366732e-11,0.0008816220070957988,3.591973041642264e-07,0.9999968823061853
basis-projected,axis-parallel,ocean-land,row-column,250,250,168,104,5.539211362045385e-11,0.0008162565444254348,3.0790842773667035e-07,0.999997190214613
basis-projected,axis-parallel,ocean-land,row-column,250,250,168,105,5.123810858267319e-11,0.0007550432493181572,2.6345829776588536e-07,0.9999974536729108
basis-projected,axis-parallel,ocean-land,row-column,250,250,168,106,5.007289964810184e-11,0.0007378727649964387,2.516119045095567e-07,0.9999977052848154
basis-projected,axis-parallel,ocean-land,row-column,250,250,168,107,4.7257111859094307e-11,0.0006963793996007928,2.241093902824689e-07,0.9999979293942056
basis-projected,axis-parallel,ocean-land,row-column,250,250,168,108,4.4590857885432896e-11,0.0006570895600757342,1.995342062559402e-07,0.9999981289284119
basis-projected,axis-parallel,ocean-land,row-column,250,250,168,109,4.390621045193319e-11,0.0006470006157894151,1.9345395437857243e-07,0.9999983223823663
basis-projected,axis-parallel,ocean-land,row-column,250,250,168,110,4.1073348575777025e-11,0.0006052556471516425,1.6929569860394137e-07,0.9999984916780648
basis-projected,axis-parallel,ocean-land,row-column,250,250,168,111,3.941174585585961e-11,0.0005807703187227437,1.558752091712608e-07,0.999998647553274
basis-projected,axis-parallel,ocean-land,row-column,250,250,168,112,3.855427168977735e-11,0.0005681346048278701,1.4916629713172934e-07,0.999998796719571
basis-projected,axis-parallel,ocean-land,row-column,250,250,168,113,3.4958761676311474e-11,0.0005151512758444642,1.226415930140595e-07,0.999998919361164
basis-projected,axis-parallel,ocean-land,row-column,250,250,168,114,3.411700929141195e-11,0.0005027472376510877,1.1680666102369529e-07,0.999999036167825
basis-projected,axis-parallel,ocean-land,row-column,250,250,168,115,3.2852200183472956e-11,0.0004841090481268867,1.0830652532867453e-07,0.9999991444743503
basis-projected,axis-parallel,ocean-land,row-column,250,250,168,116,3.048489985653682e-11,0.0004492245806786438,9.325996485403291e-08,0.9999992377343152
basis-projected,axis-parallel,ocean-land,row-column,250,250,168,117,2.824222698349013e-11,0.00041617661969681565,8.004304105915219e-08,0.9999993177773562
basis-projected,axis-parallel,ocean-land,row-column,250,250,168,118,2.6749869742339234e-11,0.00039418528762639077,7.180737406219702e-08,0.9999993895847302
basis-projected,axis-parallel,ocean-land,row-column,250,250,168,119,2.5347506705727576e-11,0.000373520107486525,6.447571921311386e-08,0.9999994540604494
basis-projected,axis-parallel,ocean-land,row-column,250,250,168,120,2.3713375404580882e-11,0.00034943959707034726,5.643031250270769e-08,0.999999510490762
basis-projected,axis-parallel,ocean-land,row-column,250,250,168,121,2.3058501219831022e-11,0.0003397893904950928,5.335656373037624e-08,0.9999995638473256
basis-projected,axis-parallel,ocean-land,row-column,250,250,168,122,2.1725205765233228e-11,0.0003201419881965412,4.7364559101485e-08,0.9999996112118847
basis-projected,axis-parallel,ocean-land,row-column,250,250,168,123,2.0414662519969998e-11,0.0003008298617803423,4.182251174820315e-08,0.9999996530343964
basis-projected,axis-parallel,ocean-land,row-column,250,250,168,124,2.0201642057049522e-11,0.0002976907985529162,4.095425646757249e-08,0.999999693988653
basis-projected,axis-parallel,ocean-land,row-column,250,250,168,125,1.8771011925540985e-11,0.00027660907534051907,3.535908949385659e-08,0.9999997293477425
basis-projected,axis-parallel,ocean-land,row-column,250,250,168,126,1.8204061428853634e-11,0.0002682545096263951,3.325540848458597e-08,0.999999762603151
basis-projected,axis-parallel,ocean-land,row-column,250,250,168,127,1.7822841637632167e-11,0.000262636866082746,3.18771582588805e-08,0.9999997944803093
basis-projected,axis-parallel,ocean-land,row-column,250,250,168,128,1.582995165017642e-11,0.00023326969829913567,2.51469245549563e-08,0.9999998196272339
basis-projected,axis-parallel,ocean-land,row-column,250,250,168,129,1.468286061016473e-11,0.0002163661987346132,2.1634509528445562e-08,0.9999998412617435
basis-projected,axis-parallel,ocean-land,row-column,250,250,168,130,1.3603209269043513e-11,0.000200456488573951,1.8569852770204855e-08,0.9999998598315962
basis-projected,axis-parallel,ocean-land,row-column,250,250,168,131,1.3194686237758623e-11,0.00019443650529402652,1.74712443149826e-08,0.9999998773028406
basis-projected,axis-parallel,ocean-land,row-column,250,250,168,132,1.2596131001440703e-11,0.00018561621307350715,1.5922088717833937e-08,0.9999998932249293
basis-projected,axis-parallel,ocean-land,row-column,250,250,168,133,1.1926643937343819e-11,0.00017575067154133742,1.4274542887460341e-08,0.9999999074994722
basis-projected,axis-parallel,ocean-land,row-column,250,250,168,134,1.0929376068159997e-11,0.00016105496178120437,1.1987163851895311e-08,0.9999999194866361
basis-projected,axis-parallel,ocean-land,row-column,250,250,168,135,1.0460221071161091e-11,0.00015414150765171895,1.0980128646747592e-08,0.9999999304667648
basis-projected,axis-parallel,ocean-land,row-column,250,250,168,136,1.0048342509954556e-11,0.00014807207738233086,1.0132452168111194e-08,0.999999940599217
basis-projected,axis-parallel,ocean-land,row-column,250,250,168,137,9.493913192666643e-12,0.00013990202339669497,9.045159196808192e-09,0.9999999496443761
basis-projected,axis-parallel,ocean-land,row-column,250,250,168,138,8.761340115055301e-12,0.00012910684823931777,7.703122103479554e-09,0.9999999573474982
basis-projected,axis-parallel,ocean-land,row-column,250,250,168,139,8.258880561651809e-12,0.00012170261915383948,6.844915213810278e-09,0.9999999641924134
basis-projected,axis-parallel,ocean-land,row-column,250,250,168,140,7.767012813119158e-12,0.0001144544705909847,6.053879123856861e-09,0.9999999702462925
basis-projected,axis-parallel,ocean-land,row-column,250,250,168,141,7.180303783703736e-12,0.00010580874372424542,5.173820288418792e-09,0.9999999754201127
basis-projected,axis-parallel,ocean-land,row-column,250,250,168,142,6.7627803090161444e-12,9.965613017712218e-05,4.5896150500180795e-09,0.9999999800097277
basis-projected,axis-parallel,ocean-land,row-column,250,250,168,143,6.098848216478272e-12,8.987244654119033e-05,3.7326850923827724e-09,0.9999999837424128
basis-projected,axis-parallel,ocean-land,row-column,250,250,168,144,5.45116037038052e-12,8.032813763930208e-05,2.981972403216004e-09,0.9999999867243851
basis-projected,axis-parallel,ocean-land,row-column,250,250,168,145,5.007798496743482e-12,7.379477021113947e-05,2.516630136669931e-09,0.9999999892410153
basis-projected,axis-parallel,ocean-land,row-column,250,250,168,146,4.671768150555277e-12,6.884303699003371e-05,2.1902226466493816e-09,0.999999991431238
basis-projected,axis-parallel,ocean-land,row-column,250,250,168,147,4.173634894918013e-12,6.150256010020216e-05,1.748053062588982e-09,0.9999999931792911
basis-projected,axis-parallel,ocean-land,row-column,250,250,168,148,3.751013733900924e-12,5.5274827198428705e-05,1.4119620060429516e-09,0.9999999945912531
basis-projected,axis-parallel,ocean-land,row-column,250,250,168,149,3.699186970649283e-12,5.451110955135703e-05,1.3732141425352907e-09,0.9999999959644672
basis-projected,axis-parallel,ocean-land,row-column,250,250,168,150,3.07577806286865e-12,4.5324574364854345e-05,9.493704117896242e-10,0.9999999969138377
basis-projected,axis-parallel,ocean-land,row-column,250,250,168,151,2.5464615791004184e-12,3.752458234959139e-05,6.507286947518675e-10,0.9999999975645664
basis-projected,axis-parallel,ocean-land,row-column,250,250,168,152,2.4573768364772994e-12,3.6211832222870725e-05,6.059952535213759e-10,0.9999999981705615
basis-projected,axis-parallel,ocean-land,row-column,250,250,168,153,2.318147195679048e-12,3.416014836299342e-05,5.39271811838647e-10,0.9999999987098332
basis-projected,axis-parallel,ocean-land,row-column,250,250,168,154,1.961209574950223e-12,2.8900326163972588e-05,3.859879188867929e-10,0.9999999990958213
basis-projected,axis-parallel,ocean-land,row-column,250,250,168,155,1.9055862994843147e-12,2.808066322544444e-05,3.644038405756856e-10,0.9999999994602251
basis-projected,axis-parallel,ocean-land,row-column,250,250,168,156,1.4835928668371408e-12,2.1862180510323457e-05,2.208793803025235e-10,0.9999999996811045
basis-projected,axis-parallel,ocean-land,row-column,250,250,168,157,1.1445254950161419e-12,1.6865693769513747e-05,1.3145485929579655e-10,0.9999999998125594
basis-projected,axis-parallel,ocean-land,row-column,250,250,168,158,9.747651707827858e-13,1.4364110663501097e-05,9.535110013723535e-11,0.9999999999079104
basis-projected,axis-parallel,ocean-land,row-column,250,250,168,159,6.300738820279808e-13,9.284750049454149e-06,3.983902095471604e-11,0.9999999999477495
basis-projected,axis-parallel,ocean-land,row-column,250,250,168,160,5.315279490518253e-13,7.832580102131633e-06,2.8351622231646774e-11,0.9999999999761011
basis-projected,axis-parallel,ocean-land,row-column,250,250,168,161,3.5986489208726513e-13,5.302958382991132e-06,1.29958491373021e-11,0.9999999999890969
basis-projected,axis-parallel,ocean-land,row-column,250,250,168,162,2.6228383427445183e-13,3.865006807475626e-06,6.9034907912322835e-12,0.9999999999960005
basis-projected,axis-parallel,ocean-land,row-column,250,250,168,163,1.634294219440875e-13,2.4082911175331706e-06,2.680317187309472e-12,0.9999999999986808
basis-projected,axis-parallel,ocean-land,row-column,250,250,168,164,9.281995216535888e-14,1.3677920638192324e-06,8.645863658171093e-13,0.9999999999995455
basis-projected,axis-parallel,ocean-land,row-column,250,250,168,165,4.503376920358759e-14,6.63616288131664e-07,2.0351775230697526e-13,0.9999999999997489
basis-projected,axis-parallel,ocean-land,row-column,250,250,168,166,3.59311015287681e-14,5.294796470890002e-07,1.2955875468842588e-13,0.9999999999998784
basis-projected,axis-parallel,ocean-land,row-column,250,250,168,167,3.250964823665346e-14,4.79061212792186e-07,1.0605966297535767e-13,0.9999999999999845
basis-projected,axis-parallel,ocean-land,row-column,250,250,168,168,1.2049835867024989e-14,1.775660241655695e-07,1.457095324895518e-14,0.999999999999999
basis-projected,axis-parallel,ocean-land,row-column,500,500,168,1,6.211095656728744e-08,1.0,0.5408918244234798,0.5408918244234798
basis-projected,axis-parallel,ocean-land,row-column,500,500,168,2,3.021198478181465e-08,0.48641956993666197,0.12797716815350313,0.668868992576983
basis-projected,axis-parallel,ocean-land,row-column,500,500,168,3,2.2910801001329165e-08,0.36886891246810727,0.0735960537193566,0.7424650462963396
basis-projected,axis-parallel,ocean-land,row-column,500,500,168,4,1.9801007006304693e-08,0.3188005482551765,0.05497288586239999,0.7974379321587395
basis-projected,axis-parallel,ocean-land,row-column,500,500,168,5,1.587115498465275e-08,0.25552907026087823,0.03531758887417009,0.8327555210329096
basis-projected,axis-parallel,ocean-land,row-column,500,500,168,6,1.4154614764618975e-08,0.22789239687984322,0.028091186912032384,0.8608467079449421
basis-projected,axis-parallel,ocean-land,row-column,500,500,168,7,1.29415676169432e-08,0.2083620722041698,0.02348268502912001,0.884329392974062
basis-projected,axis-parallel,ocean-land,row-column,500,500,168,8,1.0944361097109885e-08,0.17620660994414716,0.016794025520383987,0.901123418494446
basis-projected,axis-parallel,ocean-land,row-column,500,500,168,9,1.0069383645829183e-08,0.1621192814011903,0.01421607667645309,0.9153394951708992
basis-projected,axis-parallel,ocean-land,row-column,500,500,168,10,9.251851759184106e-09,0.14895683902664067,0.012001383467184608,0.9273408786380837
basis-projected,axis-parallel,ocean-land,row-column,500,500,168,11,7.658544565127562e-09,0.12330424434585442,0.008223685045857822,0.9355645636839416
basis-projected,axis-parallel,ocean-land,row-column,500,500,168,12,6.946210368436768e-09,0.11183550781272612,0.006765031845487589,0.9423295955294292
basis-projected,axis-parallel,ocean-land,row-column,500,500,168,13,6.3862865079462555e-09,0.10282061106284394,0.005718350589462032,0.9480479461188912
basis-projected,axis-parallel,ocean-land,row-column,500,500,168,14,6.175523863901511e-09,0.09942728634699585,0.00534714043072621,0.9533950865496175
basis-projected,axis-parallel,ocean-land,row-column,500,500,168,15,5.962723490607822e-09,0.09600115374407654,0.004984978872348573,0.9583800654219661
basis-projected,axis-parallel,ocean-land,row-column,500,500,168,16,5.473843545723435e-09,0.0881300795906015,0.004201058622329868,0.9625811240442959
basis-projected,axis-parallel,ocean-land,row-column,500,500,168,17,5.148887536979849e-09,0.08289821670033112,0.0037170704587336395,0.9662981945030296
basis-projected,axis-parallel,ocean-land,row-column,500,500,168,18,4.986531858620815e-09,0.08028425473078478,0.003486351550366051,0.9697845460533956
basis-projected,axis-parallel,ocean-land,row-column,500,500,168,19,4.508358477524123e-09,0.07258555859850631,0.0028497769138361283,0.9726343229672317
basis-projected,axis-parallel,ocean-land,row-column,500,500,168,20,4.410443642908e-09,0.07100910832261903,0.0027273353114398977,0.9753616582786716
basis-projected,axis-parallel,ocean-land,row-column,500,500,168,21,4.280514234480049e-09,0.0689172163987329,0.0025690104605884806,0.97793066873926
basis-projected,axis-parallel,ocean-land,row-column,500,500,168,22,4.05282456261502e-09,0.06525136282878564,0.002302976946381338,0.9802336456856413
basis-projected,axis-parallel,ocean-land,row-column,500,500,168,23,3.616076003601278e-09,0.05821961540205598,0.0018333656134302944,0.9820670112990716
basis-projected,axis-parallel,ocean-land,row-column,500,500,168,24,3.5442007292057246e-09,0.057062407747112076,0.0017612078099598961,0.9838282191090315
basis-projected,axis-parallel,ocean-land,row-column,500,500,168,25,3.1896524953825103e-09,0.05135410355380735,0.0014264636925470948,0.9852546828015786
basis-projected,axis-parallel,ocean-land,row-column,500,500,168,26,3.1761426289476973e-09,0.05113659174620579,0.0014144056255075393,0.9866690884270862
basis-projected,axis-parallel,ocean-land,row-column,500,500,168,27,3.1141120021372493e-09,0.050137885072879196,0.001359697935515761,0.9880287863626019
basis-projected,axis-parallel,ocean-land,row-column,500,500,168,28,2.901359525394011e-09,0.04671252361490915,0.0011802583400145094,0.9892090447026164
basis-projected,axis-parallel,ocean-land,row-column,500,500,168,29,2.6475502509425364e-09,0.04262613872440255,0.0009827937933883845,0.9901918384960048
basis-projected,axis-parallel,ocean-land,row-column,500,500,168,30,2.51653242818421e-09,0.04051672309148779,0.0008879306423380393,0.9910797691383428
basis-projected,axis-parallel,ocean-land,row-column,500,500,168,31,2.4748406577153807e-09,0.03984547645847766,0.000858753392612334,0.9919385225309552
basis-projected,axis-parallel,ocean-land,row-column,500,500,168,32,2.2438370594256824e-09,0.036126267947505175,0.0007059218338482276,0.9926444443648033
basis-projected,axis-parallel,ocean-land,row-column,500,500,168,33,2.134765124821819e-09,0.034370185918955166,0.0006389607480803234,0.9932834051128836
basis-projected,axis-parallel,ocean-land,row-column,500,500,168,34,2.074744521648014e-09,0.03340384106627556,0.0006035360754039423,0.9938869411882875
basis-projected,axis-parallel,ocean-land,row-column,500,500,168,35,1.908495618444653e-09,0.03072719732430941,0.0005106887794519865,0.9943976299677395
basis-projected,axis-parallel,ocean-land,row-column,500,500,168,36,1.7895538316957132e-09,0.028812208515207993,0.000449017756265878,0.9948466477240054
basis-projected,axis-parallel,ocean-land,row-column,500,500,168,37,1.7502709050313994e-09,0.02817974479486975,0.00042952112502608745,0.9952761688490315
basis-projected,axis-parallel,ocean-land,row-column,500,500,168,38,1.6534988365246328e-09,0.026621693303553087,0.000383337908297003,0.9956595067573286
basis-projected,axis-parallel,ocean-land,row-column,500,500,168,39,1.5871128931178486e-09,0.025552865079423816,0.00035317472922289034,0.9960126814865514
basis-projected,axis-parallel,ocean-land,row-column,500,500,168,40,1.5477847455608286e-09,0.024919673292811834,0.0003358884773441573,0.9963485699638955
basis-projected,axis-parallel,ocean-land,row-column,500,500,168,41,1.4395534693453914e-09,0.023177126048378627,0.00029055582231096445,0.9966391257862064
basis-projected,axis-parallel,ocean-land,row-column,500,500,168,42,1.4069454754282074e-09,0.022652130206753513,0.0002775418736269473,0.9969166676598334
basis-projected,axis-parallel,ocean-land,row-column,500,500,168,43,1.3315730546953072e-09,0.02143861773007404,0.00024860163358020483,0.9971652692934135
basis-projected,axis-parallel,ocean-land,row-column,500,500,168,44,1.2778787426374353e-09,0.0205741275495098,0.00022895665576226008,0.9973942259491757
basis-projected,axis-parallel,ocean-land,row-column,500,500,168,45,1.189786043863145e-09,0.019155815811244176,0.00019847770163517316,0.9975927036508109
basis-projected,axis-parallel,ocean-land,row-column,500,500,168,46,1.1380393530836581e-09,0.018322682759695893,0.00018158858381958713,0.9977742922346304
basis-projected,axis-parallel,ocean-land,row-column,500,500,168,47,1.0864474571084303e-09,0.01749204193838869,0.00016549749971853914,0.9979397897343489
basis-projected,axis-parallel,ocean-land,row-column,500,500,168,48,1.0112937427341721e-09,0.016282050681969366,0.00014339322145084823,0.9980831829557997
basis-projected,axis-parallel,ocean-land,row-column,500,500,168,49,9.750676077520355e-10,0.01569880197700229,0.0001333040793519326,0.9982164870351515
basis-projected,axis-parallel,ocean-land,row-column,500,500,168,50,8.925288865842343e-10,0.014369910494251039,0.00011169109359557965,0.9983281781287471
basis-projected,axis-parallel,ocean-land,row-column,500,500,168,51,8.593248403479697e-10,0.013835318079782373,0.00010353536372648775,0.9984317134924735
basis-projected,axis-parallel,ocean-land,row-column,500,500,168,52,8.292732002806902e-10,0.01335148009485739,9.642046961448145e-05,0.9985281339620881
basis-projected,axis-parallel,ocean-land,row-column,500,500,168,53,8.046976939953251e-10,0.012955809062827133,9.0790309169788e-05,0.9986189242712578
basis-projected,axis-parallel,ocean-land,row-column,500,500,168,54,7.669592340785353e-10,0.012348211595286826,8.247428188345752e-05,0.9987013985531411
basis-projected,axis-parallel,ocean-land,row-column,500,500,168,55,7.619189042074161e-10,0.01226706118077568,8.13938290507606e-05,0.9987827923821919
basis-projected,axis-parallel,ocean-land,row-column,500,500,168,56,7.471191232834309e-10,0.012028781467470155,7.826249462788233e-05,0.9988610548768199
basis-projected,axis-parallel,ocean-land,row-column,500,500,168,57,7.010281342372278e-10,0.01128670645215026,6.89040702536809e-05,0.9989299589470735
basis-projected,axis-parallel,ocean-land,row-column,500,500,168,58,6.75605227982489e-10,0.01087739209507387,6.399705432442464e-05,0.998993956001398
basis-projected,axis-parallel,ocean-land,row-column,500,500,168,59,6.552999343927617e-10,0.010550472422411453,6.020800407937481e-05,0.9990541640054773
basis-projected,axis-parallel,ocean-land,row-column,500,500,168,60,6.27243641489249e-10,0.010098759963706714,5.5162827186204e-05,0.9991093268326635
basis-projected,axis-parallel,ocean-land,row-column,500,500,168,61,5.98767351760847e-10,0.009640285464162459,5.026783786388739e-05,0.9991595946705275
basis-projected,axis-parallel,ocean-land,row-column,500,500,168,62,5.853122696718963e-10,0.009423655696524374,4.803405353438487e-05,0.9992076287240619
basis-projected,axis-parallel,ocean-land,row-column,500,500,168,63,5.438114499345018e-10,0.008755483412099243,4.1463950394406795e-05,0.9992490926744562
basis-projected,axis-parallel,ocean-land,row-column,500,500,168,64,5.410001736447551e-10,0.008710221248302086,4.1036356159471495e-05,0.9992901290306156
basis-projected,axis-parallel,ocean-land,row-column,500,500,168,65,5.291077977294666e-10,0.00851875139221631,3.925204657080655e-05,0.9993293810771865
basis-projected,axis-parallel,ocean-land,row-column,500,500,168,66,5.115443119985497e-10,0.008235975426402779,3.668939086331765e-05,0.9993660704680499
basis-projected,axis-parallel,ocean-land,row-column,500,500,168,67,4.911653120073316e-10,0.007907869064538255,3.382434199572724e-05,0.9993998948100457
basis-projected,axis-parallel,ocean-land,row-column,500,500,168,68,4.700590283043875e-10,0.0075680532756753245,3.09798120347497e-05,0.9994308746220804
basis-projected,axis-parallel,ocean-land,row-column,500,500,168,69,4.578922177473638e-10,0.007372164961769824,2.939683036241058e-05,0.9994602714524429
basis-projected,axis-parallel,ocean-land,row-column,500,500,168,70,4.439247787193358e-10,0.007147286135231442,2.7630755203888735e-05,0.9994879022076468
basis-projected,axis-parallel,ocean-land,row-column,500,500,168,71,4.319384888240897e-10,0.006954304243505771,2.6158798378758232e-05,0.9995140610060255
basis-projected,axis-parallel,ocean-land,row-column,500,500,168,72,4.2947184498250887e-10,0.006914590737581762,2.586088465830847e-05,0.9995399218906839
basis-projected,axis-parallel,ocean-land,row-column,500,500,168,73,4.152809554421536e-10,0.006686114308870159,2.4180095487795394e-05,0.9995641019861717
basis-projected,axis-parallel,ocean-land,row-column,500,500,168,74,3.936614550283668e-10,0.0063380356185932605,2.1728000778738056e-05,0.9995858299869506
basis-projected,axis-parallel,ocean-land,row-column,500,500,168,75,3.838146894856942e-10,0.006179500537395385,2.065461793128426e-05,0.9996064846048818
basis-projected,axis-parallel,ocean-land,row-column,500,500,168,76,3.732272115053374e-10,0.006009039823770939,1.953082468133037e-05,0.9996260154295632
basis-projected,axis-parallel,ocean-land,row-column,500,500,168,77,3.6971756816587575e-10,0.005952533797565088,1.916523536036176e-05,0.9996451806649235
basis-projected,axis-parallel,ocean-land,row-column,500,500,168,78,3.588671013953129e-10,0.00577783890683662,1.8056820265477108e-05,0.9996632374851889
basis-projected,axis-parallel,ocean-land,row-column,500,500,168,79,3.38273342162672e-10,0.005446274874163402,1.604388461845901e-05,0.9996792813698075
basis-projected,axis-parallel,ocean-land,row-column,500,500,168,80,3.363870997775115e-10,0.005415905958767339,1.5865459198577164e-05,0.9996951468290061
basis-projected,axis-parallel,ocean-land,row-column,500,500,168,81,3.300477565595508e-10,0.005313841144951551,1.5273112529383907e-05,0.9997104199415353
basis-projected,axis-parallel,ocean-land,row-column,500,500,168,82,3.207878845149896e-10,0.005164755177574289,1.4428125009332621e-05,0.9997248480665446
basis-projected,axis-parallel,ocean-land,row-column,500,500,168,83,3.143390879862069e-10,0.005060928141489335,1.3853858866090563e-05,0.9997387019254107
basis-projected,axis-parallel,ocean-land,row-column,500,500,168,84,3.0819676421284846e-10,0.004962035383869282,1.3317727699681595e-05,0.9997520196531103
basis-projected,axis-parallel,ocean-land,row-column,500,500,168,85,3.0173893563715804e-10,0.004858062929851538,1.2765466480356655e-05,0.9997647851195907
basis-projected,axis-parallel,ocean-land,row-column,500,500,168,86,2.9908815946333444e-10,0.00481538485306243,1.254216245632391e-05,0.9997773272820469
basis-projected,axis-parallel,ocean-land,row-column,500,500,168,87,2.8455932529241397e-10,0.004581467441805356,1.135323497242733e-05,0.9997886805170194
basis-projected,axis-parallel,ocean-land,row-column,500,500,168,88,2.8152946092139766e-10,0.004532685962039641,1.1112753445083543e-05,0.9997997932704645
basis-projected,axis-parallel,ocean-land,row-column,500,500,168,89,2.778599335699596e-10,0.004473605768234178,1.0824948442257259e-05,0.9998106182189068
basis-projected,axis-parallel,ocean-land,row-column,500,500,168,90,2.7329011642378095e-10,0.004400030711613886,1.0471811903964361e-05,0.9998210900308107
basis-projected,axis-parallel,ocean-land,row-column,500,500,168,91,2.6028440323107036e-10,0.004190635881595113,9.498833421116279e-06,0.9998305888642319
basis-projected,axis-parallel,ocean-land,row-column,500,500,168,92,2.5695095431294424e-10,0.004136966624150738,9.257089261360574e-06,0.9998398459534933
basis-projected,axis-parallel,ocean-land,row-column,500,500,168,93,2.512795584527144e-10,0.0040456559090422724,8.852955922746983e-06,0.999848698909416
basis-projected,axis-parallel,ocean-land,row-column,500,500,168,94,2.4378863304262557e-10,0.003925050369792952,8.332990484188543e-06,0.9998570318999
basis-projected,axis-parallel,ocean-land,row-column,500,500,168,95,2.3588788191823537e-10,0.0037978465468115597,7.801628085283819e-06,0.9998648335279854
basis-projected,axis-parallel,ocean-land,row-column,500,500,168,96,2.349824361414762e-10,0.003783268671557324,7.741850585875257e-06,0.9998725753785712
basis-projected,axis-parallel,ocean-land,row-column,500,500,168,97,2.306555790187821e-10,0.003713605324511515,7.459365863157315e-06,0.9998800347444343
basis-projected,axis-parallel,ocean-land,row-column,500,500,168,98,2.234089362021614e-10,0.0035969327885029914,6.998018119840962e-06,0.9998870327625542
basis-projected,axis-parallel,ocean-land,row-column,500,500,168,99,2.164708305939897e-10,0.003485227769105079,6.570111629518611e-06,0.9998936028741836
basis-projected,axis-parallel,ocean-land,row-column,500,500,168,100,2.107003631177542e-10,0.0033923219792870766,6.224501122298034e-06,0.9998998273753059
basis-projected,axis-parallel,ocean-land,row-column,500,500,168,101,2.061956728148507e-10,0.0033197954791031135,5.9611915269080496e-06,0.9999057885668328
basis-projected,axis-parallel,ocean-land,row-column,500,500,168,102,2.0359090586134115e-10,0.0032778581608348353,5.811533303598834e-06,0.9999116001001362
basis-projected,axis-parallel,ocean-land,row-column,500,500,168,103,1.9789030555060367e-10,0.003186077247678848,5.490640631622274e-06,0.9999170907407678
basis-projected,axis-parallel,ocean-land,row-column,500,500,168,104,1.9616776203926282e-10,0.0031583439199933416,5.395469681352816e-06,0.9999224862104492
basis-projected,axis-parallel,ocean-land,row-column,500,500,168,105,1.92741026665516e-10,0.003103172730188295,5.20861572112773e-06,0.9999276948261703
basis-projected,axis-parallel,ocean-land,row-column,500,500,168,106,1.8571655099058414e-10,0.0029900771338047176,4.835876494591719e-06,0.9999325307026649
basis-projected,axis-parallel,ocean-land,row-column,500,500,168,107,1.7727427268292048e-10,0.0028541546046046114,4.406212172559326e-06,0.9999369369148374
basis-projected,axis-parallel,ocean-land,row-column,500,500,168,108,1.6884408469017868e-10,0.0027184267321219355,3.997106148148044e-06,0.9999409340209856
basis-projected,axis-parallel,ocean-land,row-column,500,500,168,109,1.6726169835912244e-10,0.00269294996572659,3.92253643212234e-06,0.9999448565574178
basis-projected,axis-parallel,ocean-land,row-column,500,500,168,110,1.6483013912611906e-10,0.0026538013296824943,3.8093180261389744e-06,0.999948665875444
basis-projected,axis-parallel,ocean-land,row-column,500,500,168,111,1.566119030854969e-10,0.002521485930036073,3.438931422238776e-06,0.9999521048068662
basis-projected,axis-parallel,ocean-land,row-column,500,500,168,112,1.5230422618724666e-10,0.0024521313888033426,3.2523546020893186e-06,0.9999553571614683
basis-projected,axis-parallel,ocean-land,row-column,500,500,168,113,1.4629924899248295e-10,0.002355449941170858,3.0009459603989036e-06,0.9999583581074287
basis-projected,axis-parallel,ocean-land,row-column,500,500,168,114,1.4100089294601953e-10,0.002270145248741537,2.7875181733929455e-06,0.9999611456256021
basis-projected,axis-parallel,ocean-land,row-column,500,500,168,115,1.388008022754338e-10,0.0022347233072326778,2.701207421040778e-06,0.9999638468330232
basis-projected,axis-parallel,ocean-land,row-column,500,500,168,116,1.3665483694659855e-10,0.0022001727955768087,2.618327686704845e-06,0.9999664651607099
basis-projected,axis-parallel,ocean-land,row-column,500,500,168,117,1.3341721592952125e-10,0.002148046388320951,2.49573074464774e-06,0.9999689608914544
basis-projected,axis-parallel,ocean-land,row-column,500,500,168,118,1.310429558870726e-10,0.002109820281790511,2.4076942907607458e-06,0.9999713685857452
basis-projected,axis-parallel,ocean-land,row-column,500,500,168,119,1.2751512223739148e-10,0.0020530213876073368,2.2798032296302195e-06,0.9999736483889747
basis-projected,axis-parallel,ocean-land,row-column,500,500,168,120,1.2529002258139445e-10,0.002017196795957609,2.2009336808792204e-06,0.9999758493226556
basis-projected,axis-parallel,ocean-land,row-column,500,500,168,121,1.2018180768041895e-10,0.0019349534176022693,2.02512318380827e-06,0.9999778744458394
basis-projected,axis-parallel,ocean-land,row-column,500,500,168,122,1.175798022640983e-10,0.001893060560687374,1.93838228649393e-06,0.9999798128281259
basis-projected,axis-parallel,ocean-land,row-column,500,500,168,123,1.1476992187943271e-10,0.0018478208712676574,1.8468437477813223e-06,0.9999816596718736
basis-projected,axis-parallel,ocean-land,row-column,500,500,168,124,1.1015614530446162e-10,0.001773538058218839,1.7013412894900296e-06,0.9999833610131632
basis-projected,axis-parallel,ocean-land,row-column,500,500,168,125,1.0629968016767827e-10,0.0017114481251390694,1.584301732428528e-06,0.9999849453148957
basis-projected,axis-parallel,ocean-land,row-column,500,500,168,126,1.0091499315339445e-10,0.0016247534852255727,1.427859158803212e-06,0.9999863731740546
basis-projected,axis-parallel,ocean-land,row-column,500,500,168,127,9.719970494725245e-11,0.0015649365316399832,1.3246583294640922e-06,0.999987697832384
basis-projected,axis-parallel,ocean-land,row-column,500,500,168,128,9.526598239556082e-11,0.001533803175166931,1.2724762407739366e-06,0.9999889703086247
basis-projected,axis-parallel,ocean-land,row-column,500,500,168,129,8.963865568718924e-11,0.0014432019830523761,1.1265867809140064e-06,0.9999900968954055
basis-projected,axis-parallel,ocean-land,row-column,500,500,168,130,8.792172975062423e-11,0.001415559099550735,1.0838431292590948e-06,0.9999911807385348
basis-projected,axis-parallel,ocean-land,row-column,500,500,168,131,8.16746431772806e-11,0.001314979637912982,9.352946993177317e-07,0.9999921160332342
basis-projected,axis-parallel,ocean-land,row-column,500,500,168,132,8.086247946713524e-11,0.0013019036243554463,9.167862459633818e-07,0.9999930328194802
basis-projected,axis-parallel,ocean-land,row-column,500,500,168,133,7.498116787641713e-11,0.0012072132200248251,7.882761422392781e-07,0.9999938210956223
basis-projected,axis-parallel,ocean-land,row-column,500,500,168,134,7.149521432537637e-11,0.0011510886045994569,7.166843586434183e-07,0.9999945377799809
basis-projected,axis-parallel,ocean-land,row-column,500,500,168,135,6.732184627360485e-11,0.0010838964652021134,6.354567789972605e-07,0.99999517323676
basis-projected,axis-parallel,ocean-land,row-column,500,500,168,136,6.424583646054043e-11,0.0010343720337158257,5.787139579279333e-07,0.999995751950718
basis-projected,axis-parallel,ocean-land,row-column,500,500,168,137,6.07155454960337e-11,0.0009775335762259266,5.16861024382742e-07,0.9999962688117423
basis-projected,axis-parallel,ocean-land,row-column,500,500,168,138,5.919258517276245e-11,0.0009530135815673134,4.91256824846122e-07,0.9999967600685673
basis-projected,axis-parallel,ocean-land,row-column,500,500,168,139,5.510473834903491e-11,0.0008871983526664511,4.2574726882398423e-07,0.9999971858158362
basis-projected,axis-parallel,ocean-land,row-column,500,500,168,140,5.4288207698677025e-11,0.000874052030415347,4.1322347839793503e-07,0.9999975990393146
basis-projected,axis-parallel,ocean-land,row-column,500,500,168,141,5.138684145141524e-11,0.000827339398576895,3.7023530476438606e-07,0.9999979692746194
basis-projected,axis-parallel,ocean-land,row-column,500,500,168,142,4.8298689226297354e-11,0.0007776194715979511,3.2707298214075146e-07,0.9999982963476015
basis-projected,axis-parallel,ocean-land,row-column,500,500,168,143,4.635916796200487e-11,0.0007463927545823901,3.013319951087428e-07,0.9999985976795968
basis-projected,axis-parallel,ocean-land,row-column,500,500,168,144,4.1779374667354737e-11,0.0006726570797874182,2.4473599698283005e-07,0.9999988424155937
basis-projected,axis-parallel,ocean-land,row-column,500,500,168,145,3.9365982287300115e-11,0.0006338009340534511,2.1727820606668447e-07,0.9999990596937998
basis-projected,axis-parallel,ocean-land,row-column,500,500,168,146,3.811773301816258e-11,0.0006137038475146977,2.037173927094463e-07,0.9999992634111924
basis-projected,axis-parallel,ocean-land,row-column,500,500,168,147,3.432531333943381e-11,0.0005526450603324348,1.6519732181327383e-07,0.9999994286085142
basis-projected,axis-parallel,ocean-land,row-column,500,500,168,148,2.9041235334352985e-11,0.00046757024749556674,1.1825081800759458e-07,0.9999995468593322
basis-projected,axis-parallel,ocean-land,row-column,500,500,168,149,2.627819926828419e-11,0.0004230847618618769,9.682002369874863e-08,0.9999996436793559
basis-projected,axis-parallel,ocean-land,row-column,500,500,168,150,2.5294111400772806e-11,0.0004072407317277527,8.97042119658253e-08,0.999999733383568
basis-projected,axis-parallel,ocean-land,row-column,500,500,168,151,2.004975959337408e-11,0.0003228055193716639,5.636276894198271e-08,0.9999997897463369
basis-projected,axis-parallel,ocean-land,row-column,500,500,168,152,1.9602848642467655e-11,0.00031561015521039436,5.387811026460915e-08,0.9999998436244473
basis-projected,axis-parallel,ocean-land,row-column,500,500,168,153,1.7608133625808368e-11,0.0002834948066969912,4.347110023852415e-08,0.9999998870955473
basis-projected,axis-parallel,ocean-land,row-column,500,500,168,154,1.510647865738512e-11,0.00024321761396509214,3.1996351883462544e-08,0.9999999190918993
basis-projected,axis-parallel,ocean-land,row-column,500,500,168,155,1.2287521779305191e-11,0.00019783179101409581,2.1169109174186632e-08,0.9999999402610086
basis-projected,axis-parallel,ocean-land,row-column,500,500,168,156,1.0775405969941589e-11,0.00017348639540381468,1.6279507582509305e-08,0.9999999565405162
basis-projected,axis-parallel,ocean-land,row-column,500,500,168,157,9.378668637014083e-12,0.0001509986185264072,1.2332648826924897e-08,0.999999968873165
basis-projected,axis-parallel,ocean-land,row-column,500,500,168,158,7.516499708407448e-12,0.00012101729105177288,7.921460689526853e-09,0.9999999767946258
basis-projected,axis-parallel,ocean-land,row-column,500,500,168,159,7.425541312740234e-12,0.00011955284096608348,7.730902903909337e-09,0.9999999845255286
basis-projected,axis-parallel,ocean-land,row-column,500,500,168,160,5.907182404826134e-12,9.510693010220557e-05,4.892544047437193e-09,0.9999999894180728
basis-projected,axis-parallel,ocean-land,row-column,500,500,168,161,5.31171957124129e-12,8.55198481042049e-05,3.955890473391986e-09,0.9999999933739632
basis-projected,axis-parallel,ocean-land,row-column,500,500,168,162,4.445999440983797e-12,7.158156445662298e-05,2.771486637161126e-09,0.9999999961454498
basis-projected,axis-parallel,ocean-land,row-column,500,500,168,163,3.333323284146752e-12,5.366723470979908e-05,1.5578615317602127e-09,0.9999999977033114
basis-projected,axis-parallel,ocean-land,row-column,500,500,168,164,3.1271393214174415e-12,5.0347627765637106e-05,1.3710978268031086e-09,0.9999999990744092
basis-projected,axis-parallel,ocean-land,row-column,500,500,168,165,1.993088654208326e-12,3.208916372184879e-05,5.569641157949409e-10,0.9999999996313733
basis-projected,axis-parallel,ocean-land,row-column,500,500,168,166,1.2340588044933774e-12,1.98686169509637e-05,2.1352350569297162e-10,0.9999999998448967
basis-projected,axis-parallel,ocean-land,row-column,500,500,168,167,8.191042788667125e-13,1.3187758233595098e-05,9.407026570201912e-11,0.9999999999389672
basis-projected,axis-parallel,ocean-land,row-column,500,500,168,168,6.597711281104604e-13,1.0622459620239503e-05,6.103242060604625e-11,0.9999999999999996
basis-projected,axis-parallel,ocean-land,lat-lon-metres,50,50,168,1,1.5085225554623567e-07,1.0,0.6075010592647402,0.6075010592647402
basis-projected,axis-parallel,ocean-land,lat-lon-metres,50,50,168,2,8.371072166709106e-08,0.5549185947798707,0.187070624135037,0.7945716833997772
basis-projected,axis-parallel,ocean-land,lat-lon-metres,50,50,168,3,6.685473650605157e-08,0.44318022467725604,0.11931850031240006,0.9138901837121772
basis-projected,axis-parallel,ocean-land,lat-lon-metres,50,50,168,4,3.2476926836757594e-08,0.21528963368269646,0.028157447117046937,0.942047630829224
basis-projected,axis-parallel,ocean-land,lat-lon-metres,50,50,168,5,2.3435943793450818e-08,0.15535693323635977,0.014662509914225838,0.95671014074345
basis-projected,axis-parallel,ocean-land,lat-lon-metres,50,50,168,6,2.215421087036077e-08,0.1468603223076806,0.013102555064175339,0.9698126958076253
basis-projected,axis-parallel,ocean-land,lat-lon-metres,50,50,168,7,1.830001095669292e-08,0.12131082091168358,0.008940177115160809,0.9787528729227861
basis-projected,axis-parallel,ocean-land,lat-lon-metres,50,50,168,8,1.5338264976242923e-08,0.10167739899349268,0.006280524231634499,0.9850333971544206
basis-projected,axis-parallel,ocean-land,lat-lon-metres,50,50,168,9,1.250294496494826e-08,0.08288205515837417,0.004173189079920386,0.9892065862343411
basis-projected,axis-parallel,ocean-land,lat-lon-metres,50,50,168,10,1.0427040410488898e-08,0.06912087839013482,0.0029024552772196946,0.9921090415115609
basis-projected,axis-parallel,ocean-land,lat-lon-metres,50,50,168,11,1.0092443933440913e-08,0.06690283746103892,0.002719168459913477,0.9948282099714744
basis-projected,axis-parallel,ocean-land,lat-lon-metres,50,50,168,12,7.833425805728932e-09,0.05192780033261097,0.0016381244480890922,0.9964663344195634
basis-projected,axis-parallel,ocean-land,lat-lon-metres,50,50,168,13,6.652021348904439e-09,0.04409626707149644,0.0011812741272766679,0.9976476085468402
basis-projected,axis-parallel,ocean-land,lat-lon-metres,50,50,168,14,6.063705189835253e-09,0.04019631770090935,0.0009815661652034086,0.9986291747120436
basis-projected,axis-parallel,ocean-land,lat-lon-metres,50,50,168,15,4.426026645431468e-09,0.029340142309472506,0.0005229636119362537,0.9991521383239798
basis-projected,axis-parallel,ocean-land,lat-lon-metres,50,50,168,16,2.94366120022608e-09,0.01951353786237461,0.00023132313548797256,0.9993834614594678
basis-projected,axis-parallel,ocean-land,lat-lon-metres,50,50,168,17,2.2801896893116044e-09,0.015115383466127456,0.00013879869354212616,0.99952226015301
basis-projected,axis-parallel,ocean-land,lat-lon-metres,50,50,168,18,2.1890231463327474e-09,0.014511040212201665,0.0001279216730340627,0.999650181826044
basis-projected,axis-parallel,ocean-land,lat-lon-metres,50,50,168,19,2.1122053412267655e-09,0.014001814779490534,0.00011910107906960728,0.9997692829051136
basis-projected,axis-parallel,ocean-land,lat-lon-metres,50,50,168,20,1.649516742835835e-09,0.010934650840074871,7.26368294667395e-05,0.9998419197345805
basis-projected,axis-parallel,ocean-land,lat-lon-metres,50,50,168,21,1.3814833098935612e-09,0.009157856505964816,5.0948887825336456e-05,0.9998928686224058
basis-projected,axis-parallel,ocean-land,lat-lon-metres,50,50,168,22,1.2300104848964144e-09,0.008153742749437516,4.038880932423237e-05,0.9999332574317301
basis-projected,axis-parallel,ocean-land,lat-lon-metres,50,50,168,23,1.0068183070979828e-09,0.006674201213977849,2.7061111505540445e-05,0.9999603185432356
basis-projected,axis-parallel,ocean-land,lat-lon-metres,50,50,168,24,7.95473775667742e-10,0.0052731977575498174,1.6892547818130147e-05,0.9999772110910536
basis-projected,axis-parallel,ocean-land,lat-lon-metres,50,50,168,25,6.481147241698267e-10,0.004296354216402033,1.12136552309305e-05,0.9999884247462847
basis-projected,axis-parallel,ocean-land,lat-lon-metres,50,50,168,26,4.72765533461773e-10,0.0031339639685856215,5.966711473821152e-06,0.9999943914577586
basis-projected,axis-parallel,ocean-land,lat-lon-metres,50,50,168,27,2.6829886442866403e-10,0.001778553880133608,1.9216800977303498e-06,0.9999963131378563
basis-projected,axis-parallel,ocean-land,lat-lon-metres,50,50,168,28,2.2255548287731838e-10,0.0014753208831478554,1.322269618328857e-06,0.9999976354074745
basis-projected,axis-parallel,ocean-land,lat-lon-metres,50,50,168,29,1.775520689550029e-10,0.0011769931335271538,8.415790155078584e-07,0.9999984769864901
basis-projected,axis-parallel,ocean-land,lat-lon-metres,50,50,168,30,1.292897954243305e-10,0.0008570623949650103,4.4624351702358553e-07,0.9999989232300072
basis-projected,axis-parallel,ocean-land,lat-lon-metres,50,50,168,31,1.1945931168506306e-10,0.0007918960923222605,3.8096356254322933e-07,0.9999993041935696
basis-projected,axis-parallel,ocean-land,lat-lon-metres,50,50,168,32,8.45829705869972e-11,0.0005607007351711279,1.909894115283052e-07,0.9999994951829811
basis-projected,axis-parallel,ocean-land,lat-lon-metres,50,50,168,33,7.619396878752418e-11,0.0005050900201102462,1.5498319674740125e-07,0.9999996501661779
basis-projected,axis-parallel,ocean-land,lat-lon-metres,50,50,168,34,6.827169091661207e-11,0.00045257321920312316,1.2442989709574808e-07,0.9999997745960749
basis-projected,axis-parallel,ocean-land,lat-lon-metres,50,50,168,35,6.489442813936099e-11,0.0004301853353427061,1.1242379534385064e-07,0.9999998870198704
basis-projected,axis-parallel,ocean-land,lat-lon-metres,50,50,168,36,4.0027714351794565e-11,0.00026534382404064363,4.2772536641099034e-08,0.999999929792407
basis-projected,axis-parallel,ocean-land,lat-lon-metres,50,50,168,37,3.477081602079049e-11,0.0002304958311354739,3.227551564074572e-08,0.9999999620679227
basis-projected,axis-parallel,ocean-land,lat-lon-metres,50,50,168,38,2.259457722424481e-11,0.00014977951202936872,1.3628619364373267e-08,0.9999999756965421
basis-projected,axis-parallel,ocean-land,lat-lon-metres,50,50,168,39,1.855011633573143e-11,0.0001229687701291671,9.1862169619305e-09,0.999999984882759
basis-projected,axis-parallel,ocean-land,lat-lon-metres,50,50,168,40,1.3952569233212456e-11,9.249161825714992e-05,5.196988976245994e-09,0.9999999900797478
basis-projected,axis-parallel,ocean-land,lat-lon-metres,50,50,168,41,1.3148790224184603e-11,8.716336508574475e-05,4.615460267153772e-09,0.9999999946952081
basis-projected,axis-parallel,ocean-land,lat-lon-metres,50,50,168,42,9.7593859390635e-12,6.469499513762514e-05,2.5426606889748858e-09,0.9999999972378687
basis-projected,axis-parallel,ocean-land,lat-lon-metres,50,50,168,43,8.995233259332959e-12,5.9629425007675484e-05,2.160072274892278e-09,0.999999999397941
basis-projected,axis-parallel,ocean-land,lat-lon-metres,50,50,168,44,3.981799741793435e-12,2.639536099328013e-05,4.232551502998066e-10,0.9999999998211961
basis-projected,axis-parallel,ocean-land,lat-lon-metres,50,50,168,45,2.4274232662856608e-12,1.6091395236325546e-05,1.5730207217446927e-10,0.9999999999784981
basis-projected,axis-parallel,ocean-land,lat-lon-metres,50,50,168,46,6.563165024082517e-13,4.350723825982788e-06,1.1499264720167485e-11,0.9999999999899973
basis-projected,axis-parallel,ocean-land,lat-lon-metres,50,50,168,47,4.537297650693817e-13,3.0077758096915906e-06,5.49588914059634e-12,0.9999999999954933
basis-projected,axis-parallel,ocean-land,lat-lon-metres,50,50,168,48,3.3284219540638053e-13,2.2064117914654953e-06,2.9574688503309127e-12,0.9999999999984507
basis-projected,axis-parallel,ocean-land,lat-lon-metres,50,50,168,49,2.3929119306326426e-13,1.5862619501232607e-06,1.5286105523038886e-12,0.9999999999999792
basis-projected,axis-parallel,ocean-land,lat-lon-metres,50,50,168,50,2.7441149890451825e-14,1.819074550200624e-07,2.0102405782976227e-14,0.9999999999999993
basis-projected,axis-parallel,ocean-land,lat-lon-metres,50,50,168,51,1.6589032096864264e-15,1.0996873753591166e-08,7.346585175228694e-17,0.9999999999999993
basis-projected,axis-parallel,ocean-land,lat-lon-metres,50,50,168,52,1.3131184210330816e-15,8.704665477345915e-09,4.6031084913304034e-17,0.9999999999999993
basis-projected,axis-parallel,ocean-land,lat-lon-metres,50,50,168,53,1.20888188813133e-15,8.013681225739525e-09,3.901316324858464e-17,0.9999999999999993
basis-projected,axis-parallel,ocean-land,lat-lon-metres,50,50,168,54,1.1805975537210495e-15,7.826184298312999e-09,3.7208929986806523e-17,0.9999999999999993
basis-projected,axis-parallel,ocean-land,lat-lon-metres,50,50,168,55,1.131891262763917e-15,7.503310167059427e-09,3.420210519008005e-17,0.9999999999999993
basis-projected,axis-parallel,ocean-land,lat-lon-metres,50,50,168,56,1.0986787561404635e-15,7.28314437303009e-09,3.2224402802570126e-17,0.9999999999999993
basis-projected,axis-parallel,ocean-land,lat-lon-metres,50,50,168,57,1.0784191905908241e-15,7.1488436595519945e-09,3.1046928278492874e-17,0.9999999999999993
basis-projected,axis-parallel,ocean-land,lat-lon-metres,50,50,168,58,1.0430883820267233e-15,6.914635636369524e-09,2.904595363089172e-17,0.9999999999999993
basis-projected,axis-parallel,ocean-land,lat-lon-metres,50,50,168,59,1.0072304816054524e-15,6.6769335198752785e-09,2.708327277006546e-17,0.9999999999999993
basis-projected,axis-parallel,ocean-land,lat-lon-metres,50,50,168,60,9.698785326982322e-16,6.429327352026023e-09,2.511181578223462e-17,0.9999999999999993
basis-projected,axis-parallel,ocean-land,lat-lon-metres,50,50,168,61,9.45448311079693e-16,6.267379348464011e-09,2.386266827572904e-17,0.9999999999999993
basis-projected,axis-parallel,ocean-land,lat-lon-metres,50,50,168,62,9.2883223416025e-16,6.157231330727874e-09,2.3031274986821616e-17,0.9999999999999993
basis-projected,axis-parallel,ocean-land,lat-lon-metres,50,50,168,63,9.036092513213247e-16,5.990028110944432e-09,2.1797403344598526e-17,0.9999999999999993
basis-projected,axis-parallel,ocean-land,lat-lon-metres,50,50,168,64,8.74515843805653e-16,5.797167835767739e-09,2.0416382210380678e-17,0.9999999999999993
basis-projected,axis-parallel,ocean-land,lat-lon-metres,50,50,168,65,8.403141572519966e-16,5.5704447653713955e-09,1.8850669710893726e-17,0.9999999999999993
basis-projected,axis-parallel,ocean-land,lat-lon-metres,50,50,168,66,8.059726247370634e-16,5.342794655728802e-09,1.7341393987663866e-17,0.9999999999999993
basis-projected,axis-parallel,ocean-land,lat-lon-metres,50,50,168,67,7.8210417372927e-16,5.184570631027508e-09,1.6329490344374e-17,0.9999999999999993
basis-projected,axis-parallel,ocean-land,lat-lon-metres,50,50,168,68,7.742278222691021e-16,5.132358276418374e-09,1.6002247049793522e-17,0.9999999999999993
basis-projected,axis-parallel,ocean-land,lat-lon-metres,50,50,168,69,7.497792359298568e-16,4.970288533074351e-09,1.500756528980181e-17,0.9999999999999993
basis-projected,axis-parallel,ocean-land,lat-lon-metres,50,50,168,70,7.318511471548509e-16,4.85144318528629e-09,1.4298449276772517e-17,0.9999999999999993
basis-projected,axis-parallel,ocean-land,lat-lon-metres,50,50,168,71,7.162811419776251e-16,4.748229579889095e-09,1.3696526998923526e-17,0.9999999999999993
basis-projected,axis-parallel,ocean-land,lat-lon-metres,50,50,168,72,7.051065983833628e-16,4.674153500921637e-09,1.3272507544742994e-17,0.9999999999999993
basis-projected,axis-parallel,ocean-land,lat-lon-metres,50,50,168,73,6.662959098376695e-16,4.4168773441604404e-09,1.1851619990054618e-17,0.9999999999999993
basis-projected,axis-parallel,ocean-land,lat-lon-metres,50,50,168,74,6.52387205150314e-16,4.324676504093502e-09,1.1361987131768013e-17,0.9999999999999993
basis-projected,axis-parallel,ocean-land,lat-lon-metres,50,50,168,75,6.304045498199719e-16,4.178953423913209e-09,1.060918691806633e-17,0.9999999999999993
basis-projected,axis-parallel,ocean-land,lat-lon-metres,50,50,168,76,5.894474032962335e-16,3.907448391552687e-09,9.275419079599516e-18,0.9999999999999993
basis-projected,axis-parallel,ocean-land,lat-lon-metres,50,50,168,77,5.65463246056973e-16,3.748457349937737e-09,8.535956380020984e-18,0.9999999999999993
basis-projected,axis-parallel,ocean-land,lat-lon-metres,50,50,168,78,5.446471175262798e-16,3.6104671789898922e-09,7.91906380773435e-18,0.9999999999999993
basis-projected,axis-parallel,ocean-land,lat-lon-metres,50,50,168,79,5.287226445382376e-16,3.5049038055396262e-09,7.462756054176876e-18,0.9999999999999993
basis-projected,axis-parallel,ocean-land,lat-lon-metres,50,50,168,80,4.982178787053409e-16,3.302687632354552e-09,6.6264670043117435e-18,0.9999999999999993
basis-projected,axis-parallel,ocean-land,lat-lon-metres,50,50,168,81,4.883431937341843e-16,3.2372283196289954e-09,6.366396770716103e-18,0.9999999999999993
basis-projected,axis-parallel,ocean-land,lat-lon-metres,50,50,168,82,4.721294168052751e-16,3.1297471495914698e-09,5.950665587212528e-18,0.9999999999999993
basis-projected,axis-parallel,ocean-land,lat-lon-metres,50,50,168,83,4.609279437713014e-16,3.055492555297117e-09,5.671651003284165e-18,0.9999999999999993
basis-projected,axis-parallel,ocean-land,lat-lon-metres,50,50,168,84,4.4385820907090537e-16,2.9423372389341866e-09,5.259348340202385e-18,0.9999999999999993
basis-projected,axis-parallel,ocean-land,lat-lon-metres,50,50,168,85,4.2490901631885983e-16,2.816722990188415e-09,4.8198699092301075e-18,0.9999999999999993
basis-projected,axis-parallel,ocean-land,lat-lon-metres,50,50,168,86,4.0226761314564633e-16,2.6666330688197946e-09,4.319898676021347e-18,0.9999999999999993
basis-projected,axis-parallel,ocean-land,lat-lon-metres,50,50,168,87,3.856494126595419e-16,2.556470973954657e-09,3.970349806079797e-18,0.9999999999999993
basis-projected,axis-parallel,ocean-land,lat-lon-metres,50,50,168,88,3.626171794009401e-16,2.4037902389188955e-09,3.510267184629949e-18,0.9999999999999993
basis-projected,axis-parallel,ocean-land,lat-lon-metres,50,50,168,89,3.4898463085265797e-16,2.313420038626439e-09,3.2512923762263658e-18,0.9999999999999993
basis-projected,axis-parallel,ocean-land,lat-lon-metres,50,50,168,90,3.3348337779154724e-16,2.2106621911883565e-09,2.9688742757121742e-18,0.9999999999999993
basis-projected,axis-parallel,ocean-land,lat-lon-metres,50,50,168,91,3.2398017024596073e-16,2.1476654032969497e-09,2.802078396668403e-18,0.9999999999999993
basis-projected,axis-parallel,ocean-land,lat-lon-metres,50,50,168,92,3.04450922997884e-16,2.018205971766666e-09,2.4744461863181775e-18,0.9999999999999993
basis-projected,axis-parallel,ocean-land,lat-lon-metres,50,50,168,93,2.5348389779287035e-16,1.6803454272195383e-09,1.715316149425749e-18,0.9999999999999993
basis-projected,axis-parallel,ocean-land,lat-lon-metres,50,50,168,94,2.3617442713675183e-16,1.5656009005736427e-09,1.4890496006456286e-18,0.9999999999999993
basis-projected,axis-parallel,ocean-land,lat-lon-metres,50,50,168,95,2.2716237529438454e-16,1.5058599851346611e-09,1.377578086112947e-18,0.9999999999999993
basis-projected,axis-parallel,ocean-land,lat-lon-metres,50,50,168,96,2.1438975646401936e-16,1.4211902612109745e-09,1.2270195578093574e-18,0.9999999999999993
basis-projected,axis-parallel,ocean-land,lat-lon-metres,50,50,168,97,1.9495113530841006e-16,1.2923315902867507e-09,1.0146002396964701e-18,0.9999999999999993
basis-projected,axis-parallel,ocean-land,lat-lon-metres,50,50,168,98,1.6437472931753366e-16,1.0896405143054252e-09,7.212960013100447e-19,0.9999999999999993
basis-projected,axis-parallel,ocean-land,lat-lon-metres,50,50,168,99,1.5740426046516214e-16,1.0434332578933054e-09,6.614185787119113e-19,0.9999999999999993
basis-projected,axis-parallel,ocean-land,lat-lon-metres,50,50,168,100,1.2769755021865568e-16,8.465073972958717e-10,4.353199340509447e-19,0.9999999999999993
basis-projected,axis-parallel,ocean-land,lat-lon-metres,50,50,168,101,1.1988842375284658e-16,7.947406773516967e-10,3.8370541116935036e-19,0.9999999999999993
basis-projected,axis-parallel,ocean-land,lat-lon-metres,50,50,168,102,1.0681510173220204e-16,7.08077591186322e-10,3.0458516023535373e-19,0.9999999999999993
basis-projected,axis-parallel,ocean-land,lat-lon-metres,50,50,168,103,7.950560299630151e-17,5.270428520171071e-10,1.6874810121274495e-19,0.9999999999999993
basis-projected,axis-parallel,ocean-land,lat-lon-metres,50,50,168,104,6.350225991521095e-17,4.2095664851194574e-10,1.0765192141177254e-19,0.9999999999999993
basis-projected,axis-parallel,ocean-land,lat-lon-metres,50,50,168,105,5.795998942300451e-17,3.8421692279728616e-10,8.968091245797946e-20,0.9999999999999993
basis-projected,axis-parallel,ocean-land,lat-lon-metres,50,50,168,106,3.400237060080892e-17,2.2540180441907487e-10,3.0864682678966493e-20,0.9999999999999993
basis-projected,axis-parallel,ocean-land,lat-lon-metres,50,50,168,107,0.0,0.0,0.0,0.9999999999999993
basis-projected,axis-parallel,ocean-land,lat-lon-metres,50,50,168,108,0.0,0.0,0.0,0.9999999999999993
basis-projected,axis-parallel,ocean-land,lat-lon-metres,50,50,168,109,0.0,0.0,0.0,0.9999999999999993
basis-projected,axis-parallel,ocean-land,lat-lon-metres,50,50,168,110,0.0,0.0,0.0,0.9999999999999993
basis-projected,axis-parallel,ocean-land,lat-lon-metres,50,50,168,111,0.0,0.0,0.0,0.9999999999999993
basis-projected,axis-parallel,ocean-land,lat-lon-metres,50,50,168,112,0.0,0.0,0.0,0.9999999999999993
basis-projected,axis-parallel,ocean-land,lat-lon-metres,50,50,168,113,0.0,0.0,0.0,0.9999999999999993
basis-projected,axis-parallel,ocean-land,lat-lon-metres,50,50,168,114,0.0,0.0,0.0,0.9999999999999993
basis-projected,axis-parallel,ocean-land,lat-lon-metres,50,50,168,115,0.0,0.0,0.0,0.9999999999999993
basis-projected,axis-parallel,ocean-land,lat-lon-metres,50,50,168,116,0.0,0.0,0.0,0.9999999999999993
basis-projected,axis-parallel,ocean-land,lat-lon-metres,50,50,168,117,0.0,0.0,0.0,0.9999999999999993
basis-projected,axis-parallel,ocean-land,lat-lon-metres,50,50,168,118,0.0,0.0,0.0,0.9999999999999993
basis-projected,axis-parallel,ocean-land,lat-lon-metres,50,50,168,119,0.0,0.0,0.0,0.9999999999999993
basis-projected,axis-parallel,ocean-land,lat-lon-metres,50,50,168,120,0.0,0.0,0.0,0.9999999999999993
basis-projected,axis-parallel,ocean-land,lat-lon-metres,50,50,168,121,0.0,0.0,0.0,0.9999999999999993
basis-projected,axis-parallel,ocean-land,lat-lon-metres,50,50,168,122,0.0,0.0,0.0,0.9999999999999993
basis-projected,axis-parallel,ocean-land,lat-lon-metres,50,50,168,123,0.0,0.0,0.0,0.9999999999999993
basis-projected,axis-parallel,ocean-land,lat-lon-metres,50,50,168,124,0.0,0.0,0.0,0.9999999999999993
basis-projected,axis-parallel,ocean-land,lat-lon-metres,50,50,168,125,0.0,0.0,0.0,0.9999999999999993
basis-projected,axis-parallel,ocean-land,lat-lon-metres,50,50,168,126,0.0,0.0,0.0,0.9999999999999993
basis-projected,axis-parallel,ocean-land,lat-lon-metres,50,50,168,127,0.0,0.0,0.0,0.9999999999999993
basis-projected,axis-parallel,ocean-land,lat-lon-metres,50,50,168,128,0.0,0.0,0.0,0.9999999999999993
basis-projected,axis-parallel,ocean-land,lat-lon-metres,50,50,168,129,0.0,0.0,0.0,0.9999999999999993
basis-projected,axis-parallel,ocean-land,lat-lon-metres,50,50,168,130,0.0,0.0,0.0,0.9999999999999993
basis-projected,axis-parallel,ocean-land,lat-lon-metres,50,50,168,131,0.0,0.0,0.0,0.9999999999999993
basis-projected,axis-parallel,ocean-land,lat-lon-metres,50,50,168,132,0.0,0.0,0.0,0.9999999999999993
basis-projected,axis-parallel,ocean-land,lat-lon-metres,50,50,168,133,0.0,0.0,0.0,0.9999999999999993
basis-projected,axis-parallel,ocean-land,lat-lon-metres,50,50,168,134,0.0,0.0,0.0,0.9999999999999993
basis-projected,axis-parallel,ocean-land,lat-lon-metres,50,50,168,135,0.0,0.0,0.0,0.9999999999999993
basis-projected,axis-parallel,ocean-land,lat-lon-metres,50,50,168,136,0.0,0.0,0.0,0.9999999999999993
basis-projected,axis-parallel,ocean-land,lat-lon-metres,50,50,168,137,0.0,0.0,0.0,0.9999999999999993
basis-projected,axis-parallel,ocean-land,lat-lon-metres,50,50,168,138,0.0,0.0,0.0,0.9999999999999993
basis-projected,axis-parallel,ocean-land,lat-lon-metres,50,50,168,139,0.0,0.0,0.0,0.9999999999999993
basis-projected,axis-parallel,ocean-land,lat-lon-metres,50,50,168,140,0.0,0.0,0.0,0.9999999999999993
basis-projected,axis-parallel,ocean-land,lat-lon-metres,50,50,168,141,0.0,0.0,0.0,0.9999999999999993
basis-projected,axis-parallel,ocean-land,lat-lon-metres,50,50,168,142,0.0,0.0,0.0,0.9999999999999993
basis-projected,axis-parallel,ocean-land,lat-lon-metres,50,50,168,143,0.0,0.0,0.0,0.9999999999999993
basis-projected,axis-parallel,ocean-land,lat-lon-metres,50,50,168,144,0.0,0.0,0.0,0.9999999999999993
basis-projected,axis-parallel,ocean-land,lat-lon-metres,50,50,168,145,0.0,0.0,0.0,0.9999999999999993
basis-projected,axis-parallel,ocean-land,lat-lon-metres,50,50,168,146,0.0,0.0,0.0,0.9999999999999993
basis-projected,axis-parallel,ocean-land,lat-lon-metres,50,50,168,147,0.0,0.0,0.0,0.9999999999999993
basis-projected,axis-parallel,ocean-land,lat-lon-metres,50,50,168,148,0.0,0.0,0.0,0.9999999999999993
basis-projected,axis-parallel,ocean-land,lat-lon-metres,50,50,168,149,0.0,0.0,0.0,0.9999999999999993
basis-projected,axis-parallel,ocean-land,lat-lon-metres,50,50,168,150,0.0,0.0,0.0,0.9999999999999993
basis-projected,axis-parallel,ocean-land,lat-lon-metres,50,50,168,151,0.0,0.0,0.0,0.9999999999999993
basis-projected,axis-parallel,ocean-land,lat-lon-metres,50,50,168,152,0.0,0.0,0.0,0.9999999999999993
basis-projected,axis-parallel,ocean-land,lat-lon-metres,50,50,168,153,0.0,0.0,0.0,0.9999999999999993
basis-projected,axis-parallel,ocean-land,lat-lon-metres,50,50,168,154,0.0,0.0,0.0,0.9999999999999993
basis-projected,axis-parallel,ocean-land,lat-lon-metres,50,50,168,155,0.0,0.0,0.0,0.9999999999999993
basis-projected,axis-parallel,ocean-land,lat-lon-metres,50,50,168,156,0.0,0.0,0.0,0.9999999999999993
basis-projected,axis-parallel,ocean-land,lat-lon-metres,50,50,168,157,0.0,0.0,0.0,0.9999999999999993
basis-projected,axis-parallel,ocean-land,lat-lon-metres,50,50,168,158,0.0,0.0,0.0,0.9999999999999993
basis-projected,axis-parallel,ocean-land,lat-lon-metres,50,50,168,159,0.0,0.0,0.0,0.9999999999999993
basis-projected,axis-parallel,ocean-land,lat-lon-metres,50,50,168,160,0.0,0.0,0.0,0.9999999999999993
basis-projected,axis-parallel,ocean-land,lat-lon-metres,50,50,168,161,0.0,0.0,0.0,0.9999999999999993
basis-projected,axis-parallel,ocean-land,lat-lon-metres,50,50,168,162,0.0,0.0,0.0,0.9999999999999993
basis-projected,axis-parallel,ocean-land,lat-lon-metres,50,50,168,163,0.0,0.0,0.0,0.9999999999999993
basis-projected,axis-parallel,ocean-land,lat-lon-metres,50,50,168,164,0.0,0.0,0.0,0.9999999999999993
basis-projected,axis-parallel,ocean-land,lat-lon-metres,50,50,168,165,0.0,0.0,0.0,0.9999999999999993
basis-projected,axis-parallel,ocean-land,lat-lon-metres,50,50,168,166,0.0,0.0,0.0,0.9999999999999993
basis-projected,axis-parallel,ocean-land,lat-lon-metres,50,50,168,167,0.0,0.0,0.0,0.9999999999999993
basis-projected,axis-parallel,ocean-land,lat-lon-metres,50,50,168,168,0.0,0.0,0.0,0.9999999999999993
basis-projected,axis-parallel,ocean-land,lat-lon-metres,100,100,168,1,1.0623110483861249e-07,1.0,0.527841366212628,0.527841366212628
basis-projected,axis-parallel,ocean-land,lat-lon-metres,100,100,168,2,5.5966911250554664e-08,0.5268410917459649,0.14650846034502152,0.6743498265576496
basis-projected,axis-parallel,ocean-land,lat-lon-metres,100,100,168,3,4.961384971813511e-08,0.46703693606038493,0.1151346060555234,0.7894844326131729
basis-projected,axis-parallel,ocean-land,lat-lon-metres,100,100,168,4,3.6614154160047334e-08,0.34466509800187034,0.06270440297731604,0.852188835590489
basis-projected,axis-parallel,ocean-land,lat-lon-metres,100,100,168,5,2.7095964325161312e-08,0.25506620086768195,0.03434070836505516,0.8865295439555442
basis-projected,axis-parallel,ocean-land,lat-lon-metres,100,100,168,6,2.607575598456961e-08,0.24546253212921204,0.03180342129075823,0.9183329652463024
basis-projected,axis-parallel,ocean-land,lat-lon-metres,100,100,168,7,1.9456356925593913e-08,0.18315122444741805,0.017706106626139355,0.9360390718724417
basis-projected,axis-parallel,ocean-land,lat-lon-metres,100,100,168,8,1.7057290370338926e-08,0.16056775834396675,0.013608808753249928,0.9496478806256916
basis-projected,axis-parallel,ocean-land,lat-lon-metres,100,100,168,9,1.3717050748958014e-08,0.1291246172182537,0.008800787127897072,0.9584486677535887
basis-projected,axis-parallel,ocean-land,lat-lon-metres,100,100,168,10,1.2703811985779718e-08,0.11958655616996072,0.007548630038984338,0.965997297792573
basis-projected,axis-parallel,ocean-land,lat-lon-metres,100,100,168,11,1.1246606468929723e-08,0.10586924127369,0.005916202404389877,0.9719135001969629
basis-projected,axis-parallel,ocean-land,lat-lon-metres,100,100,168,12,1.0346114610347322e-08,0.09739251630739658,0.005006734889440937,0.9769202350864038
basis-projected,axis-parallel,ocean-land,lat-lon-metres,100,100,168,13,9.322680980673202e-09,0.08775848650766013,0.004065197705417684,0.9809854327918215
basis-projected,axis-parallel,ocean-land,lat-lon-metres,100,100,168,14,8.46283054950779e-09,0.07966433712954996,0.003349895935716639,0.984335328727538
basis-projected,axis-parallel,ocean-land,lat-lon-metres,100,100,168,15,7.89223686793152e-09,0.07429308845014364,0.0029134008861727424,0.9872487296137109
basis-projected,axis-parallel,ocean-land,lat-lon-metres,100,100,168,16,7.807318645619068e-09,0.07349371596464177,0.002851043446316254,0.9900997730600272
basis-projected,axis-parallel,ocean-land,lat-lon-metres,100,100,168,17,6.769042193338335e-09,0.06371996416324524,0.0021431593735351164,0.9922429324335622
basis-projected,axis-parallel,ocean-land,lat-lon-metres,100,100,168,18,6.623312756858501e-09,0.06234814903714607,0.0020518733556499744,0.9942948057892123
basis-projected,axis-parallel,ocean-land,lat-lon-metres,100,100,168,19,5.208897005855778e-09,0.04903363298131177,0.0012690874994816912,0.9955638932886939
basis-projected,axis-parallel,ocean-land,lat-lon-metres,100,100,168,20,4.889487897539998e-09,0.04602689490020991,0.0011182187668725301,0.9966821120555664
basis-projected,axis-parallel,ocean-land,lat-lon-metres,100,100,168,21,3.911386257529424e-09,0.03681959500912324,0.0007155853434021244,0.9973976973989686
basis-projected,axis-parallel,ocean-land,lat-lon-metres,100,100,168,22,3.3799767424441364e-09,0.03181720408141322,0.0005343520126428362,0.9979320494116114
basis-projected,axis-parallel,ocean-land,lat-lon-metres,100,100,168,23,3.2447895476132665e-09,0.030544627701489014,0.0004924624193473341,0.9984245118309587
basis-projected,axis-parallel,ocean-land,lat-lon-metres,100,100,168,24,2.611317226309377e-09,0.024581474797579484,0.00031894756661025685,0.9987434593975689
basis-projected,axis-parallel,ocean-land,lat-lon-metres,100,100,168,25,2.367610116368468e-09,0.022287352842327756,0.00026219258152531424,0.9990056519790942
basis-projected,axis-parallel,ocean-land,lat-lon-metres,100,100,168,26,2.0652679621348207e-09,0.01944127348832905,0.00019950456691935186,0.9992051565460136
basis-projected,axis-parallel,ocean-land,lat-lon-metres,100,100,168,27,1.847506345704679e-09,0.01739138784738643,0.00015965109559011774,0.9993648076416037
basis-projected,axis-parallel,ocean-land,lat-lon-metres,100,100,168,28,1.594443481936712e-09,0.015009196076412918,0.0001189099741223634,0.9994837176157261
basis-projected,axis-parallel,ocean-land,lat-lon-metres,100,100,168,29,1.4311462305102126e-09,0.013472007400134135,9.580055999292991e-05,0.999579518175719
basis-projected,axis-parallel,ocean-land,lat-lon-metres,100,100,168,30,1.2696998805583928e-09,0.011952242071541433,7.540535400069982e-05,0.9996549235297196
basis-projected,axis-parallel,ocean-land,lat-lon-metres,100,100,168,31,1.1834647194895006e-09,0.011140472663702725,6.55104611979748e-05,0.9997204339909177
basis-projected,axis-parallel,ocean-land,lat-lon-metres,100,100,168,32,1.0651779820245044e-09,0.010026987704239121,5.306942560075757e-05,0.9997735034165184
basis-projected,axis-parallel,ocean-land,lat-lon-metres,100,100,168,33,9.485410714797793e-10,0.00892903328945711,4.2083544038900095e-05,0.9998155869605574
basis-projected,axis-parallel,ocean-land,lat-lon-metres,100,100,168,34,8.116045385216116e-10,0.007639989622197853,3.080980570804919e-05,0.9998463967662654
basis-projected,axis-parallel,ocean-land,lat-lon-metres,100,100,168,35,7.369182666443254e-10,0.006936934975531508,2.5400289672221672e-05,0.9998717970559377
basis-projected,axis-parallel,ocean-land,lat-lon-metres,100,100,168,36,6.721859567975973e-10,0.006327581340877419,2.1133863385333157e-05,0.999892930919323
basis-projected,axis-parallel,ocean-land,lat-lon-metres,100,100,168,37,6.324518330936586e-10,0.0059535466006353475,1.8709187912774564e-05,0.9999116401072358
basis-projected,axis-parallel,ocean-land,lat-lon-metres,100,100,168,38,6.00640811046347e-10,0.005654095492641702,1.6874452872311312e-05,0.999928514560108
basis-projected,axis-parallel,ocean-land,lat-lon-metres,100,100,168,39,5.161668644330585e-10,0.004858905169227272,1.2461785407538527e-05,0.9999409763455156
basis-projected,axis-parallel,ocean-land,lat-lon-metres,100,100,168,40,4.834372969284138e-10,0.004550807389821063,1.0931514409195844e-05,0.9999519078599248
basis-projected,axis-parallel,ocean-land,lat-lon-metres,100,100,168,41,4.440371232364257e-10,0.004179916267566002,9.222286000096167e-06,0.9999611301459249
basis-projected,axis-parallel,ocean-land,lat-lon-metres,100,100,168,42,3.7831894877531306e-10,0.0035612822567369466,6.694470223112616e-06,0.999967824616148
basis-projected,axis-parallel,ocean-land,lat-lon-metres,100,100,168,43,3.5897451422204806e-10,0.0033791846066875257,6.027361762459874e-06,0.9999738519779103
basis-projected,axis-parallel,ocean-land,lat-lon-metres,100,100,168,44,3.256318256912626e-10,0.003065315250048149,4.959680655325846e-06,0.9999788116585656
basis-projected,axis-parallel,ocean-land,lat-lon-metres,100,100,168,45,3.042998248836002e-10,0.002864507766777875,4.331152051419679e-06,0.9999831428106171
basis-projected,axis-parallel,ocean-land,lat-lon-metres,100,100,168,46,2.5182926856836646e-10,0.002370579398105182,2.9662819826395712e-06,0.9999861090925997
basis-projected,axis-parallel,ocean-land,lat-lon-metres,100,100,168,47,2.3915263625795327e-10,0.0022512486961448505,2.67516375013976e-06,0.9999887842563498
basis-projected,axis-parallel,ocean-land,lat-lon-metres,100,100,168,48,2.257632939847579e-10,0.0021252089425949218,2.3840024186631176e-06,0.9999911682587685
basis-projected,axis-parallel,ocean-land,lat-lon-metres,100,100,168,49,1.998194216166553e-10,0.0018809878888130106,1.8675636865386603e-06,0.9999930358224551
basis-projected,axis-parallel,ocean-land,lat-lon-metres,100,100,168,50,1.687029407214679e-10,0.0015880748014224586,1.331206200065143e-06,0.9999943670286552
basis-projected,axis-parallel,ocean-land,lat-lon-metres,100,100,168,51,1.5140227931326818e-10,0.0014252160847171857,1.0721729655009666e-06,0.9999954392016207
basis-projected,axis-parallel,ocean-land,lat-lon-metres,100,100,168,52,1.403491205148015e-10,0.0013211678512430188,9.213389185158428e-07,0.9999963605405392
basis-projected,axis-parallel,ocean-land,lat-lon-metres,100,100,168,53,1.294770728254618e-10,0.0012188244961037057,7.841258486654783e-07,0.9999971446663878
basis-projected,axis-parallel,ocean-land,lat-lon-metres,100,100,168,54,1.0204663037575258e-10,0.0009606097058934197,4.870767090661807e-07,0.999997631743097
basis-projected,axis-parallel,ocean-land,lat-lon-metres,100,100,168,55,1.0019319784208201e-10,0.0009431625322385253,4.695442232835015e-07,0.9999981012873201
basis-projected,axis-parallel,ocean-land,lat-lon-metres,100,100,168,56,9.461712040581439e-11,0.0008906724687609887,4.187352080309753e-07,0.9999985200225282
basis-projected,axis-parallel,ocean-land,lat-lon-metres,100,100,168,57,8.40005662978091e-11,0.0007907341868036082,3.300383851572169e-07,0.9999988500609134
basis-projected,axis-parallel,ocean-land,lat-lon-metres,100,100,168,58,7.223457491839587e-11,0.0006799757474812623,2.4405643803081794e-07,0.9999990941173513
basis-projected,axis-parallel,ocean-land,lat-lon-metres,100,100,168,59,6.26299732467375e-11,0.0005895634178133202,1.8346975374459479e-07,0.9999992775871052
basis-projected,axis-parallel,ocean-land,lat-lon-metres,100,100,168,60,5.873367446548827e-11,0.000552885847838231,1.6135200605654365e-07,0.9999994389391111
basis-projected,axis-parallel,ocean-land,lat-lon-metres,100,100,168,61,5.3784373793744936e-11,0.0005062959090508828,1.353045056126949e-07,0.9999995742436167
basis-projected,axis-parallel,ocean-land,lat-lon-metres,100,100,168,62,4.5586752749755583e-11,0.0004291281053605862,9.720247890827093e-08,0.9999996714460957
basis-projected,axis-parallel,ocean-land,lat-lon-metres,100,100,168,63,3.8365355887655573e-11,0.00036114992822432434,6.884596441740908e-08,0.9999997402920601
basis-projected,axis-parallel,ocean-land,lat-lon-metres,100,100,168,64,3.3635645407023164e-11,0.00031662708825369763,5.291752900489579e-08,0.9999997932095891
basis-projected,axis-parallel,ocean-land,lat-lon-metres,100,100,168,65,3.276464540340509e-11,0.00030842798305808373,5.02123988606832e-08,0.999999843421988
basis-projected,axis-parallel,ocean-land,lat-lon-metres,100,100,168,66,3.0828519921865124e-11,0.0002902023844023854,4.4453440097056154e-08,0.999999887875428
basis-projected,axis-parallel,ocean-land,lat-lon-metres,100,100,168,67,2.52444271252655e-11,0.00023763686882120942,2.98078783381726e-08,0.9999999176833065
basis-projected,axis-parallel,ocean-land,lat-lon-metres,100,100,168,68,2.0693694026043867e-11,0.00019479882147024606,2.002977507695446e-08,0.9999999377130815
basis-projected,axis-parallel,ocean-land,lat-lon-metres,100,100,168,69,2.0272070700042924e-11,0.00019082989611037639,1.922189718792087e-08,0.9999999569349788
basis-projected,axis-parallel,ocean-land,lat-lon-metres,100,100,168,70,1.472784926048477e-11,0.00013863970710706143,1.0145622213182232e-08,0.9999999670806009
basis-projected,axis-parallel,ocean-land,lat-lon-metres,100,100,168,71,1.4449852080287452e-11,0.00013602279767531208,9.766227311060501e-09,0.9999999768468283
basis-projected,axis-parallel,ocean-land,lat-lon-metres,100,100,168,72,1.2040298649255543e-11,0.00011334061400893177,6.780700221242124e-09,0.9999999836275285
basis-projected,axis-parallel,ocean-land,lat-lon-metres,100,100,168,73,1.0013629619809253e-11,9.426268920973827e-05,4.690110483371223e-09,0.999999988317639
basis-projected,axis-parallel,ocean-land,lat-lon-metres,100,100,168,74,7.526508964630246e-12,7.085033122892401e-05,2.6496419567738252e-09,0.999999990967281
basis-projected,axis-parallel,ocean-land,lat-lon-metres,100,100,168,75,7.11114959755687e-12,6.694037126282561e-05,2.365264184825197e-09,0.9999999933325452
basis-projected,axis-parallel,ocean-land,lat-lon-metres,100,100,168,76,6.767837358888471e-12,6.370862252793329e-05,2.1423965115614456e-09,0.9999999954749416
basis-projected,axis-parallel,ocean-land,lat-lon-metres,100,100,168,77,5.489386398217099e-12,5.167400269964845e-05,1.409443364697379e-09,0.999999996884385
basis-projected,axis-parallel,ocean-land,lat-lon-metres,100,100,168,78,4.852600276174436e-12,4.567965553541556e-05,1.1014101207852216e-09,0.9999999979857951
basis-projected,axis-parallel,ocean-land,lat-lon-metres,100,100,168,79,4.110855975306827e-12,3.869729098226067e-05,7.904320629289555e-10,0.9999999987762271
basis-projected,axis-parallel,ocean-land,lat-lon-metres,100,100,168,80,3.84917941446527e-12,3.623401470137195e-05,6.930049467825975e-10,0.9999999994692321
basis-projected,axis-parallel,ocean-land,lat-lon-metres,100,100,168,81,2.7218537901977194e-12,2.5622003972685692e-05,3.465210412072347e-10,0.9999999998157532
basis-projected,axis-parallel,ocean-land,lat-lon-metres,100,100,168,82,1.4929386235797066e-12,1.405368630824085e-05,1.0425188905254066e-10,0.9999999999200051
basis-projected,axis-parallel,ocean-land,lat-lon-metres,100,100,168,83,1.0631333884171598e-12,1.000774104752355e-05,5.286588915354706e-11,0.9999999999728709
basis-projected,axis-parallel,ocean-land,lat-lon-metres,100,100,168,84,4.715993707697482e-13,4.439371796859379e-06,1.0402709231832593e-11,0.9999999999832736
basis-projected,axis-parallel,ocean-land,lat-lon-metres,100,100,168,85,3.33162049494815e-13,3.1362005506857767e-06,5.191717773204411e-12,0.9999999999884653
basis-projected,axis-parallel,ocean-land,lat-lon-metres,100,100,168,86,3.0949225825590543e-13,2.913386420352962e-06,4.480222734206814e-12,0.9999999999929455
basis-projected,axis-parallel,ocean-land,lat-lon-metres,100,100,168,87,2.808138202741754e-13,2.6434237006269585e-06,3.688391235078176e-12,0.999999999996634
basis-projected,axis-parallel,ocean-land,lat-lon-metres,100,100,168,88,1.8245837384628276e-13,1.7175607287853742e-06,1.557139872501134e-12,0.9999999999981911
basis-projected,axis-parallel,ocean-land,lat-lon-metres,100,100,168,89,1.4246438545220992e-13,1.3410797681963626e-06,9.493200287188001e-13,0.9999999999991405
basis-projected,axis-parallel,ocean-land,lat-lon-metres,100,100,168,90,9.50865023026936e-14,8.950909665031735e-07,4.2290008316944064e-13,0.9999999999995632
basis-projected,axis-parallel,ocean-land,lat-lon-metres,100,100,168,91,6.96858210312217e-14,6.559832088453678e-07,2.271375139767048e-13,0.9999999999997904
basis-projected,axis-parallel,ocean-land,lat-lon-metres,100,100,168,92,5.953333729493766e-14,5.604134249133659e-07,1.6577555216663948e-13,0.9999999999999561
basis-projected,axis-parallel,ocean-land,lat-lon-metres,100,100,168,93,2.1304516368994124e-14,2.0054876018996687e-07,2.1229676932822517e-14,0.9999999999999775
basis-projected,axis-parallel,ocean-land,lat-lon-metres,100,100,168,94,1.818055880793639e-14,1.7114157699438882e-07,1.546017769589646e-14,0.9999999999999929
basis-projected,axis-parallel,ocean-land,lat-lon-metres,100,100,168,95,9.193583130580329e-15,8.654323180152674e-08,3.9533898281144e-15,0.9999999999999969
basis-projected,axis-parallel,ocean-land,lat-lon-metres,100,100,168,96,6.675448587214626e-15,6.283892648350071e-08,2.084303397780836e-15,0.999999999999999
basis-projected,axis-parallel,ocean-land,lat-lon-metres,100,100,168,97,2.5399281435453142e-15,2.3909458038716648e-08,3.0174694805902177e-16,0.9999999999999992
basis-projected,axis-parallel,ocean-land,lat-lon-metres,100,100,168,98,1.5904136555334383e-15,1.497126155234489e-08,1.1830966309697407e-16,0.9999999999999994
basis-projected,axis-parallel,ocean-land,lat-lon-metres,100,100,168,99,1.2299957022988825e-15,1.1578489220906684e-08,7.076315920358108e-17,0.9999999999999994
basis-projected,axis-parallel,ocean-land,lat-lon-metres,100,100,168,100,9.23138184161353e-16,8.689904765311395e-09,3.9859647727951236e-17,0.9999999999999994
basis-projected,axis-parallel,ocean-land,lat-lon-metres,100,100,168,101,8.469858459264799e-16,7.973049392767123e-09,3.3554620501915455e-17,0.9999999999999994
basis-projected,axis-parallel,ocean-land,lat-lon-metres,100,100,168,102,8.145201914180162e-16,7.667435942188915e-09,3.1031569020987067e-17,0.9999999999999994
basis-projected,axis-parallel,ocean-land,lat-lon-metres,100,100,168,103,6.943633483031266e-16,6.536346857711885e-09,2.255140492599828e-17,0.9999999999999994
basis-projected,axis-parallel,ocean-land,lat-lon-metres,100,100,168,104,6.800495787846866e-16,6.401605064899077e-09,2.163122813142138e-17,0.9999999999999994
basis-projected,axis-parallel,ocean-land,lat-lon-metres,100,100,168,105,6.412649550314172e-16,6.036508384296993e-09,1.9234240348765588e-17,0.9999999999999994
basis-projected,axis-parallel,ocean-land,lat-lon-metres,100,100,168,106,6.220389874322537e-16,5.8555259156653084e-09,1.8098193913670382e-17,0.9999999999999994
basis-projected,axis-parallel,ocean-land,lat-lon-metres,100,100,168,107,5.858441398933589e-16,5.514807934864088e-09,1.6053295716577157e-17,0.9999999999999994
basis-projected,axis-parallel,ocean-land,lat-lon-metres,100,100,168,108,5.708728780621523e-16,5.373876878428676e-09,1.5243294713792115e-17,0.9999999999999994
basis-projected,axis-parallel,ocean-land,lat-lon-metres,100,100,168,109,5.214742820586712e-16,4.908866220029443e-09,1.271937628169597e-17,0.9999999999999994
basis-projected,axis-parallel,ocean-land,lat-lon-metres,100,100,168,110,5.153081082517023e-16,4.850821320502731e-09,1.2420354104082829e-17,0.9999999999999994
basis-projected,axis-parallel,ocean-land,lat-lon-metres,100,100,168,111,4.842987937526648e-16,4.558917037419662e-09,1.0970509563610034e-17,0.9999999999999994
basis-projected,axis-parallel,ocean-land,lat-lon-metres,100,100,168,112,4.625334204327031e-16,4.354030028543798e-09,1.0006593602118913e-17,0.9999999999999994
basis-projected,axis-parallel,ocean-land,lat-lon-metres,100,100,168,113,4.529960402776962e-16,4.264250484506331e-09,9.598178828585422e-18,0.9999999999999994
basis-projected,axis-parallel,ocean-land,lat-lon-metres,100,100,168,114,4.3786229986798034e-16,4.121789945922014e-09,8.967577391601567e-18,0.9999999999999994
basis-projected,axis-parallel,ocean-land,lat-lon-metres,100,100,168,115,4.0267904136651736e-16,3.790594496576798e-09,7.584344958098385e-18,0.9999999999999994
basis-projected,axis-parallel,ocean-land,lat-lon-metres,100,100,168,116,3.8760239725343856e-16,3.6486714304844006e-09,7.027048233236903e-18,0.9999999999999994
basis-projected,axis-parallel,ocean-land,lat-lon-metres,100,100,168,117,3.71653839765741e-16,3.4985406612344073e-09,6.460665764657839e-18,0.9999999999999994
basis-projected,axis-parallel,ocean-land,lat-lon-metres,100,100,168,118,3.5084366931232054e-16,3.302645396047855e-09,5.757412078415756e-18,0.9999999999999994
basis-projected,axis-parallel,ocean-land,lat-lon-metres,100,100,168,119,3.2361677349462236e-16,3.046346679593182e-09,4.898488274987766e-18,0.9999999999999994
basis-projected,axis-parallel,ocean-land,lat-lon-metres,100,100,168,120,3.192443500612403e-16,3.0051871393622422e-09,4.767014418598587e-18,0.9999999999999994
basis-projected,axis-parallel,ocean-land,lat-lon-metres,100,100,168,121,2.9343774187667017e-16,2.762258213566207e-09,4.0274668045110166e-18,0.9999999999999994
basis-projected,axis-parallel,ocean-land,lat-lon-metres,100,100,168,122,2.6696056803326297e-16,2.5130169590049218e-09,3.333452424040357e-18,0.9999999999999994
basis-projected,axis-parallel,ocean-land,lat-lon-metres,100,100,168,123,2.452319533632128e-16,2.308475975428967e-09,2.812899012600298e-18,0.9999999999999994
basis-projected,axis-parallel,ocean-land,lat-lon-metres,100,100,168,124,2.2708967178978135e-16,2.1376947188375625e-09,2.412097124420473e-18,0.9999999999999994
basis-projected,axis-parallel,ocean-land,lat-lon-metres,100,100,168,125,2.0252626737797711e-16,1.906468615624937e-09,1.9185041495416842e-18,0.9999999999999994
basis-projected,axis-parallel,ocean-land,lat-lon-metres,100,100,168,126,1.9442852355192083e-16,1.8302410000093558e-09,1.7681535697405825e-18,0.9999999999999994
basis-projected,axis-parallel,ocean-land,lat-lon-metres,100,100,168,127,1.7146190930302806e-16,1.6140461832107927e-09,1.3751033390207713e-18,0.9999999999999994
basis-projected,axis-parallel,ocean-land,lat-lon-metres,100,100,168,128,1.2348946543697607e-16,1.1624605206223045e-09,7.1327967180785435e-19,0.9999999999999994
basis-projected,axis-parallel,ocean-land,lat-lon-metres,100,100,168,129,1.1825913546960451e-16,1.1132251297702792e-09,6.541380699597391e-19,0.9999999999999994
basis-projected,axis-parallel,ocean-land,lat-lon-metres,100,100,168,130,6.760286987316806e-17,6.363754756751435e-10,2.137618953904033e-19,0.9999999999999994
basis-projected,axis-parallel,ocean-land,lat-lon-metres,100,100,168,131,5.677162712661536e-17,5.34416235365936e-10,1.507518703420659e-19,0.9999999999999994
basis-projected,axis-parallel,ocean-land,lat-lon-metres,100,100,168,132,2.2877867946415952e-17,2.1535940891485851e-10,2.44811110208034e-20,0.9999999999999994
basis-projected,axis-parallel,ocean-land,lat-lon-metres,100,100,168,133,0.0,0.0,0.0,0.9999999999999994
basis-projected,axis-parallel,ocean-land,lat-lon-metres,100,100,168,134,0.0,0.0,0.0,0.9999999999999994
basis-projected,axis-parallel,ocean-land,lat-lon-metres,100,100,168,135,0.0,0.0,0.0,0.9999999999999994
basis-projected,axis-parallel,ocean-land,lat-lon-metres,100,100,168,136,0.0,0.0,0.0,0.9999999999999994
basis-projected,axis-parallel,ocean-land,lat-lon-metres,100,100,168,137,0.0,0.0,0.0,0.9999999999999994
basis-projected,axis-parallel,ocean-land,lat-lon-metres,100,100,168,138,0.0,0.0,0.0,0.9999999999999994
basis-projected,axis-parallel,ocean-land,lat-lon-metres,100,100,168,139,0.0,0.0,0.0,0.9999999999999994
basis-projected,axis-parallel,ocean-land,lat-lon-metres,100,100,168,140,0.0,0.0,0.0,0.9999999999999994
basis-projected,axis-parallel,ocean-land,lat-lon-metres,100,100,168,141,0.0,0.0,0.0,0.9999999999999994
basis-projected,axis-parallel,ocean-land,lat-lon-metres,100,100,168,142,0.0,0.0,0.0,0.9999999999999994
basis-projected,axis-parallel,ocean-land,lat-lon-metres,100,100,168,143,0.0,0.0,0.0,0.9999999999999994
basis-projected,axis-parallel,ocean-land,lat-lon-metres,100,100,168,144,0.0,0.0,0.0,0.9999999999999994
basis-projected,axis-parallel,ocean-land,lat-lon-metres,100,100,168,145,0.0,0.0,0.0,0.9999999999999994
basis-projected,axis-parallel,ocean-land,lat-lon-metres,100,100,168,146,0.0,0.0,0.0,0.9999999999999994
basis-projected,axis-parallel,ocean-land,lat-lon-metres,100,100,168,147,0.0,0.0,0.0,0.9999999999999994
basis-projected,axis-parallel,ocean-land,lat-lon-metres,100,100,168,148,0.0,0.0,0.0,0.9999999999999994
basis-projected,axis-parallel,ocean-land,lat-lon-metres,100,100,168,149,0.0,0.0,0.0,0.9999999999999994
basis-projected,axis-parallel,ocean-land,lat-lon-metres,100,100,168,150,0.0,0.0,0.0,0.9999999999999994
basis-projected,axis-parallel,ocean-land,lat-lon-metres,100,100,168,151,0.0,0.0,0.0,0.9999999999999994
basis-projected,axis-parallel,ocean-land,lat-lon-metres,100,100,168,152,0.0,0.0,0.0,0.9999999999999994
basis-projected,axis-parallel,ocean-land,lat-lon-metres,100,100,168,153,0.0,0.0,0.0,0.9999999999999994
basis-projected,axis-parallel,ocean-land,lat-lon-metres,100,100,168,154,0.0,0.0,0.0,0.9999999999999994
basis-projected,axis-parallel,ocean-land,lat-lon-metres,100,100,168,155,0.0,0.0,0.0,0.9999999999999994
basis-projected,axis-parallel,ocean-land,lat-lon-metres,100,100,168,156,0.0,0.0,0.0,0.9999999999999994
basis-projected,axis-parallel,ocean-land,lat-lon-metres,100,100,168,157,0.0,0.0,0.0,0.9999999999999994
basis-projected,axis-parallel,ocean-land,lat-lon-metres,100,100,168,158,0.0,0.0,0.0,0.9999999999999994
basis-projected,axis-parallel,ocean-land,lat-lon-metres,100,100,168,159,0.0,0.0,0.0,0.9999999999999994
basis-projected,axis-parallel,ocean-land,lat-lon-metres,100,100,168,160,0.0,0.0,0.0,0.9999999999999994
basis-projected,axis-parallel,ocean-land,lat-lon-metres,100,100,168,161,0.0,0.0,0.0,0.9999999999999994
basis-projected,axis-parallel,ocean-land,lat-lon-metres,100,100,168,162,0.0,0.0,0.0,0.9999999999999994
basis-projected,axis-parallel,ocean-land,lat-lon-metres,100,100,168,163,0.0,0.0,0.0,0.9999999999999994
basis-projected,axis-parallel,ocean-land,lat-lon-metres,100,100,168,164,0.0,0.0,0.0,0.9999999999999994
basis-projected,axis-parallel,ocean-land,lat-lon-metres,100,100,168,165,0.0,0.0,0.0,0.9999999999999994
basis-projected,axis-parallel,ocean-land,lat-lon-metres,100,100,168,166,0.0,0.0,0.0,0.9999999999999994
basis-projected,axis-parallel,ocean-land,lat-lon-metres,100,100,168,167,0.0,0.0,0.0,0.9999999999999994
basis-projected,axis-parallel,ocean-land,lat-lon-metres,100,100,168,168,0.0,0.0,0.0,0.9999999999999994
basis-projected,axis-parallel,ocean-land,lat-lon-metres,250,250,168,1,6.679484787704772e-08,1.0,0.4635315233212833,0.4635315233212833
basis-projected,axis-parallel,ocean-land,lat-lon-metres,250,250,168,2,3.661628044463501e-08,0.5481901914356665,0.13929701040628278,0.6028285337275661
basis-projected,axis-parallel,ocean-land,lat-lon-metres,250,250,168,3,3.252791117084224e-08,0.48698233778027056,0.10992733386545556,0.7127558675930216
basis-projected,axis-parallel,ocean-land,lat-lon-metres,250,250,168,4,2.4124328487265666e-08,0.3611704982347202,0.060464965728717804,0.7732208333217394
basis-projected,axis-parallel,ocean-land,lat-lon-metres,250,250,168,5,2.1884693364746527e-08,0.327640440248186,0.049759301596501514,0.822980134918241
basis-projected,axis-parallel,ocean-land,lat-lon-metres,250,250,168,6,1.7828598361716786e-08,0.2669157716256004,0.03302385335596413,0.856003988274205
basis-projected,axis-parallel,ocean-land,lat-lon-metres,250,250,168,7,1.525179395138798e-08,0.22833787988352997,0.024167693423960652,0.8801716816981656
basis-projected,axis-parallel,ocean-land,lat-lon-metres,250,250,168,8,1.3696209411357893e-08,0.20504888994685821,0.019489204808454782,0.8996608865066203
basis-projected,axis-parallel,ocean-land,lat-lon-metres,250,250,168,9,1.2018448587031351e-08,0.17993077264213928,0.015006871514498513,0.9146677580211189
basis-projected,axis-parallel,ocean-land,lat-lon-metres,250,250,168,10,1.0726107605012853e-08,0.1605828584976626,0.011953019921757933,0.9266207779428769
basis-projected,axis-parallel,ocean-land,lat-lon-metres,250,250,168,11,9.727572968586584e-09,0.14563358219622816,0.009831105094584782,0.9364518830374616
basis-projected,axis-parallel,ocean-land,lat-lon-metres,250,250,168,12,8.367692863976837e-09,0.12527452535530326,0.00727452777459741,0.9437264108120591
basis-projected,axis-parallel,ocean-land,lat-lon-metres,250,250,168,13,7.925564943386372e-09,0.11865533338701985,0.006526101173058019,0.9502525119851171
basis-projected,axis-parallel,ocean-land,lat-lon-metres,250,250,168,14,7.38402703042738e-09,0.11054785309219495,0.005664738937178366,0.9559172509222955
basis-projected,axis-parallel,ocean-land,lat-lon-metres,250,250,168,15,7.3065229602330685e-09,0.10938752302696331,0.00554644679131211,0.9614636977136076
basis-projected,axis-parallel,ocean-land,lat-lon-metres,250,250,168,16,7.041044812094123e-09,0.10541299270648674,0.005150715484988316,0.966614413198596
basis-projected,axis-parallel,ocean-land,lat-lon-metres,250,250,168,17,6.283910506563344e-09,0.09407777255710531,0.004102544749761134,0.9707169579483571
basis-projected,axis-parallel,ocean-land,lat-lon-metres,250,250,168,18,5.875890404897625e-09,0.0879692160645929,0.0035870771547587194,0.9743040351031158
basis-projected,axis-parallel,ocean-land,lat-lon-metres,250,250,168,19,5.500882856903665e-09,0.08235489759673362,0.003143823366352193,0.9774478584694681
basis-projected,axis-parallel,ocean-land,lat-lon-metres,250,250,168,20,5.186519405278343e-09,0.07764849490825106,0.002794765404169725,0.9802426238736377
basis-projected,axis-parallel,ocean-land,lat-lon-metres,250,250,168,21,5.079647219316856e-09,0.07604848848023715,0.002680775511272256,0.98292339938491
basis-projected,axis-parallel,ocean-land,lat-lon-metres,250,250,168,22,4.306771215996765e-09,0.06447759599549403,0.0019270675924206197,0.9848504669773306
basis-projected,axis-parallel,ocean-land,lat-lon-metres,250,250,168,23,4.2111579213652815e-09,0.06304614884544613,0.00184245292527592,0.9866929199026065
basis-projected,axis-parallel,ocean-land,lat-lon-metres,250,250,168,24,3.858911775605733e-09,0.057772596214441654,0.001547116591335257,0.9882400364939418
basis-projected,axis-parallel,ocean-land,lat-lon-metres,250,250,168,25,3.74512102416831e-09,0.05606901045814377,0.0014572197792304669,0.9896972562731722
basis-projected,axis-parallel,ocean-land,lat-lon-metres,250,250,168,26,3.4341206753948385e-09,0.05141295750409042,0.001225249259732863,0.990922505532905
basis-projected,axis-parallel,ocean-land,lat-lon-metres,250,250,168,27,3.054016954886198e-09,0.045722343144008123,0.0009690277896378764,0.9918915333225428
basis-projected,axis-parallel,ocean-land,lat-lon-metres,250,250,168,28,2.8787730447049916e-09,0.04309872896191153,0.0008610100076574217,0.9927525433302002
basis-projected,axis-parallel,ocean-land,lat-lon-metres,250,250,168,29,2.6926347025534717e-09,0.04031201190112635,0.000753265750914928,0.9935058090811152
basis-projected,axis-parallel,ocean-land,lat-lon-metres,250,250,168,30,2.5684574497794133e-09,0.038452927604645325,0.000685390523028309,0.9941911996041435
basis-projected,axis-parallel,ocean-land,lat-lon-metres,250,250,168,31,2.428523160369476e-09,0.03635794133163935,0.0006127422733402147,0.9948039418774837
basis-projected,axis-parallel,ocean-land,lat-lon-metres,250,250,168,32,2.3360927340229614e-09,0.03497414558564625,0.0005669875223916645,0.9953709293998754
basis-projected,axis-parallel,ocean-land,lat-lon-metres,250,250,168,33,2.2755283594359394e-09,0.03406742333816834,0.0005379697414304853,0.9959088991413058
basis-projected,axis-parallel,ocean-land,lat-lon-metres,250,250,168,34,1.9822730757378486e-09,0.029677035560986796,0.00040824446821794374,0.9963171436095237
basis-projected,axis-parallel,ocean-land,lat-lon-metres,250,250,168,35,1.9094062412812446e-09,0.028586130547014265,0.0003787825992616705,0.9966959262087854
basis-projected,axis-parallel,ocean-land,lat-lon-metres,250,250,168,36,1.7780247556923198e-09,0.026619190135221356,0.0003284497617168768,0.9970243759705023
basis-projected,axis-parallel,ocean-land,lat-lon-metres,250,250,168,37,1.7520156803259027e-09,0.026229802687041323,0.0003189108695874151,0.9973432868400898
basis-projected,axis-parallel,ocean-land,lat-lon-metres,250,250,168,38,1.5848715569063404e-09,0.023727452150556355,0.00026096453268288297,0.9976042513727726
basis-projected,axis-parallel,ocean-land,lat-lon-metres,250,250,168,39,1.4851091316370203e-09,0.022233887475434148,0.00022914483959724278,0.99783339621237
basis-projected,axis-parallel,ocean-land,lat-lon-metres,250,250,168,40,1.4401300798502367e-09,0.0215604964398025,0.00021547494939342353,0.9980488711617634
basis-projected,axis-parallel,ocean-land,lat-lon-metres,250,250,168,41,1.3180568727543572e-09,0.01973291226264283,0.00018049353231780582,0.9982293646940812
basis-projected,axis-parallel,ocean-land,lat-lon-metres,250,250,168,42,1.2518953188593781e-09,0.018742393442736753,0.00016282810752210988,0.9983921928016033
basis-projected,axis-parallel,ocean-land,lat-lon-metres,250,250,168,43,1.1800639803523094e-09,0.017666991060815145,0.0001446786517918974,0.9985368714533952
basis-projected,axis-parallel,ocean-land,lat-lon-metres,250,250,168,44,1.1005916848370363e-09,0.016477194271973566,0.00012584784957040123,0.9986627193029656
basis-projected,axis-parallel,ocean-land,lat-lon-metres,250,250,168,45,1.060412777651308e-09,0.015875667231150185,0.00011682700648819694,0.9987795463094536
basis-projected,axis-parallel,ocean-land,lat-lon-metres,250,250,168,46,9.707650206819055e-10,0.014533531425490126,9.790876726233949e-05,0.998877455076716
basis-projected,axis-parallel,ocean-land,lat-lon-metres,250,250,168,47,9.429599522048603e-10,0.01411725577907759,9.238040062478323e-05,0.9989698354773409
basis-projected,axis-parallel,ocean-land,lat-lon-metres,250,250,168,48,9.125530875264591e-10,0.013662028083456925,8.651862762199104e-05,0.9990563541049627
basis-projected,axis-parallel,ocean-land,lat-lon-metres,250,250,168,49,8.559420880196879e-10,0.012814492662596658,7.611707797269688e-05,0.9991324711829355
basis-projected,axis-parallel,ocean-land,lat-lon-metres,250,250,168,50,8.137830745975286e-10,0.0121833210264285,6.880351886746151e-05,0.9992012747018029
basis-projected,axis-parallel,ocean-land,lat-lon-metres,250,250,168,51,7.97319278367296e-10,0.011936838000364302,6.604772671885821e-05,0.9992673224285217
basis-projected,axis-parallel,ocean-land,lat-lon-metres,250,250,168,52,7.644658783605025e-10,0.011444982699379588,6.071689520155972e-05,0.9993280393237233
basis-projected,axis-parallel,ocean-land,lat-lon-metres,250,250,168,53,7.542256706670056e-10,0.011291674352718682,5.9101154423979425e-05,0.9993871404781473
basis-projected,axis-parallel,ocean-land,lat-lon-metres,250,250,168,54,7.186634338055724e-10,0.010759264473937399,5.365923052686262e-05,0.9994407997086742
basis-projected,axis-parallel,ocean-land,lat-lon-metres,250,250,168,55,6.646956317750048e-10,0.009951300929654634,4.59027805580049e-05,0.9994867024892321
basis-projected,axis-parallel,ocean-land,lat-lon-metres,250,250,168,56,6.30955640526481e-10,0.009446172280950613,4.136099697924983e-05,0.9995280634862114
basis-projected,axis-parallel,ocean-land,lat-lon-metres,250,250,168,57,5.850008043019358e-10,0.008758172567123338,3.555545745749397e-05,0.9995636189436689
basis-projected,axis-parallel,ocean-land,lat-lon-metres,250,250,168,58,5.742473027344617e-10,0.008597179587735638,3.4260308732223415e-05,0.9995978792524011
basis-projected,axis-parallel,ocean-land,lat-lon-metres,250,250,168,59,5.628080737093603e-10,0.008425920435440565,3.290894669193707e-05,0.9996307881990929
basis-projected,axis-parallel,ocean-land,lat-lon-metres,250,250,168,60,5.197868647560428e-10,0.0077818406849707615,2.8070099060012438e-05,0.9996588582981529
basis-projected,axis-parallel,ocean-land,lat-lon-metres,250,250,168,61,5.065185687997793e-10,0.007583198179179191,2.6655331403820125e-05,0.9996855136295568
basis-projected,axis-parallel,ocean-land,lat-lon-metres,250,250,168,62,4.966919838846366e-10,0.0074360822678856894,2.5631123677945e-05,0.9997111447532347
basis-projected,axis-parallel,ocean-land,lat-lon-metres,250,250,168,63,4.651911647082448e-10,0.0069644767447414975,2.248310349321729e-05,0.9997336278567279
basis-projected,axis-parallel,ocean-land,lat-lon-metres,250,250,168,64,4.518601196393322e-10,0.006764894808520134,2.1212964747580176e-05,0.9997548408214755
basis-projected,axis-parallel,ocean-land,lat-lon-metres,250,250,168,65,4.4353106072620423e-10,0.006640198680332828,2.0438142485175974e-05,0.9997752789639608
basis-projected,axis-parallel,ocean-land,lat-lon-metres,250,250,168,66,4.2094724906652366e-10,0.006302091590078628,1.840978411444073e-05,0.9997936887480751
basis-projected,axis-parallel,ocean-land,lat-lon-metres,250,250,168,67,3.9508492294319283e-10,0.0059149011563054,1.6217139688461896e-05,0.9998099058877635
basis-projected,axis-parallel,ocean-land,lat-lon-metres,250,250,168,68,3.692287947164738e-10,0.005527803512572255,1.4163952756603573e-05,0.9998240698405201
basis-projected,axis-parallel,ocean-land,lat-lon-metres,250,250,168,69,3.6553910086301054e-10,0.0054725643141799625,1.3882287130803114e-05,0.999837952127651
basis-projected,axis-parallel,ocean-land,lat-lon-metres,250,250,168,70,3.515663694058923e-10,0.005263375553351605,1.2841270441361703e-05,0.9998507933980924
basis-projected,axis-parallel,ocean-land,lat-lon-metres,250,250,168,71,3.4435699284666e-10,0.005155442429939109,1.2320012756867205e-05,0.9998631134108492
basis-projected,axis-parallel,ocean-land,lat-lon-metres,250,250,168,72,3.1851339792942395e-10,0.004768532425071555,1.0540197645829672e-05,0.999873653608495
basis-projected,axis-parallel,ocean-land,lat-lon-metres,250,250,168,73,3.122980080696436e-10,0.004675480489820182,1.0132853708771465e-05,0.9998837864622038
basis-projected,axis-parallel,ocean-land,lat-lon-metres,250,250,168,74,3.0602520054999456e-10,0.004581568942462582,9.729885436110209e-06,0.9998935163476399
basis-projected,axis-parallel,ocean-land,lat-lon-metres,250,250,168,75,2.887898836242984e-10,0.004323535314518373,8.66477511907251e-06,0.999902181122759
basis-projected,axis-parallel,ocean-land,lat-lon-metres,250,250,168,76,2.818274641250254e-10,0.004219299438241074,8.252014265453427e-06,0.9999104331370243
basis-projected,axis-parallel,ocean-land,lat-lon-metres,250,250,168,77,2.761864151401559e-10,0.004134846083466567,7.924976266804993e-06,0.9999183581132911
basis-projected,axis-parallel,ocean-land,lat-lon-metres,250,250,168,78,2.5873132523130674e-10,0.003873522187034023,6.954907692253483e-06,0.9999253130209834
basis-projected,axis-parallel,ocean-land,lat-lon-metres,250,250,168,79,2.5191956998658224e-10,0.0037715419376401897,6.5935174046347975e-06,0.999931906538388
basis-projected,axis-parallel,ocean-land,lat-lon-metres,250,250,168,80,2.424987990822135e-10,0.00363050155497909,6.1095964985627176e-06,0.9999380161348866
basis-projected,axis-parallel,ocean-land,lat-lon-metres,250,250,168,81,2.2980800917535093e-10,0.003440505016170841,5.486857298089442e-06,0.9999435029921847
basis-projected,axis-parallel,ocean-land,lat-lon-metres,250,250,168,82,2.2157275328642336e-10,0.003317213233186522,5.100656214146914e-06,0.9999486036483988
basis-projected,axis-parallel,ocean-land,lat-lon-metres,250,250,168,83,2.1237943620990344e-10,0.003179578110587808,4.68617250343191e-06,0.9999532898209023
basis-projected,axis-parallel,ocean-land,lat-lon-metres,250,250,168,84,2.0328232787317873e-10,0.003043383349676455,4.29331343051192e-06,0.9999575831343328
basis-projected,axis-parallel,ocean-land,lat-lon-metres,250,250,168,85,1.9292915843976118e-10,0.002888383828568553,3.867132780456533e-06,0.9999614502671132
basis-projected,axis-parallel,ocean-land,lat-lon-metres,250,250,168,86,1.8300921061294455e-10,0.0027398701610911345,3.479679461640021e-06,0.9999649299465749
basis-projected,axis-parallel,ocean-land,lat-lon-metres,250,250,168,87,1.7997040447779343e-10,0.0026943755423932255,3.3650810562384123e-06,0.9999682950276312
basis-projected,axis-parallel,ocean-land,lat-lon-metres,250,250,168,88,1.691055589607688e-10,0.002531715608845296,2.9710442001801964e-06,0.9999712660718314
basis-projected,axis-parallel,ocean-land,lat-lon-metres,250,250,168,89,1.644156988343224e-10,0.0024615027065705694,2.8085354484236873e-06,0.9999740746072797
basis-projected,axis-parallel,ocean-land,lat-lon-metres,250,250,168,90,1.6295167236742166e-10,0.002439584452192692,2.7587413740885114e-06,0.9999768333486538
basis-projected,axis-parallel,ocean-land,lat-lon-metres,250,250,168,91,1.5182089813033607e-10,0.0022729432427153608,2.394729459384696e-06,0.9999792280781132
basis-projected,axis-parallel,ocean-land,lat-lon-metres,250,250,168,92,1.448637043606427e-10,0.002168785601956903,2.1802812366637645e-06,0.9999814083593498
basis-projected,axis-parallel,ocean-land,lat-lon-metres,250,250,168,93,1.4275199284297248e-10,0.0021371707157076324,2.117179615382254e-06,0.9999835255389653
basis-projected,axis-parallel,ocean-land,lat-lon-metres,250,250,168,94,1.315362489417483e-10,0.0019692574071562075,1.7975635366124699e-06,0.9999853231025018
basis-projected,axis-parallel,ocean-land,lat-lon-metres,250,250,168,95,1.2557237477014772e-10,0.0018799709672412826,1.6382552158456867e-06,0.9999869613577176
basis-projected,axis-parallel,ocean-land,lat-lon-metres,250,250,168,96,1.2151519315427326e-10,0.0018192300307046398,1.5341029583083255e-06,0.999988495460676
basis-projected,axis-parallel,ocean-land,lat-lon-metres,250,250,168,97,1.1430431211544331e-10,0.001711274383405265,1.3574335318770466e-06,0.9999898528942078
basis-projected,axis-parallel,ocean-land,lat-lon-metres,250,250,168,98,1.0602488522201199e-10,0.0015873213068345745,1.1679088953906065e-06,0.9999910208031033
basis-projected,axis-parallel,ocean-land,lat-lon-metres,250,250,168,99,9.819741101417665e-11,0.0014701345108972036,1.0018285862525082e-06,0.9999920226316896
basis-projected,axis-parallel,ocean-land,lat-lon-metres,250,250,168,100,9.760770119756789e-11,0.0014613058386964033,9.898320539408702e-07,0.9999930124637435
basis-projected,axis-parallel,ocean-land,lat-lon-metres,250,250,168,101,9.312806528234736e-11,0.0013942402481965733,9.010616489711654e-07,0.9999939135253925
basis-projected,axis-parallel,ocean-land,lat-lon-metres,250,250,168,102,8.662164595010925e-11,0.0012968312482656988,7.795540062993133e-07,0.9999946930793988
basis-projected,axis-parallel,ocean-land,lat-lon-metres,250,250,168,103,7.875142181839082e-11,0.001179004434044855,6.443326686616901e-07,0.9999953374120676
basis-projected,axis-parallel,ocean-land,lat-lon-metres,250,250,168,104,6.91693750058618e-11,0.001035549555157083,4.970739998693621e-07,0.9999958344860675
basis-projected,axis-parallel,ocean-land,lat-lon-metres,250,250,168,105,6.85913598222122e-11,0.001026895965815678,4.88801094781422e-07,0.9999963232871624
basis-projected,axis-parallel,ocean-land,lat-lon-metres,250,250,168,106,6.342958587174039e-11,0.0009496179404210648,4.180007838075487e-07,0.999996741287946
basis-projected,axis-parallel,ocean-land,lat-lon-metres,250,250,168,107,5.905374855347845e-11,0.0008841063409887742,3.623166442944752e-07,0.9999971036045905
basis-projected,axis-parallel,ocean-land,lat-lon-metres,250,250,168,108,5.853233139103486e-11,0.0008763000927673038,3.559467154894902e-07,0.9999974595513059
basis-projected,axis-parallel,ocean-land,lat-lon-metres,250,250,168,109,5.636903500935624e-11,0.0008439129184501964,3.301220585183242e-07,0.9999977896733645
basis-projected,axis-parallel,ocean-land,lat-lon-metres,250,250,168,110,4.99918557486507e-11,0.0007484387993617855,2.596521130905276e-07,0.9999980493254775
basis-projected,axis-parallel,ocean-land,lat-lon-metres,250,250,168,111,4.8215163957429753e-11,0.0007218395653236845,2.415241932647976e-07,0.9999982908496707
basis-projected,axis-parallel,ocean-land,lat-lon-metres,250,250,168,112,4.5688995369361095e-11,0.0006840197533417979,2.1687853036963812e-07,0.9999985077282012
basis-projected,axis-parallel,ocean-land,lat-lon-metres,250,250,168,113,4.015403651509491e-11,0.0006011546966767294,1.675142524050054e-07,0.9999986752424536
basis-projected,axis-parallel,ocean-land,lat-lon-metres,250,250,168,114,3.9348496840290375e-11,0.0005890947893574205,1.6086058256045647e-07,0.9999988361030362
basis-projected,axis-parallel,ocean-land,lat-lon-metres,250,250,168,115,3.727443652766832e-11,0.0005580435873778926,1.4434957791007093e-07,0.999998980452614
basis-projected,axis-parallel,ocean-land,lat-lon-metres,250,250,168,116,3.1876521179506153e-11,0.0004772302384486705,1.0556870207246806e-07,0.9999990860213162
basis-projected,axis-parallel,ocean-land,lat-lon-metres,250,250,168,117,3.1533635022708445e-11,0.0004720968162208233,1.0330977547404865e-07,0.9999991893310916
basis-projected,axis-parallel,ocean-land,lat-lon-metres,250,250,168,118,2.9669804254232826e-11,0.00044419300585649016,9.145821194581602e-08,0.9999992807893037
basis-projected,axis-parallel,ocean-land,lat-lon-metres,250,250,168,119,2.8164190867954505e-11,0.0004216521447851427,8.241151576012193e-08,0.9999993632008195
basis-projected,axis-parallel,ocean-land,lat-lon-metres,250,250,168,120,2.600503704074508e-11,0.0003893269895398777,7.026002463080529e-08,0.999999433460844
basis-projected,axis-parallel,ocean-land,lat-lon-metres,250,250,168,121,2.545479642598085e-11,0.0003810892192289537,6.731821636151568e-08,0.9999995007790604
basis-projected,axis-parallel,ocean-land,lat-lon-metres,250,250,168,122,2.4049155084683734e-11,0.000360045061094414,6.008872517481021e-08,0.9999995608677856
basis-projected,axis-parallel,ocean-land,lat-lon-metres,250,250,168,123,2.265583217737653e-11,0.000339185324878352,5.332776497164981e-08,0.9999996141955506
basis-projected,axis-parallel,ocean-land,lat-lon-metres,250,250,168,124,2.0889621837374973e-11,0.0003127430108955026,4.533717970448155e-08,0.9999996595327304
basis-projected,axis-parallel,ocean-land,lat-lon-metres,250,250,168,125,2.0236984796212185e-11,0.0003029722417133626,4.2548568676185926e-08,0.9999997020812991
basis-projected,axis-parallel,ocean-land,lat-lon-metres,250,250,168,126,1.903615239103095e-11,0.0002849943221080712,3.7648847824034616e-08,0.9999997397301469
basis-projected,axis-parallel,ocean-land,lat-lon-metres,250,250,168,127,1.7063189639572925e-11,0.0002554566734096304,3.024919205957059e-08,0.9999997699793389
basis-projected,axis-parallel,ocean-land,lat-lon-metres,250,250,168,128,1.6848938431979445e-11,0.0002522490726080258,2.9494322927905495e-08,0.9999997994736617
basis-projected,axis-parallel,ocean-land,lat-lon-metres,250,250,168,129,1.572794196991652e-11,0.00023546639403787024,2.5700237723625886e-08,0.9999998251738994
basis-projected,axis-parallel,ocean-land,lat-lon-metres,250,250,168,130,1.458689315512392e-11,0.0002183835073922868,2.210644703544067e-08,0.9999998472803464
basis-projected,axis-parallel,ocean-land,lat-lon-metres,250,250,168,131,1.4218269729942634e-11,0.00021286476699692233,2.1003266450885754e-08,0.9999998682836129
basis-projected,axis-parallel,ocean-land,lat-lon-metres,250,250,168,132,1.308667205585841e-11,0.00019592337540685228,1.779310669901699e-08,0.9999998860767196
basis-projected,axis-parallel,ocean-land,lat-lon-metres,250,250,168,133,1.2247694557825733e-11,0.00018336286326110982,1.558482889061024e-08,0.9999999016615485
basis-projected,axis-parallel,ocean-land,lat-lon-metres,250,250,168,134,1.204517743784022e-11,0.00018033093600291328,1.5073695857989506e-08,0.9999999167352444
basis-projected,axis-parallel,ocean-land,lat-lon-metres,250,250,168,135,1.0351371463059885e-11,0.00015497260330787967,1.1132408434276663e-08,0.9999999278676528
basis-projected,axis-parallel,ocean-land,lat-lon-metres,250,250,168,136,9.924492911610456e-12,0.00014858171291712375,1.0233165454508103e-08,0.9999999381008183
basis-projected,axis-parallel,ocean-land,lat-lon-metres,250,250,168,137,9.763509797452801e-12,0.00014617160017229072,9.90387789061782e-09,0.9999999480046963
basis-projected,axis-parallel,ocean-land,lat-lon-metres,250,250,168,138,8.88556721380597e-12,0.0001330277333689274,8.202828979889071e-09,0.9999999562075252
basis-projected,axis-parallel,ocean-land,lat-lon-metres,250,250,168,139,8.05447577320593e-12,0.00012058528508115126,6.7401242630067e-09,0.9999999629476495
basis-projected,axis-parallel,ocean-land,lat-lon-metres,250,250,168,140,7.610225618531842e-12,0.00011393432069102586,6.0171163465807316e-09,0.9999999689647658
basis-projected,axis-parallel,ocean-land,lat-lon-metres,250,250,168,141,7.391280274664286e-12,0.00011065644296802274,5.675873217939641e-09,0.999999974640639
basis-projected,axis-parallel,ocean-land,lat-lon-metres,250,250,168,142,6.986750760988491e-12,0.00010460014481729666,5.0715866047599525e-09,0.9999999797122257
basis-projected,axis-parallel,ocean-land,lat-lon-metres,250,250,168,143,6.014132783236821e-12,9.003887237391881e-05,3.757849382052599e-09,0.999999983470075
basis-projected,axis-parallel,ocean-land,lat-lon-metres,250,250,168,144,5.3815217313071395e-12,8.056791657364275e-05,3.008870809243656e-09,0.9999999864789458
basis-projected,axis-parallel,ocean-land,lat-lon-metres,250,250,168,145,4.825785888747492e-12,7.224787602826095e-05,2.4195212602732676e-09,0.9999999888984671
basis-projected,axis-parallel,ocean-land,lat-lon-metres,250,250,168,146,4.54781349871403e-12,6.808629173144305e-05,2.1488130709459182e-09,0.9999999910472801
basis-projected,axis-parallel,ocean-land,lat-lon-metres,250,250,168,147,4.245768184464559e-12,6.356430652076542e-05,1.8728625304077123e-09,0.9999999929201427
basis-projected,axis-parallel,ocean-land,lat-lon-metres,250,250,168,148,4.1430601080314605e-12,6.202664187001035e-05,1.7833468236338633e-09,0.9999999947034895
basis-projected,axis-parallel,ocean-land,lat-lon-metres,250,250,168,149,3.823999763754034e-12,5.7249920993802436e-05,1.519249345205281e-09,0.9999999962227389
basis-projected,axis-parallel,ocean-land,lat-lon-metres,250,250,168,150,3.0067887006737806e-12,4.5015278816242116e-05,9.39288842100482e-10,0.9999999971620278
basis-projected,axis-parallel,ocean-land,lat-lon-metres,250,250,168,151,2.761537533568004e-12,4.134357096899585e-05,7.92310196352063e-10,0.9999999979543379
basis-projected,axis-parallel,ocean-land,lat-lon-metres,250,250,168,152,2.2335176014721046e-12,3.343847126627852e-05,5.182891328641456e-10,0.9999999984726269
basis-projected,axis-parallel,ocean-land,lat-lon-metres,250,250,168,153,2.019986509875393e-12,3.0241651475779584e-05,4.239262237152983e-10,0.9999999988965531
basis-projected,axis-parallel,ocean-land,lat-lon-metres,250,250,168,154,1.8816181060923564e-12,2.8170108412492165e-05,3.678377616842912e-10,0.9999999992643909
basis-projected,axis-parallel,ocean-land,lat-lon-metres,250,250,168,155,1.4919065051002255e-12,2.23356524120909e-05,2.3124724077794634e-10,0.9999999994956381
basis-projected,axis-parallel,ocean-land,lat-lon-metres,250,250,168,156,1.3696164644956849e-12,2.0504821973946246e-05,1.9489077406761884e-10,0.999999999690529
basis-projected,axis-parallel,ocean-land,lat-lon-metres,250,250,168,157,9.881752873039437e-13,1.4794184262877916e-05,1.01452165532599e-10,0.9999999997919811
basis-projected,axis-parallel,ocean-land,lat-lon-metres,250,250,168,158,9.484835624686845e-13,1.4199950933560039e-05,9.346585043851641e-11,0.999999999885447
basis-projected,axis-parallel,ocean-land,lat-lon-metres,250,250,168,159,7.424163823218444e-13,1.1114874962937915e-05,5.726489086740154e-11,0.9999999999427118
basis-projected,axis-parallel,ocean-land,lat-lon-metres,250,250,168,160,5.594316173706183e-13,8.375370783093768e-06,3.2515269633358873e-11,0.999999999975227
basis-projected,axis-parallel,ocean-land,lat-lon-metres,250,250,168,161,3.618225109688045e-13,5.41692244939052e-06,1.3601428119682014e-11,0.9999999999888286
basis-projected,axis-parallel,ocean-land,lat-lon-metres,250,250,168,162,2.203649269191858e-13,3.2991306054745636e-06,5.0451988936539104e-12,0.9999999999938738
basis-projected,axis-parallel,ocean-land,lat-lon-metres,250,250,168,163,1.9342925088651347e-13,2.8958708198956812e-06,3.88720678456978e-12,0.9999999999977609
basis-projected,axis-parallel,ocean-land,lat-lon-metres,250,250,168,164,1.1171110458118772e-13,1.6724509169752042e-06,1.2965403479338434e-12,0.9999999999990575
basis-projected,axis-parallel,ocean-land,lat-lon-metres,250,250,168,165,8.002870210617668e-14,1.1981268713043425e-06,6.65403209860081e-13,0.9999999999997228
basis-projected,axis-parallel,ocean-land,lat-lon-metres,250,250,168,166,4.3201418126957727e-14,6.46777700676563e-07,1.9390515304156165e-13,0.9999999999999167
basis-projected,axis-parallel,ocean-land,lat-lon-metres,250,250,168,167,2.4827513556793842e-14,3.716980327958073e-07,6.404124992933461e-14,0.9999999999999808
basis-projected,axis-parallel,ocean-land,lat-lon-metres,250,250,168,168,1.3622555728097222e-14,2.0394620485060276e-07,1.928015543096145e-14,1.0000000000000002
basis-projected,axis-parallel,ocean-land,lat-lon-metres,500,500,168,1,6.162153160669648e-08,1.0,0.5412414342306343,0.5412414342306343
basis-projected,axis-parallel,ocean-land,lat-lon-metres,500,500,168,2,3.0049645966119464e-08,0.4876484758268153,0.12870777377329787,0.6699492080039322
basis-projected,axis-parallel,ocean-land,lat-lon-metres,500,500,168,3,2.275942786671332e-08,0.36934213209721695,0.07383269821839515,0.7437819062223273
basis-projected,axis-parallel,ocean-land,lat-lon-metres,500,500,168,4,1.959604177901695e-08,0.3180064056844609,0.05473470384324065,0.798516610065568
basis-projected,axis-parallel,ocean-land,lat-lon-metres,500,500,168,5,1.5604971159044244e-08,0.25323893697813304,0.03470979109554233,0.8332264011611102
basis-projected,axis-parallel,ocean-land,lat-lon-metres,500,500,168,6,1.404199492500257e-08,0.22787481191844655,0.02810500601798653,0.8613314071790968
basis-projected,axis-parallel,ocean-land,lat-lon-metres,500,500,168,7,1.2845043608220325e-08,0.2084505735788047,0.02351782883297059,0.8848492360120674
basis-projected,axis-parallel,ocean-land,lat-lon-metres,500,500,168,8,1.1016776639418138e-08,0.17878128556968442,0.017299563607331665,0.9021487996193991
basis-projected,axis-parallel,ocean-land,lat-lon-metres,500,500,168,9,9.989113371941406e-09,0.1621042695870915,0.014222631031165039,0.9163714306505641
basis-projected,axis-parallel,ocean-land,lat-lon-metres,500,500,168,10,8.993838327405427e-09,0.14595285272701752,0.011529652342333496,0.9279010829928976
basis-projected,axis-parallel,ocean-land,lat-lon-metres,500,500,168,11,7.507817954614656e-09,0.1218375746083983,0.008034401416259463,0.9359354844091571
basis-projected,axis-parallel,ocean-land,lat-lon-metres,500,500,168,12,7.012587099676608e-09,0.11380092180173176,0.007009428273553196,0.9429449126827103
basis-projected,axis-parallel,ocean-land,lat-lon-metres,500,500,168,13,6.392682162280242e-09,0.10374104628041315,0.005824951098302615,0.9487698637810129
basis-projected,axis-parallel,ocean-land,lat-lon-metres,500,500,168,14,6.055217235024494e-09,0.09826463375938657,0.0052261938661176364,0.9539960576471306
basis-projected,axis-parallel,ocean-land,lat-lon-metres,500,500,168,15,5.906843493589239e-09,0.09585681075391082,0.004973212164068772,0.9589692698111993
basis-projected,axis-parallel,ocean-land,lat-lon-metres,500,500,168,16,5.456030736830494e-09,0.08854097901451026,0.004243064910832482,0.9632123347220318
basis-projected,axis-parallel,ocean-land,lat-lon-metres,500,500,168,17,5.140416191556166e-09,0.08341915654361229,0.0037663669038636004,0.9669787016258954
basis-projected,axis-parallel,ocean-land,lat-lon-metres,500,500,168,18,4.685994368108363e-09,0.07604475653115916,0.003129893669847941,0.9701085952957432
basis-projected,axis-parallel,ocean-land,lat-lon-metres,500,500,168,19,4.53300410592806e-09,0.07356201619362952,0.0029288577825285563,0.9730374530782718
basis-projected,axis-parallel,ocean-land,lat-lon-metres,500,500,168,20,4.392394348388485e-09,0.07128018784770287,0.0027499747569412545,0.975787427835213
basis-projected,axis-parallel,ocean-land,lat-lon-metres,500,500,168,21,4.175165384047789e-09,0.06775497582072544,0.0024846969419156065,0.9782721247771287
basis-projected,axis-parallel,ocean-land,lat-lon-metres,500,500,168,22,4.0690992824426565e-09,0.06603372516629338,0.002360057759482936,0.9806321825366116
basis-projected,axis-parallel,ocean-land,lat-lon-metres,500,500,168,23,3.6484718651637402e-09,0.05920774394979914,0.0018973526679447418,0.9825295352045563
basis-projected,axis-parallel,ocean-land,lat-lon-metres,500,500,168,24,3.5424577945522955e-09,0.05748733765921736,0.0017886914396040322,0.9843182266441605
basis-projected,axis-parallel,ocean-land,lat-lon-metres,500,500,168,25,3.176993297448154e-09,0.05155654549006547,0.0014386616150001313,0.9857568882591605
basis-projected,axis-parallel,ocean-land,lat-lon-metres,500,500,168,26,3.1178834487492804e-09,0.05059730531609274,0.001385625324849099,0.9871425135840097
basis-projected,axis-parallel,ocean-land,lat-lon-metres,500,500,168,27,2.8755209214576055e-09,0.04666422346998463,0.0011785801509117113,0.9883210937349214
basis-projected,axis-parallel,ocean-land,lat-lon-metres,500,500,168,28,2.7991031247824715e-09,0.04542410829136694,0.001116770304436216,0.9894378640393576
basis-projected,axis-parallel,ocean-land,lat-lon-metres,500,500,168,29,2.510081989620149e-09,0.040733846176380595,0.0008980528061932821,0.9903359168455509
basis-projected,axis-parallel,ocean-land,lat-lon-metres,500,500,168,30,2.4240743746812526e-09,0.03933810652667753,0.0008375638804241371,0.9911734807259751
basis-projected,axis-parallel,ocean-land,lat-lon-metres,500,500,168,31,2.336625194538423e-09,0.03791897302150957,0.0007782231924682193,0.9919517039184433
basis-projected,axis-parallel,ocean-land,lat-lon-metres,500,500,168,32,2.237752972842652e-09,0.036314465325614734,0.0007137569410818551,0.9926654608595251
basis-projected,axis-parallel,ocean-land,lat-lon-metres,500,500,168,33,2.1224496549542537e-09,0.0344433122581394,0.0006420973152975564,0.9933075581748226
basis-projected,axis-parallel,ocean-land,lat-lon-metres,500,500,168,34,1.997252943245393e-09,0.03241160826694462,0.000568580811234484,0.9938761389860572
basis-projected,axis-parallel,ocean-land,lat-lon-metres,500,500,168,35,1.87514532647122e-09,0.030430034398357047,0.000501182528432839,0.9943773215144901
basis-projected,axis-parallel,ocean-land,lat-lon-metres,500,500,168,36,1.8475413520380996e-09,0.029982074509769654,0.000486535343638507,0.9948638568581286
basis-projected,axis-parallel,ocean-land,lat-lon-metres,500,500,168,37,1.7221839001918113e-09,0.027947762012534263,0.00042275145303800524,0.9952866083111666
basis-projected,axis-parallel,ocean-land,lat-lon-metres,500,500,168,38,1.6153236463515312e-09,0.026213623781074474,0.00037191625532365764,0.9956585245664902
basis-projected,axis-parallel,ocean-land,lat-lon-metres,500,500,168,39,1.5781604226627834e-09,0.02561053549813557,0.00035500000151722,0.9960135245680074
basis-projected,axis-parallel,ocean-land,lat-lon-metres,500,500,168,40,1.5061117713402149e-09,0.024441323220478733,0.0003233258774610558,0.9963368504454684
basis-projected,axis-parallel,ocean-land,lat-lon-metres,500,500,168,41,1.4324159752733413e-09,0.023245380923275834,0.00029245858267859217,0.996629309028147
basis-projected,axis-parallel,ocean-land,lat-lon-metres,500,500,168,42,1.3741346462317137e-09,0.022299586044083088,0.00026914396028709865,0.996898452988434
basis-projected,axis-parallel,ocean-land,lat-lon-metres,500,500,168,43,1.2536369985425999e-09,0.020344138904953245,0.00022401116315332395,0.9971224641515873
basis-projected,axis-parallel,ocean-land,lat-lon-metres,500,500,168,44,1.2167952460219022e-09,0.019746267486309473,0.00021103819693298333,0.9973335023485204
basis-projected,axis-parallel,ocean-land,lat-lon-metres,500,500,168,45,1.1786078238106223e-09,0.019126558413594213,0.00019799977581559072,0.997531502124336
basis-projected,axis-parallel,ocean-land,lat-lon-metres,500,500,168,46,1.1016880490357884e-09,0.017878297087248425,0.00017299889761607899,0.9977045010219521
basis-projected,axis-parallel,ocean-land,lat-lon-metres,500,500,168,47,1.0853362265378854e-09,0.017612938176628196,0.00016790153150922176,0.9978724025534613
basis-projected,axis-parallel,ocean-land,lat-lon-metres,500,500,168,48,1.005692790550971e-09,0.016320477020432923,0.00014416396979599562,0.9980165665232573
basis-projected,axis-parallel,ocean-land,lat-lon-metres,500,500,168,49,9.653524909065164e-10,0.015665830850617977,0.0001328305289938131,0.9981493970522511
basis-projected,axis-parallel,ocean-land,lat-lon-metres,500,500,168,50,8.728791082463433e-10,0.014165164115321772,0.00010860110828889829,0.9982579981605401
basis-projected,axis-parallel,ocean-land,lat-lon-metres,500,500,168,51,8.400955465236872e-10,0.013633149397935333,0.00010059662814904498,0.9983585947886892
basis-projected,axis-parallel,ocean-land,lat-lon-metres,500,500,168,52,8.210535549369047e-10,0.013324134170785198,9.608797274294747e-05,0.9984546827614321
basis-projected,axis-parallel,ocean-land,lat-lon-metres,500,500,168,53,7.855760211060735e-10,0.012748401421114695,8.796349899845569e-05,0.9985426462604305
basis-projected,axis-parallel,ocean-land,lat-lon-metres,500,500,168,54,7.702324195512618e-10,0.012499404014611668,8.456090999112579e-05,0.9986272071704216
basis-projected,axis-parallel,ocean-land,lat-lon-metres,500,500,168,55,7.519616084057225e-10,0.012202903576061163,8.059672510435147e-05,0.998707803895526
basis-projected,axis-parallel,ocean-land,lat-lon-metres,500,500,168,56,7.4219449270559e-10,0.012044401905533533,7.851660522731633e-05,0.9987863205007533
basis-projected,axis-parallel,ocean-land,lat-lon-metres,500,500,168,57,7.104191037456649e-10,0.011528747910388888,7.193749686759552e-05,0.998858257997621
basis-projected,axis-parallel,ocean-land,lat-lon-metres,500,500,168,58,6.902920715171545e-10,0.011202124541840172,6.791908549050787e-05,0.9989261770831115
basis-projected,axis-parallel,ocean-land,lat-lon-metres,500,500,168,59,6.616251432947435e-10,0.010736914939369081,6.239503910886113e-05,0.9989885721222204
basis-projected,axis-parallel,ocean-land,lat-lon-metres,500,500,168,60,6.287845669529988e-10,0.010203974983391489,5.6354656453758454e-05,0.9990449267786742
basis-projected,axis-parallel,ocean-land,lat-lon-metres,500,500,168,61,6.196210960435048e-10,0.010055269317197073,5.472407764205187e-05,0.9990996508563161
basis-projected,axis-parallel,ocean-land,lat-lon-metres,500,500,168,62,5.786003528754869e-10,0.009389580846001071,4.7718133461470865e-05,0.9991473689897776
basis-projected,axis-parallel,ocean-land,lat-lon-metres,500,500,168,63,5.520372111663213e-10,0.008958511688572356,4.3437294323472947e-05,0.9991908062841011
basis-projected,axis-parallel,ocean-land,lat-lon-metres,500,500,168,64,5.451053654610833e-10,0.008846021045699651,4.235327252520412e-05,0.9992331595566262
basis-projected,axis-parallel,ocean-land,lat-lon-metres,500,500,168,65,5.223657080790948e-10,0.008476999750884619,3.889335225316353e-05,0.9992720529088793
basis-projected,axis-parallel,ocean-land,lat-lon-metres,500,500,168,66,5.111571979124355e-10,0.008295106995634743,3.724217363704994e-05,0.9993092950825164
basis-projected,axis-parallel,ocean-land,lat-lon-metres,500,500,168,67,5.002496392224108e-10,0.0081180981092013,3.566971401354559e-05,0.99934496479653
basis-projected,axis-parallel,ocean-land,lat-lon-metres,500,500,168,68,4.795003457118658e-10,0.007781376626149259,3.277207260884569e-05,0.9993777368691388
basis-projected,axis-parallel,ocean-land,lat-lon-metres,500,500,168,69,4.6099565929101653e-10,0.0074810808376745965,3.0291426886293592e-05,0.9994080282960252
basis-projected,axis-parallel,ocean-land,lat-lon-metres,500,500,168,70,4.519960171703374e-10,0.007335033800445467,2.912026180035486e-05,0.9994371485578255
basis-projected,axis-parallel,ocean-land,lat-lon-metres,500,500,168,71,4.4307658734861595e-10,0.007190288455934229,2.7982316420650394e-05,0.999465130874246
basis-projected,axis-parallel,ocean-land,lat-lon-metres,500,500,168,72,4.3325526943053514e-10,0.007030907186725181,2.6755542801446007e-05,0.9994918864170474
basis-projected,axis-parallel,ocean-land,lat-lon-metres,500,500,168,73,4.242208466337066e-10,0.006884295725418256,2.565134087042314e-05,0.999517537757918
basis-projected,axis-parallel,ocean-land,lat-lon-metres,500,500,168,74,4.1770205905693184e-10,0.006778508228632534,2.48690554908425e-05,0.9995424068134087
basis-projected,axis-parallel,ocean-land,lat-lon-metres,500,500,168,75,4.100211976170861e-10,0.006653862488100322,2.3962861563312947e-05,0.999566369674972
basis-projected,axis-parallel,ocean-land,lat-lon-metres,500,500,168,76,3.964748942248253e-10,0.0064340318049111896,2.2405644605408222e-05,0.9995887753195773
basis-projected,axis-parallel,ocean-land,lat-lon-metres,500,500,168,77,3.8431567979924834e-10,0.006236710931694601,2.1052431677647252e-05,0.9996098277512551
basis-projected,axis-parallel,ocean-land,lat-lon-metres,500,500,168,78,3.7989823394008964e-10,0.006165024205578261,2.0571246506536697e-05,0.9996303989977616
basis-projected,axis-parallel,ocean-land,lat-lon-metres,500,500,168,79,3.7545929671841533e-10,0.006092988715613387,2.0093323843197236e-05,0.9996504923216047
basis-projected,axis-parallel,ocean-land,lat-lon-metres,500,500,168,80,3.5891370063903114e-10,0.0058244852291212375,1.8361414414185272e-05,0.9996688537360189
basis-projected,axis-parallel,ocean-land,lat-lon-metres,500,500,168,81,3.556339666375145e-10,0.0057712613978401555,1.802737640463627e-05,0.9996868811124235
basis-projected,axis-parallel,ocean-land,lat-lon-metres,500,500,168,82,3.496262891586433e-10,0.0056737682437067016,1.7423452696367367e-05,0.9997043045651199
basis-projected,axis-parallel,ocean-land,lat-lon-metres,500,500,168,83,3.3227948949674395e-10,0.005392262750259761,1.573740524602071e-05,0.9997200419703659
basis-projected,axis-parallel,ocean-land,lat-lon-metres,500,500,168,84,3.208207220507434e-10,0.005206308796386351,1.4670701576344905e-05,0.9997347126719424
basis-projected,axis-parallel,ocean-land,lat-lon-metres,500,500,168,85,3.066130950677609e-10,0.004975746091881315,1.3400082041995422e-05,0.9997481127539843
basis-projected,axis-parallel,ocean-land,lat-lon-metres,500,500,168,86,2.9833366767746844e-10,0.0048413867669113275,1.2686171955479163e-05,0.9997607989259398
basis-projected,axis-parallel,ocean-land,lat-lon-metres,500,500,168,87,2.9282651271103046e-10,0.004752016139099156,1.2222128631043541e-05,0.9997730210545709
basis-projected,axis-parallel,ocean-land,lat-lon-metres,500,500,168,88,2.883858838103783e-10,0.004679953196409015,1.185424928235889e-05,0.9997848753038533
basis-projected,axis-parallel,ocean-land,lat-lon-metres,500,500,168,89,2.7836763588504417e-10,0.004517376128554287,1.104494458677278e-05,0.9997959202484401
basis-projected,axis-parallel,ocean-land,lat-lon-metres,500,500,168,90,2.749360267223954e-10,0.004461687652900172,1.0774307429562412e-05,0.9998066945558697
basis-projected,axis-parallel,ocean-land,lat-lon-metres,500,500,168,91,2.6553546319780015e-10,0.00430913442548942,1.0050117073034344e-05,0.9998167446729427
basis-projected,axis-parallel,ocean-land,lat-lon-metres,500,500,168,92,2.59040688928964e-10,0.0042037366189193156,9.56449472587274e-06,0.9998263091676685
basis-projected,axis-parallel,ocean-land,lat-lon-metres,500,500,168,93,2.5641790374549034e-10,0.004161173814732399,9.37179434881477e-06,0.9998356809620174
basis-projected,axis-parallel,ocean-land,lat-lon-metres,500,500,168,94,2.501723246511548e-10,0.004059819970848766,8.920816116229527e-06,0.9998446017781336
basis-projected,axis-parallel,ocean-land,lat-lon-metres,500,500,168,95,2.420987272059248e-10,0.003928800873550758,8.35431933281708e-06,0.9998529560974664
basis-projected,axis-parallel,ocean-land,lat-lon-metres,500,500,168,96,2.393971363653251e-10,0.0038849592037616533,8.168907180691387e-06,0.9998611250046472
basis-projected,axis-parallel,ocean-land,lat-lon-metres,500,500,168,97,2.3368605940278477e-10,0.0037922793106523476,7.783800020158957e-06,0.9998689088046673
basis-projected,axis-parallel,ocean-land,lat-lon-metres,500,500,168,98,2.2097477127136162e-10,0.0035859993335080956,6.960035347202601e-06,0.9998758688400144
basis-projected,axis-parallel,ocean-land,lat-lon-metres,500,500,168,99,2.1953197994989542e-10,0.0035625855804927546,6.869444953041765e-06,0.9998827382849674
basis-projected,axis-parallel,ocean-land,lat-lon-metres,500,500,168,100,2.1714781376161985e-10,0.0035238951077616863,6.721047762061323e-06,0.9998894593327295
basis-projected,axis-parallel,ocean-land,lat-lon-metres,500,500,168,101,2.0948679736043968e-10,0.0033995714143800104,6.2551736947139636e-06,0.9998957145064242
basis-projected,axis-parallel,ocean-land,lat-lon-metres,500,500,168,102,2.0413515127164707e-10,0.0033127243992335867,5.939660867154006e-06,0.9999016541672914
basis-projected,axis-parallel,ocean-land,lat-lon-metres,500,500,168,103,1.9760833957460813e-10,0.0032068066862709042,5.565915350860255e-06,0.9999072200826422
basis-projected,axis-parallel,ocean-land,lat-lon-metres,500,500,168,104,1.949994995971761e-10,0.003164470186196821,5.419922204972338e-06,0.9999126400048473
basis-projected,axis-parallel,ocean-land,lat-lon-metres,500,500,168,105,1.9481657157578478e-10,0.0031615016130922304,5.409758172681048e-06,0.9999180497630199
basis-projected,axis-parallel,ocean-land,lat-lon-metres,500,500,168,106,1.88993470094762e-10,0.003067003775580026,5.091194132273537e-06,0.9999231409571523
basis-projected,axis-parallel,ocean-land,lat-lon-metres,500,500,168,107,1.8747785258158866e-10,0.003042408192288671,5.009864731221244e-06,0.9999281508218835
basis-projected,axis-parallel,ocean-land,lat-lon-metres,500,500,168,108,1.8313310456833179e-10,0.0029719012136405665,4.780350876233231e-06,0.9999329311727596
basis-projected,axis-parallel,ocean-land,lat-lon-metres,500,500,168,109,1.743005892973135e-10,0.0028285663266177574,4.330357682030906e-06,0.9999372615304416
basis-projected,axis-parallel,ocean-land,lat-lon-metres,500,500,168,110,1.713483487471266e-10,0.002780657089810244,4.1849079159243446e-06,0.9999414464383576
basis-projected,axis-parallel,ocean-land,lat-lon-metres,500,500,168,111,1.6514390757879148e-10,0.0026799708360518114,3.887327871487354e-06,0.9999453337662291
basis-projected,axis-parallel,ocean-land,lat-lon-metres,500,500,168,112,1.6146749227319753e-10,0.0026203096233273545,3.716175877322293e-06,0.9999490499421063
basis-projected,axis-parallel,ocean-land,lat-lon-metres,500,500,168,113,1.546540083314331e-10,0.0025097397662642105,3.4091681330625765e-06,0.9999524591102393
basis-projected,axis-parallel,ocean-land,lat-lon-metres,500,500,168,114,1.5042903183386204e-10,0.0024411764510169163,3.2254430628278784e-06,0.9999556845533022
basis-projected,axis-parallel,ocean-land,lat-lon-metres,500,500,168,115,1.47276708426827e-10,0.0023900202508245066,3.0916775882885037e-06,0.9999587762308906
basis-projected,axis-parallel,ocean-land,lat-lon-metres,500,500,168,116,1.4567470152311726e-10,0.0023640227323932115,3.0247837624674178e-06,0.999961801014653
basis-projected,axis-parallel,ocean-land,lat-lon-metres,500,500,168,117,1.408963058396183e-10,0.002286478478641173,2.8296014680640444e-06,0.9999646306161211
basis-projected,axis-parallel,ocean-land,lat-lon-metres,500,500,168,118,1.3853959408137493e-10,0.002248233538978114,2.7357340811374995e-06,0.9999673663502021
basis-projected,axis-parallel,ocean-land,lat-lon-metres,500,500,168,119,1.3476626545090225e-10,0.0021869996077192124,2.5887400727591194e-06,0.9999699550902749
basis-projected,axis-parallel,ocean-land,lat-lon-metres,500,500,168,120,1.3053844479341846e-10,0.0021183901371778415,2.4288624889968363e-06,0.9999723839527639
basis-projected,axis-parallel,ocean-land,lat-lon-metres,500,500,168,121,1.2694108846771944e-10,0.0020600119010012502,2.296838688595518e-06,0.9999746807914526
basis-projected,axis-parallel,ocean-land,lat-lon-metres,500,500,168,122,1.2329095117592302e-10,0.0020007771303517043,2.166648524379896e-06,0.999976847439977
basis-projected,axis-parallel,ocean-land,lat-lon-metres,500,500,168,123,1.2212692428706345e-10,0.0019818871927193673,2.1259296968878125e-06,0.9999789733696738
basis-projected,axis-parallel,ocean-land,lat-lon-metres,500,500,168,124,1.1804670312309392e-10,0.0019156729806155232,1.9862494221015746e-06,0.9999809596190959
basis-projected,axis-parallel,ocean-land,lat-lon-metres,500,500,168,125,1.1199035219051828e-10,0.001817389949105844,1.78766970349082e-06,0.9999827472887995
basis-projected,axis-parallel,ocean-land,lat-lon-metres,500,500,168,126,1.0868365610108183e-10,0.001763728574530774,1.683660558930187e-06,0.9999844309493584
basis-projected,axis-parallel,ocean-land,lat-lon-metres,500,500,168,127,1.0167860786137355e-10,0.0016500499940563637,1.4736191002664224e-06,0.9999859045684587
basis-projected,axis-parallel,ocean-land,lat-lon-metres,500,500,168,128,9.965285059167391e-11,0.0016171758149037068,1.4154857831339267e-06,0.9999873200542418
basis-projected,axis-parallel,ocean-land,lat-lon-metres,500,500,168,129,9.402973062159584e-11,0.0015259232961255629,1.2602492365414274e-06,0.9999885803034784
basis-projected,axis-parallel,ocean-land,lat-lon-metres,500,500,168,130,8.949323991840012e-11,0.0014523046991041487,1.1415804464293953e-06,0.9999897218839248
basis-projected,axis-parallel,ocean-land,lat-lon-metres,500,500,168,131,8.800384143718516e-11,0.0014281346007248817,1.1038989464797043e-06,0.9999908257828714
basis-projected,axis-parallel,ocean-land,lat-lon-metres,500,500,168,132,8.403750572095033e-11,0.0013637685323585479,1.0066357889107644e-06,0.9999918324186603
basis-projected,axis-parallel,ocean-land,lat-lon-metres,500,500,168,133,8.06234483201016e-11,0.0013083648883427002,9.265071980732156e-07,0.9999927589258584
basis-projected,axis-parallel,ocean-land,lat-lon-metres,500,500,168,134,7.751514732217937e-11,0.001257923087938238,8.564444762890064e-07,0.9999936153703347
basis-projected,axis-parallel,ocean-land,lat-lon-metres,500,500,168,135,7.620382353312921e-11,0.0012366428023812387,8.277126344375585e-07,0.9999944430829691
basis-projected,axis-parallel,ocean-land,lat-lon-metres,500,500,168,136,7.55282253784476e-11,0.0012256791321012843,8.131012342336438e-07,0.9999952561842034
basis-projected,axis-parallel,ocean-land,lat-lon-metres,500,500,168,137,6.791295137660572e-11,0.0011020977506704093,6.574023742626466e-07,0.9999959135865776
basis-projected,axis-parallel,ocean-land,lat-lon-metres,500,500,168,138,6.319858497970564e-11,0.0010255925701924257,5.692994551484738e-07,0.9999964828860327
basis-projected,axis-parallel,ocean-land,lat-lon-metres,500,500,168,139,5.944974230095326e-11,0.000964755999256805,5.037627046224224e-07,0.9999969866487374
basis-projected,axis-parallel,ocean-land,lat-lon-metres,500,500,168,140,5.72566888466062e-11,0.000929166921913769,4.672814248344825e-07,0.9999974539301622
basis-projected,axis-parallel,ocean-land,lat-lon-metres,500,500,168,141,5.66926181128371e-11,0.0009200131290906805,4.581198250805853e-07,0.9999979120499871
basis-projected,axis-parallel,ocean-land,lat-lon-metres,500,500,168,142,5.0003871112209875e-11,0.000811467514818731,3.563964039330293e-07,0.9999982684463911
basis-projected,axis-parallel,ocean-land,lat-lon-metres,500,500,168,143,4.8142453393476274e-11,0.0007812602533275006,3.3035622626318793e-07,0.9999985988026173
basis-projected,axis-parallel,ocean-land,lat-lon-metres,500,500,168,144,4.6659517816197763e-11,0.0007571950355600577,3.1031770308058816e-07,0.9999989091203204
basis-projected,axis-parallel,ocean-land,lat-lon-metres,500,500,168,145,3.8277240451963576e-11,0.0006211666515572934,2.0883692978992925e-07,0.9999991179572502
basis-projected,axis-parallel,ocean-land,lat-lon-metres,500,500,168,146,3.559198755258604e-11,0.0005775901154121625,1.805637396653257e-07,0.9999992985209898
basis-projected,axis-parallel,ocean-land,lat-lon-metres,500,500,168,147,3.175664621148151e-11,0.0005153498360633166,1.4374585177963441e-07,0.9999994422668416
basis-projected,axis-parallel,ocean-land,lat-lon-metres,500,500,168,148,2.7892812394686374e-11,0.0004526471781440634,1.1089466945508796e-07,0.999999553161511
basis-projected,axis-parallel,ocean-land,lat-lon-metres,500,500,168,149,2.5349740478440055e-11,0.0004113779683412684,9.159527992195473e-08,0.999999644756791
basis-projected,axis-parallel,ocean-land,lat-lon-metres,500,500,168,150,2.4349448363835757e-11,0.00039514513399711853,8.450926267735509e-08,0.9999997292660536
basis-projected,axis-parallel,ocean-land,lat-lon-metres,500,500,168,151,2.170233556275447e-11,0.000352187538947767,6.713345641257828e-08,0.9999997963995101
basis-projected,axis-parallel,ocean-land,lat-lon-metres,500,500,168,152,1.9314032525196168e-11,0.00031342993303816696,5.317065079596566e-08,0.9999998495701609
basis-projected,axis-parallel,ocean-land,lat-lon-metres,500,500,168,153,1.6744159533068676e-11,0.00027172579285986246,3.9962510693224676e-08,0.9999998895326716
basis-projected,axis-parallel,ocean-land,lat-lon-metres,500,500,168,154,1.3743588684220117e-11,0.0002230322474283743,2.6923180171085432e-08,0.9999999164558518
basis-projected,axis-parallel,ocean-land,lat-lon-metres,500,500,168,155,1.2674714134282288e-11,0.00020568645088504928,2.2898255935762824e-08,0.9999999393541077
basis-projected,axis-parallel,ocean-land,lat-lon-metres,500,500,168,156,1.0396081552493075e-11,0.00016870858742763415,1.5405131665166897e-08,0.9999999547592393
basis-projected,axis-parallel,ocean-land,lat-lon-metres,500,500,168,157,9.359871962583425e-12,0.00015189288092226316,1.2487223212824295e-08,0.9999999672464626
basis-projected,axis-parallel,ocean-land,lat-lon-metres,500,500,168,158,8.864227244481177e-12,0.00014384951190531413,1.1199736924566472e-08,0.9999999784461995
basis-projected,axis-parallel,ocean-land,lat-lon-metres,500,500,168,159,7.623973976999408e-12,0.00012372256544449314,8.284930501018478e-09,0.99999998673113
basis-projected,axis-parallel,ocean-land,lat-lon-metres,500,500,168,160,5.295205292754749e-12,8.593108860960726e-05,3.9966090134455094e-09,0.999999990727739
basis-projected,axis-parallel,ocean-land,lat-lon-metres,500,500,168,161,4.966721831150556e-12,8.060042815636242e-05,3.516136559615087e-09,0.9999999942438756
basis-projected,axis-parallel,ocean-land,lat-lon-metres,500,500,168,162,4.530532362911355e-12,7.352190451590491e-05,2.9256645756101774e-09,0.9999999971695402
basis-projected,axis-parallel,ocean-land,lat-lon-metres,500,500,168,163,2.883724327412136e-12,4.6797349111958105e-05,1.1853143481989956e-09,0.9999999983548546
basis-projected,axis-parallel,ocean-land,lat-lon-metres,500,500,168,164,2.3316209026743947e-12,3.783776290333256e-05,7.748933596221475e-10,0.999999999129748
basis-projected,axis-parallel,ocean-land,lat-lon-metres,500,500,168,165,1.7817796065794528e-12,2.891488673069309e-05,4.5251609106509664e-10,0.9999999995822642
basis-projected,axis-parallel,ocean-land,lat-lon-metres,500,500,168,166,1.2444164815745606e-12,2.019450748996522e-05,2.207280710815056e-10,0.9999999998029923
basis-projected,axis-parallel,ocean-land,lat-lon-metres,500,500,168,167,9.221744168075606e-13,1.4965133010542486e-05,1.2121383691142932e-10,0.9999999999242061
basis-projected,axis-parallel,ocean-land,lat-lon-metres,500,500,168,168,7.292142822519169e-13,1.1833757831697134e-05,7.579427293521436e-11,1.0000000000000004
basis-projected,inertial,all-cells,row-column,50,50,168,1,9.877476360802079e-08,1.0,0.5053118772952148,0.5053118772952148
basis-projected,inertial,all-cells,row-column,50,50,168,2,5.6379510967577206e-08,0.5707886195639453,0.16463043186604562,0.6699423091612604
basis-projected,inertial,all-cells,row-column,50,50,168,3,4.470739778622222e-08,0.45261963838900904,0.10352048381067788,0.7734627929719383
basis-projected,inertial,all-cells,row-column,50,50,168,4,3.8789787215402186e-08,0.3927094917618446,0.07792957413331397,0.8513923671052523
basis-projected,inertial,all-cells,row-column,50,50,168,5,2.801422590021739e-08,0.2836172406485269,0.040646650308917655,0.89203901741417
basis-projected,inertial,all-cells,row-column,50,50,168,6,1.7799288056962127e-08,0.18020076593245093,0.016408646979630934,0.908447664393801
basis-projected,inertial,all-cells,row-column,50,50,168,7,1.7677735360514275e-08,0.17897016115034056,0.016185300413124607,0.9246329648069256
basis-projected,inertial,all-cells,row-column,50,50,168,8,1.5232945724311377e-08,0.15421900461095528,0.01201808573259502,0.9366510505395207
basis-projected,inertial,all-cells,row-column,50,50,168,9,1.5019305810166293e-08,0.15205610483431908,0.011683345737128486,0.9483343962766491
basis-projected,inertial,all-cells,row-column,50,50,168,10,1.2948652516273517e-08,0.13109272088626947,0.00868393694736922,0.9570183332240183
basis-projected,inertial,all-cells,row-column,50,50,168,11,1.1309570527141591e-08,0.11449858358581,0.006624601137944196,0.9636429343619624
basis-projected,inertial,all-cells,row-column,50,50,168,12,1.0364339316783829e-08,0.104929021727795,0.005563534098463326,0.9692064684604257
basis-projected,inertial,all-cells,row-column,50,50,168,13,9.96836777317538e-09,0.10092018860945084,0.005146543091048658,0.9743530115514744
basis-projected,inertial,all-cells,row-column,50,50,168,14,9.2854225140805e-09,0.09400602112224643,0.004465507764482175,0.9788185193159565
basis-projected,inertial,all-cells,row-column,50,50,168,15,8.132270173917652e-09,0.08233145670881958,0.003425240776220848,0.9822437600921773
basis-projected,inertial,all-cells,row-column,50,50,168,16,7.617491107171657e-09,0.0771198110622772,0.003005324834810209,0.9852490849269874
basis-projected,inertial,all-cells,row-column,50,50,168,17,7.186661451327567e-09,0.07275807290055604,0.0026749882683931715,0.9879240731953806
basis-projected,inertial,all-cells,row-column,50,50,168,18,6.390464580717942e-09,0.06469734117590963,0.002115107146519159,0.9900391803418997
basis-projected,inertial,all-cells,row-column,50,50,168,19,6.071406247377578e-09,0.06146718074134234,0.0019091765649450784,0.9919483569068448
basis-projected,inertial,all-cells,row-column,50,50,168,20,5.395745118649931e-09,0.054626758106579576,0.0015078924317651107,0.99345624933861
basis-projected,inertial,all-cells,row-column,50,50,168,21,5.158798162025785e-09,0.05222789681884773,0.0013783660933826415,0.9948346154319927
basis-projected,inertial,all-cells,row-column,50,50,168,22,4.291948882657264e-09,0.04345187703702837,0.0009540619819088645,0.9957886774139016
basis-projected,inertial,all-cells,row-column,50,50,168,23,3.996923132538312e-09,0.040465023519567815,0.0008274068283988172,0.9966160842423005
basis-projected,inertial,all-cells,row-column,50,50,168,24,3.5840298606128832e-09,0.036284874088241804,0.0006652896194169603,0.9972813738617174
basis-projected,inertial,all-cells,row-column,50,50,168,25,3.4415905759982818e-09,0.034842812579698394,0.0006134595279436567,0.997894833389661
basis-projected,inertial,all-cells,row-column,50,50,168,26,2.8940164623576813e-09,0.029299148452962526,0.00043377997851122514,0.9983286133681722
basis-projected,inertial,all-cells,row-column,50,50,168,27,2.777383565075432e-09,0.02811835193144315,0.0003995206494466132,0.9987281340176188
basis-projected,inertial,all-cells,row-column,50,50,168,28,2.4351715946454883e-09,0.024653783068611115,0.0003071331167280769,0.9990352671343469
basis-projected,inertial,all-cells,row-column,50,50,168,29,2.1172350124305473e-09,0.021434979291194395,0.0002321697549165101,0.9992674368892633
basis-projected,inertial,all-cells,row-column,50,50,168,30,1.9675866078042067e-09,0.01991993233830866,0.0002005096247692594,0.9994679465140325
basis-projected,inertial,all-cells,row-column,50,50,168,31,1.5664740647481854e-09,0.015859051518104402,0.00012709074520949,0.999595037259242
basis-projected,inertial,all-cells,row-column,50,50,168,32,1.438250268483132e-09,0.014560908231486185,0.0001071362487447754,0.9997021735079868
basis-projected,inertial,all-cells,row-column,50,50,168,33,1.2570523836362103e-09,0.012726452969553187,8.184162807828723e-05,0.9997840151360652
basis-projected,inertial,all-cells,row-column,50,50,168,34,1.01399697367505e-09,0.010265749434734265,5.3252601165112866e-05,0.9998372677372303
basis-projected,inertial,all-cells,row-column,50,50,168,35,9.871160849043136e-10,0.009993606148444956,5.0466590604698456e-05,0.9998877343278348
basis-projected,inertial,all-cells,row-column,50,50,168,36,8.899673183791105e-10,0.009010067813585156,4.102188622385761e-05,0.9999287562140587
basis-projected,inertial,all-cells,row-column,50,50,168,37,6.85147762099313e-10,0.006936465723352813,2.4312856987094265e-05,0.9999530690710459
basis-projected,inertial,all-cells,row-column,50,50,168,38,6.295441517769738e-10,0.006373532355645678,2.0526735970552967e-05,0.9999735958070164
basis-projected,inertial,all-cells,row-column,50,50,168,39,4.730462923310705e-10,0.004789141224456019,1.1589769380473863e-05,0.9999851855763968
basis-projected,inertial,all-cells,row-column,50,50,168,40,4.4721842952676854e-10,0.004527658818820531,1.0358739050955731e-05,0.9999955443154478
basis-projected,inertial,all-cells,row-column,50,50,168,41,2.0813501254743269e-10,0.002107167913591762,2.2436638751514335e-06,0.999997787979323
basis-projected,inertial,all-cells,row-column,50,50,168,42,1.5842525544429985e-10,0.0016039041720514458,1.299919146549577e-06,0.9999990878984695
basis-projected,inertial,all-cells,row-column,50,50,168,43,9.824132422456497e-11,0.000994599436496019,4.998686774996687e-07,0.9999995877671469
basis-projected,inertial,all-cells,row-column,50,50,168,44,7.739895563603695e-11,0.0007835903909948911,3.102685169286851e-07,0.9999998980356638
basis-projected,inertial,all-cells,row-column,50,50,168,45,2.772521623429413e-11,0.00028069129422895187,3.981231140565442e-08,0.9999999378479751
basis-projected,inertial,all-cells,row-column,50,50,168,46,2.3885787596832182e-11,0.00024182075182301512,2.9549262120859607e-08,0.9999999673972372
basis-projected,inertial,all-cells,row-column,50,50,168,47,2.2778773981912362e-11,0.00023061329786936249,2.6873745454980275e-08,0.9999999942709827
basis-projected,inertial,all-cells,row-column,50,50,168,48,8.934590681876027e-12,9.045418440414787e-05,4.134441302881892e-09,0.999999998405424
basis-projected,inertial,all-cells,row-column,50,50,168,49,5.548587591124835e-12,5.617414194119392e-05,1.5945289220072214e-09,0.9999999999999529
basis-projected,inertial,all-cells,row-column,50,50,168,50,2.983415542577491e-14,3.0204228626827397e-07,4.609937148357296e-14,0.999999999999999
basis-projected,inertial,all-cells,row-column,50,50,168,51,1.1508190071358468e-15,1.1650941648443461e-08,6.859327846338604e-17,0.999999999999999
basis-projected,inertial,all-cells,row-column,50,50,168,52,9.37028933126883e-16,9.486521646818638e-09,4.547508405685339e-17,0.999999999999999
basis-projected,inertial,all-cells,row-column,50,50,168,53,9.199333483091801e-16,9.313445203066818e-09,4.3830884401175406e-17,0.999999999999999
basis-projected,inertial,all-cells,row-column,50,50,168,54,8.574059797241451e-16,8.68041540576789e-09,3.807505369949621e-17,0.999999999999999
basis-projected,inertial,all-cells,row-column,50,50,168,55,8.261488451822886e-16,8.363966817078802e-09,3.534956783282108e-17,0.999999999999999
basis-projected,inertial,all-cells,row-column,50,50,168,56,7.997450141165873e-16,8.096653283730519e-09,3.312612153429899e-17,0.999999999999999
basis-projected,inertial,all-cells,row-column,50,50,168,57,7.780924504407565e-16,7.877441787950513e-09,3.1356668268359786e-17,0.999999999999999
basis-projected,inertial,all-cells,row-column,50,50,168,58,7.7179524046672e-16,7.813688560465946e-09,3.0851174376416304e-17,0.999999999999999
basis-projected,inertial,all-cells,row-column,50,50,168,59,7.438345176001405e-16,7.530612986855472e-09,2.865630324125339e-17,0.999999999999999
basis-projected,inertial,all-cells,row-column,50,50,168,60,7.257871706947769e-16,7.347900862359958e-09,2.7282620545806916e-17,0.999999999999999
basis-projected,inertial,all-cells,row-column,50,50,168,61,6.916805788763383e-16,7.002604244351458e-09,2.4778708792965852e-17,0.999999999999999
basis-projected,inertial,all-cells,row-column,50,50,168,62,6.593813575696729e-16,6.675605523961277e-09,2.2518571510391317e-17,0.999999999999999
basis-projected,inertial,all-cells,row-column,50,50,168,63,6.40953686569659e-16,6.4890429818007865e-09,2.1277510232905354e-17,0.999999999999999
basis-projected,inertial,all-cells,row-column,50,50,168,64,6.365199376773636e-16,6.4441555153028624e-09,2.0984157226427646e-17,0.999999999999999
basis-projected,inertial,all-cells,row-column,50,50,168,65,6.241094511855107e-16,6.318511210639144e-09,2.0173861138449063e-17,0.999999999999999
basis-projected,inertial,all-cells,row-column,50,50,168,66,5.997861170484243e-16,6.072260718624691e-09,1.8632036517510477e-17,0.999999999999999
basis-projected,inertial,all-cells,row-column,50,50,168,67,5.762277139254806e-16,5.833754421445048e-09,1.719712280162219e-17,0.999999999999999
basis-projected,inertial,all-cells,row-column,50,50,168,68,5.668648814242721e-16,5.738964698248502e-09,1.664280838487205e-17,0.999999999999999
basis-projected,inertial,all-cells,row-column,50,50,168,69,5.556087871147245e-16,5.62500751021395e-09,1.598842631132589e-17,0.999999999999999
basis-projected,inertial,all-cells,row-column,50,50,168,70,5.454629673655818e-16,5.522290790086879e-09,1.5409837178040725e-17,0.999999999999999
basis-projected,inertial,all-cells,row-column,50,50,168,71,5.254320352003124e-16,5.319496762203801e-09,1.429883333667148e-17,0.999999999999999
basis-projected,inertial,all-cells,row-column,50,50,168,72,5.113451023880387e-16,5.176880042125618e-09,1.3542402258767961e-17,0.999999999999999
basis-projected,inertial,all-cells,row-column,50,50,168,73,4.788899542987252e-16,4.848302712210572e-09,1.1877880790483881e-17,0.999999999999999
basis-projected,inertial,all-cells,row-column,50,50,168,74,4.719487346562941e-16,4.77802950285138e-09,1.1536050817982905e-17,0.999999999999999
basis-projected,inertial,all-cells,row-column,50,50,168,75,4.647382399975933e-16,4.70503014152347e-09,1.1186244983425086e-17,0.999999999999999
basis-projected,inertial,all-cells,row-column,50,50,168,76,4.373231710303398e-16,4.427478791706548e-09,9.905410663788458e-18,0.999999999999999
basis-projected,inertial,all-cells,row-column,50,50,168,77,4.359262224585791e-16,4.413336023647853e-09,9.842229703990907e-18,0.999999999999999
basis-projected,inertial,all-cells,row-column,50,50,168,78,4.1383741737176514e-16,4.189708000861876e-09,8.870069417765536e-18,0.999999999999999
basis-projected,inertial,all-cells,row-column,50,50,168,79,4.058282437681714e-16,4.108622779181392e-09,8.530059208875711e-18,0.999999999999999
basis-projected,inertial,all-cells,row-column,50,50,168,80,3.8726237068210034e-16,3.9206610730947225e-09,7.767443589097735e-18,0.999999999999999
basis-projected,inertial,all-cells,row-column,50,50,168,81,3.7405754039869105e-16,3.786974797359237e-09,7.246767636337145e-18,0.999999999999999
basis-projected,inertial,all-cells,row-column,50,50,168,82,3.7311174904409547e-16,3.777399564576612e-09,7.210167570951296e-18,0.999999999999999
basis-projected,inertial,all-cells,row-column,50,50,168,83,3.572520377816664e-16,3.6168351584154694e-09,6.610235586156354e-18,0.999999999999999
basis-projected,inertial,all-cells,row-column,50,50,168,84,3.450461468946102e-16,3.493262188547435e-09,6.16626056398942e-18,0.999999999999999
basis-projected,inertial,all-cells,row-column,50,50,168,85,3.4418043415074994e-16,3.4844976751005e-09,6.135357372184566e-18,0.999999999999999
basis-projected,inertial,all-cells,row-column,50,50,168,86,3.3121119576495407e-16,3.3531965419764243e-09,5.6816898853626106e-18,0.999999999999999
basis-projected,inertial,all-cells,row-column,50,50,168,87,3.191730889237353e-16,3.2313222250811595e-09,5.2761853268647434e-18,0.999999999999999
basis-projected,inertial,all-cells,row-column,50,50,168,88,2.9001804808968135e-16,2.936155324457097e-09,4.356297781800497e-18,0.999999999999999
basis-projected,inertial,all-cells,row-column,50,50,168,89,2.8444388989659595e-16,2.8797223046302315e-09,4.190450614857196e-18,0.999999999999999
basis-projected,inertial,all-cells,row-column,50,50,168,90,2.718039632366365e-16,2.7517551377320154e-09,3.826300534345094e-18,0.999999999999999
basis-projected,inertial,all-cells,row-column,50,50,168,91,2.6106814467597455e-16,2.643065243992901e-09,3.530004621923113e-18,0.999999999999999
basis-projected,inertial,all-cells,row-column,50,50,168,92,2.2237458631153767e-16,2.2513299773008036e-09,2.5611665125925247e-18,0.999999999999999
basis-projected,inertial,all-cells,row-column,50,50,168,93,2.1697705194772458e-16,2.196685104798423e-09,2.4383447927073402e-18,0.999999999999999
basis-projected,inertial,all-cells,row-column,50,50,168,94,2.0354490126052265e-16,2.0606974274144882e-09,2.145793691903296e-18,0.999999999999999
basis-projected,inertial,all-cells,row-column,50,50,168,95,1.9602918170852935e-16,1.9846079560003243e-09,1.9902560945580635e-18,0.999999999999999
basis-projected,inertial,all-cells,row-column,50,50,168,96,1.8916163885943236e-16,1.9150806536992e-09,1.853248445193355e-18,0.999999999999999
basis-projected,inertial,all-cells,row-column,50,50,168,97,1.8177031682316803e-16,1.8402505881411976e-09,1.7112499041051717e-18,0.999999999999999
basis-projected,inertial,all-cells,row-column,50,50,168,98,1.6124208222926792e-16,1.6324218488554763e-09,1.3465556427305214e-18,0.999999999999999
basis-projected,inertial,all-cells,row-column,50,50,168,99,1.4497170693447065e-16,1.4676998621811791e-09,1.0885139854071785e-18,0.999999999999999
basis-projected,inertial,all-cells,row-column,50,50,168,100,1.3413392282857248e-16,1.3579776648301736e-09,9.31847319740901e-19,0.999999999999999
basis-projected,inertial,all-cells,row-column,50,50,168,101,1.2064473162437286e-16,1.2214125067728957e-09,7.538487720878303e-19,0.999999999999999
basis-projected,inertial,all-cells,row-column,50,50,168,102,1.0323018628537146e-16,1.0451068928398719e-09,5.519260983001532e-19,0.999999999999999
basis-projected,inertial,all-cells,row-column,50,50,168,103,9.666652444359418e-17,9.786560950650008e-10,4.839714209820422e-19,0.999999999999999
basis-projected,inertial,all-cells,row-column,50,50,168,104,8.8688701522039e-17,8.978882690521289e-10,4.073841250874479e-19,0.999999999999999
basis-projected,inertial,all-cells,row-column,50,50,168,105,7.888532292710939e-17,7.986384380544716e-10,3.2229971676543397e-19,0.999999999999999
basis-projected,inertial,all-cells,row-column,50,50,168,106,7.452536223756551e-17,7.544980065283987e-10,2.8765749866458465e-19,0.999999999999999
basis-projected,inertial,all-cells,row-column,50,50,168,107,6.639709232118998e-17,6.722070486008063e-10,2.283313952722288e-19,0.999999999999999
basis-projected,inertial,all-cells,row-column,50,50,168,108,4.655130039686983e-17,4.712873885641953e-10,1.12235731951164e-19,0.999999999999999
basis-projected,inertial,all-cells,row-column,50,50,168,109,3.5194273057684625e-17,3.5630835015055155e-10,6.415219297717521e-20,0.999999999999999
basis-projected,inertial,all-cells,row-column,50,50,168,110,2.1238406361435004e-17,2.1501854912776917e-10,2.336207213250138e-20,0.999999999999999
basis-projected,inertial,all-cells,row-column,50,50,168,111,0.0,0.0,0.0,0.999999999999999
basis-projected,inertial,all-cells,row-column,50,50,168,112,0.0,0.0,0.0,0.999999999999999
basis-projected,inertial,all-cells,row-column,50,50,168,113,0.0,0.0,0.0,0.999999999999999
basis-projected,inertial,all-cells,row-column,50,50,168,114,0.0,0.0,0.0,0.999999999999999
basis-projected,inertial,all-cells,row-column,50,50,168,115,0.0,0.0,0.0,0.999999999999999
basis-projected,inertial,all-cells,row-column,50,50,168,116,0.0,0.0,0.0,0.999999999999999
basis-projected,inertial,all-cells,row-column,50,50,168,117,0.0,0.0,0.0,0.999999999999999
basis-projected,inertial,all-cells,row-column,50,50,168,118,0.0,0.0,0.0,0.999999999999999
basis-projected,inertial,all-cells,row-column,50,50,168,119,0.0,0.0,0.0,0.999999999999999
basis-projected,inertial,all-cells,row-column,50,50,168,120,0.0,0.0,0.0,0.999999999999999
basis-projected,inertial,all-cells,row-column,50,50,168,121,0.0,0.0,0.0,0.999999999999999
basis-projected,inertial,all-cells,row-column,50,50,168,122,0.0,0.0,0.0,0.999999999999999
basis-projected,inertial,all-cells,row-column,50,50,168,123,0.0,0.0,0.0,0.999999999999999
basis-projected,inertial,all-cells,row-column,50,50,168,124,0.0,0.0,0.0,0.999999999999999
basis-projected,inertial,all-cells,row-column,50,50,168,125,0.0,0.0,0.0,0.999999999999999
basis-projected,inertial,all-cells,row-column,50,50,168,126,0.0,0.0,0.0,0.999999999999999
basis-projected,inertial,all-cells,row-column,50,50,168,127,0.0,0.0,0.0,0.999999999999999
basis-projected,inertial,all-cells,row-column,50,50,168,128,0.0,0.0,0.0,0.999999999999999
basis-projected,inertial,all-cells,row-column,50,50,168,129,0.0,0.0,0.0,0.999999999999999
basis-projected,inertial,all-cells,row-column,50,50,168,130,0.0,0.0,0.0,0.999999999999999
basis-projected,inertial,all-cells,row-column,50,50,168,131,0.0,0.0,0.0,0.999999999999999
basis-projected,inertial,all-cells,row-column,50,50,168,132,0.0,0.0,0.0,0.999999999999999
basis-projected,inertial,all-cells,row-column,50,50,168,133,0.0,0.0,0.0,0.999999999999999
basis-projected,inertial,all-cells,row-column,50,50,168,134,0.0,0.0,0.0,0.999999999999999
basis-projected,inertial,all-cells,row-column,50,50,168,135,0.0,0.0,0.0,0.999999999999999
basis-projected,inertial,all-cells,row-column,50,50,168,136,0.0,0.0,0.0,0.999999999999999
basis-projected,inertial,all-cells,row-column,50,50,168,137,0.0,0.0,0.0,0.999999999999999
basis-projected,inertial,all-cells,row-column,50,50,168,138,0.0,0.0,0.0,0.999999999999999
basis-projected,inertial,all-cells,row-column,50,50,168,139,0.0,0.0,0.0,0.999999999999999
basis-projected,inertial,all-cells,row-column,50,50,168,140,0.0,0.0,0.0,0.999999999999999
basis-projected,inertial,all-cells,row-column,50,50,168,141,0.0,0.0,0.0,0.999999999999999
basis-projected,inertial,all-cells,row-column,50,50,168,142,0.0,0.0,0.0,0.999999999999999
basis-projected,inertial,all-cells,row-column,50,50,168,143,0.0,0.0,0.0,0.999999999999999
basis-projected,inertial,all-cells,row-column,50,50,168,144,0.0,0.0,0.0,0.999999999999999
basis-projected,inertial,all-cells,row-column,50,50,168,145,0.0,0.0,0.0,0.999999999999999
basis-projected,inertial,all-cells,row-column,50,50,168,146,0.0,0.0,0.0,0.999999999999999
basis-projected,inertial,all-cells,row-column,50,50,168,147,0.0,0.0,0.0,0.999999999999999
basis-projected,inertial,all-cells,row-column,50,50,168,148,0.0,0.0,0.0,0.999999999999999
basis-projected,inertial,all-cells,row-column,50,50,168,149,0.0,0.0,0.0,0.999999999999999
basis-projected,inertial,all-cells,row-column,50,50,168,150,0.0,0.0,0.0,0.999999999999999
basis-projected,inertial,all-cells,row-column,50,50,168,151,0.0,0.0,0.0,0.999999999999999
basis-projected,inertial,all-cells,row-column,50,50,168,152,0.0,0.0,0.0,0.999999999999999
basis-projected,inertial,all-cells,row-column,50,50,168,153,0.0,0.0,0.0,0.999999999999999
basis-projected,inertial,all-cells,row-column,50,50,168,154,0.0,0.0,0.0,0.999999999999999
basis-projected,inertial,all-cells,row-column,50,50,168,155,0.0,0.0,0.0,0.999999999999999
basis-projected,inertial,all-cells,row-column,50,50,168,156,0.0,0.0,0.0,0.999999999999999
basis-projected,inertial,all-cells,row-column,50,50,168,157,0.0,0.0,0.0,0.999999999999999
basis-projected,inertial,all-cells,row-column,50,50,168,158,0.0,0.0,0.0,0.999999999999999
basis-projected,inertial,all-cells,row-column,50,50,168,159,0.0,0.0,0.0,0.999999999999999
basis-projected,inertial,all-cells,row-column,50,50,168,160,0.0,0.0,0.0,0.999999999999999
basis-projected,inertial,all-cells,row-column,50,50,168,161,0.0,0.0,0.0,0.999999999999999
basis-projected,inertial,all-cells,row-column,50,50,168,162,0.0,0.0,0.0,0.999999999999999
basis-projected,inertial,all-cells,row-column,50,50,168,163,0.0,0.0,0.0,0.999999999999999
basis-projected,inertial,all-cells,row-column,50,50,168,164,0.0,0.0,0.0,0.999999999999999
basis-projected,inertial,all-cells,row-column,50,50,168,165,0.0,0.0,0.0,0.999999999999999
basis-projected,inertial,all-cells,row-column,50,50,168,166,0.0,0.0,0.0,0.999999999999999
basis-projected,inertial,all-cells,row-column,50,50,168,167,0.0,0.0,0.0,0.999999999999999
basis-projected,inertial,all-cells,row-column,50,50,168,168,0.0,0.0,0.0,0.999999999999999
basis-projected,inertial,all-cells,row-column,100,100,168,1,7.379666532398298e-08,1.0,0.4694337627679586,0.4694337627679586
basis-projected,inertial,all-cells,row-column,100,100,168,2,4.2121067831139355e-08,0.5707719670830511,0.15293243092474743,0.6223661936927061
basis-projected,inertial,all-cells,row-column,100,100,168,3,3.595179385379687e-08,0.48717369133091426,0.11141456686819068,0.7337807605608967
basis-projected,inertial,all-cells,row-column,100,100,168,4,2.6415557043944202e-08,0.35795055139652066,0.060147889522935,0.7939286500838316
basis-projected,inertial,all-cells,row-column,100,100,168,5,2.441691976210579e-08,0.33086752165440464,0.05139047106835636,0.845319121152188
basis-projected,inertial,all-cells,row-column,100,100,168,6,1.6438582389807148e-08,0.22275508409002348,0.02329322232556696,0.868612343477755
basis-projected,inertial,all-cells,row-column,100,100,168,7,1.5256830510051402e-08,0.2067414624098621,0.02006455304125347,0.8886768965190085
basis-projected,inertial,all-cells,row-column,100,100,168,8,1.3334877013932367e-08,0.18069755530808113,0.015327766497045961,0.9040046630160544
basis-projected,inertial,all-cells,row-column,100,100,168,9,1.2259222201899818e-08,0.1661216282345447,0.012954679716102157,0.9169593427321565
basis-projected,inertial,all-cells,row-column,100,100,168,10,1.1818350293559207e-08,0.16014748419422678,0.012039669437067626,0.9289990121692241
basis-projected,inertial,all-cells,row-column,100,100,168,11,1.093695202649012e-08,0.14820387856923598,0.01031082606760989,0.939309838236834
basis-projected,inertial,all-cells,row-column,100,100,168,12,9.024541436509278e-09,0.12228928498177569,0.007020226643530362,0.9463300648803644
basis-projected,inertial,all-cells,row-column,100,100,168,13,8.935146748859688e-09,0.12107792011512312,0.006881834527420278,0.9532118994077847
basis-projected,inertial,all-cells,row-column,100,100,168,14,8.09395641071245e-09,0.10967916199435662,0.005647062169317489,0.9588589615771022
basis-projected,inertial,all-cells,row-column,100,100,168,15,7.920387074762907e-09,0.10732716769776426,0.005407464280082585,0.9642664258571848
basis-projected,inertial,all-cells,row-column,100,100,168,16,7.332188951768816e-09,0.09935664327891992,0.004634129256732966,0.9689005551139177
basis-projected,inertial,all-cells,row-column,100,100,168,17,6.9370421752978025e-09,0.09400210896851123,0.004148102853858078,0.9730486579677757
basis-projected,inertial,all-cells,row-column,100,100,168,18,6.503319320560145e-09,0.08812483995054786,0.003645616694446869,0.9766942746622226
basis-projected,inertial,all-cells,row-column,100,100,168,19,5.546834694729297e-09,0.07516375801504742,0.0026521085354063497,0.9793463831976289
basis-projected,inertial,all-cells,row-column,100,100,168,20,5.345361397208787e-09,0.07243364417269424,0.0024629465809853303,0.9818093297786142
basis-projected,inertial,all-cells,row-column,100,100,168,21,5.118352323240314e-09,0.06935750146391662,0.0022581937511198485,0.9840675235297341
basis-projected,inertial,all-cells,row-column,100,100,168,22,4.792122557297792e-09,0.0649368441820421,0.001979505348580643,0.9860470288783147
basis-projected,inertial,all-cells,row-column,100,100,168,23,4.5656137231495174e-09,0.061867480096905555,0.001796797672775503,0.9878438265510902
basis-projected,inertial,all-cells,row-column,100,100,168,24,4.397093071004959e-09,0.059583899241256906,0.001666603014267812,0.989510429565358
basis-projected,inertial,all-cells,row-column,100,100,168,25,4.016357637306145e-09,0.05442464940215774,0.0013904827386722787,0.9909009123040303
basis-projected,inertial,all-cells,row-column,100,100,168,26,3.5095404791112423e-09,0.047556897912712136,0.001061698878096667,0.9919626111821269
basis-projected,inertial,all-cells,row-column,100,100,168,27,3.370506507448584e-09,0.045672883627618496,0.0009792446026350196,0.992941855784762
basis-projected,inertial,all-cells,row-column,100,100,168,28,3.2972025884444057e-09,0.04467956070872564,0.0009371133196908873,0.9938789691044528
basis-projected,inertial,all-cells,row-column,100,100,168,29,2.9632544627657604e-09,0.04015431388066718,0.0007569004106006388,0.9946358695150535
basis-projected,inertial,all-cells,row-column,100,100,168,30,2.6283240976156336e-09,0.03561575697325529,0.0005954683462270989,0.9952313378612806
basis-projected,inertial,all-cells,row-column,100,100,168,31,2.534694811571888e-09,0.034347010131745674,0.0005537990395972914,0.9957851369008779
basis-projected,inertial,all-cells,row-column,100,100,168,32,2.497229694914525e-09,0.033839329784769515,0.0005375487145422557,0.9963226856154201
basis-projected,inertial,all-cells,row-column,100,100,168,33,2.2540237100005e-09,0.03054370682069249,0.00043794321946279493,0.996760628834883
basis-projected,inertial,all-cells,row-column,100,100,168,34,2.084448312339214e-09,0.028245833374557574,0.0003745269790104737,0.9971351558138934
basis-projected,inertial,all-cells,row-column,100,100,168,35,1.9621511973089286e-09,0.026588616012589047,0.0003318683117284174,0.9974670241256218
basis-projected,inertial,all-cells,row-column,100,100,168,36,1.8795266375527662e-09,0.025468991441567806,0.00030450737593743323,0.9977715315015593
basis-projected,inertial,all-cells,row-column,100,100,168,37,1.7874004318855126e-09,0.02422061246315733,0.0002753877156866269,0.998046919217246
basis-projected,inertial,all-cells,row-column,100,100,168,38,1.6756111911403912e-09,0.0227057846555004,0.0002420178235969496,0.9982889370408429
basis-projected,inertial,all-cells,row-column,100,100,168,39,1.6005313980485718e-09,0.02168839731472825,0.00022081534130434817,0.9985097523821473
basis-projected,inertial,all-cells,row-column,100,100,168,40,1.5754533648057443e-09,0.02134857121103197,0.0002139498324675492,0.9987237022146149
basis-projected,inertial,all-cells,row-column,100,100,168,41,1.3552033625011757e-09,0.018364018977707817,0.00015831052446168458,0.9988820127390766
basis-projected,inertial,all-cells,row-column,100,100,168,42,1.2170137580042153e-09,0.016491446499123874,0.00012767087128912988,0.9990096836103657
basis-projected,inertial,all-cells,row-column,100,100,168,43,1.1289519452803658e-09,0.0152981430844338,0.00010986307715986429,0.9991195466875256
basis-projected,inertial,all-cells,row-column,100,100,168,44,1.105310317460897e-09,0.014977781348362432,0.00010530992281018747,0.9992248566103358
basis-projected,inertial,all-cells,row-column,100,100,168,45,1.0263548532395025e-09,0.013907875765572706,9.080210719972185e-05,0.9993156587175356
basis-projected,inertial,all-cells,row-column,100,100,168,46,9.516297815759538e-10,0.012895295165412931,7.806150076170432e-05,0.9993937202182972
basis-projected,inertial,all-cells,row-column,100,100,168,47,9.298666965870263e-10,0.01260038908946244,7.453190707171523e-05,0.9994682521253689
basis-projected,inertial,all-cells,row-column,100,100,168,48,8.623269996812146e-10,0.011685175690465368,6.409804961325796e-05,0.9995323501749822
basis-projected,inertial,all-cells,row-column,100,100,168,49,7.898824544398178e-10,0.010703497928694565,5.378061702380306e-05,0.999586130792006
basis-projected,inertial,all-cells,row-column,100,100,168,50,7.31168547256377e-10,0.009907880580326933,4.6082480569807266e-05,0.9996322132725759
basis-projected,inertial,all-cells,row-column,100,100,168,51,7.10871796721285e-10,0.00963284443274513,4.355955306601201e-05,0.9996757728256419
basis-projected,inertial,all-cells,row-column,100,100,168,52,6.879410393842987e-10,0.00932211552329759,4.079465672384978e-05,0.9997165674823657
basis-projected,inertial,all-cells,row-column,100,100,168,53,6.687301614524412e-10,0.009061793761500932,3.85480727060422e-05,0.9997551155550718
basis-projected,inertial,all-cells,row-column,100,100,168,54,6.229706323660724e-10,0.008441717923582311,3.345307116740332e-05,0.9997885686262392
basis-projected,inertial,all-cells,row-column,100,100,168,55,5.46389851022278e-10,0.007403991069562708,2.573392876008697e-05,0.9998143025549994
basis-projected,inertial,all-cells,row-column,100,100,168,56,5.403427725886079e-10,0.0073220486348046865,2.5167468884075922e-05,0.9998394700238834
basis-projected,inertial,all-cells,row-column,100,100,168,57,5.037733833551841e-10,0.006826506064244398,2.1876169645197987e-05,0.9998613461935285
basis-projected,inertial,all-cells,row-column,100,100,168,58,4.626993462638196e-10,0.006269922146650821,1.8454344275903047e-05,0.9998798005378045
basis-projected,inertial,all-cells,row-column,100,100,168,59,4.473371334405847e-10,0.0060617526750928385,1.724927108257343e-05,0.999897049808887
basis-projected,inertial,all-cells,row-column,100,100,168,60,4.2416946794355606e-10,0.0057478134829177215,1.550885213898646e-05,0.999912558661026
basis-projected,inertial,all-cells,row-column,100,100,168,61,3.829538284570826e-10,0.005189310746980697,1.26413564616417e-05,0.9999252000174877
basis-projected,inertial,all-cells,row-column,100,100,168,62,3.521146576600028e-10,0.004771416921267986,1.0687325940859107e-05,0.9999358873434286
basis-projected,inertial,all-cells,row-column,100,100,168,63,3.4930925844115065e-10,0.004733401663985887,1.0517706320044957e-05,0.9999464050497487
basis-projected,inertial,all-cells,row-column,100,100,168,64,3.0124103519698163e-10,0.004082041293796538,7.822203482793919e-06,0.9999542272532316
basis-projected,inertial,all-cells,row-column,100,100,168,65,2.9072948188401406e-10,0.0039396018859070405,7.2858293551177575e-06,0.9999615130825867
basis-projected,inertial,all-cells,row-column,100,100,168,66,2.874041976860586e-10,0.003894541798390122,7.120115856921358e-06,0.9999686331984436
basis-projected,inertial,all-cells,row-column,100,100,168,67,2.4453027419333493e-10,0.00331356807411006,5.154257555589243e-06,0.9999737874559993
basis-projected,inertial,all-cells,row-column,100,100,168,68,2.1113391812924301e-10,0.002861022475776113,3.842526408912734e-06,0.9999776299824081
basis-projected,inertial,all-cells,row-column,100,100,168,69,1.9556093653402865e-10,0.002649996929745738,3.2965909602530568e-06,0.9999809265733685
basis-projected,inertial,all-cells,row-column,100,100,168,70,1.7940271625795564e-10,0.002431040961950513,2.774334835098473e-06,0.9999837009082035
basis-projected,inertial,all-cells,row-column,100,100,168,71,1.7829996830121836e-10,0.002416097902506079,2.7403332387072064e-06,0.9999864412414423
basis-projected,inertial,all-cells,row-column,100,100,168,72,1.568944249236248e-10,0.0021260367827573923,2.1218558181337393e-06,0.9999885630972605
basis-projected,inertial,all-cells,row-column,100,100,168,73,1.4666097322664408e-10,0.001987365859727826,1.8540864147641747e-06,0.9999904171836753
basis-projected,inertial,all-cells,row-column,100,100,168,74,1.4050714751680893e-10,0.0019039769195525681,1.701757529281868e-06,0.9999921189412045
basis-projected,inertial,all-cells,row-column,100,100,168,75,1.2997612410926018e-10,0.001761273677321834,1.4562234182156382e-06,0.9999935751646228
basis-projected,inertial,all-cells,row-column,100,100,168,76,1.214152573481163e-10,0.0016452675309253828,1.2707127161739284e-06,0.9999948458773389
basis-projected,inertial,all-cells,row-column,100,100,168,77,1.1728076856356142e-10,0.0015892421161399911,1.1856443967453496e-06,0.9999960315217358
basis-projected,inertial,all-cells,row-column,100,100,168,78,1.1057969669419305e-10,0.0014984375812745032,1.0540267558832169e-06,0.9999970855484915
basis-projected,inertial,all-cells,row-column,100,100,168,79,9.995629651914149e-11,0.0013544825647651177,8.6123398671907e-07,0.9999979467824782
basis-projected,inertial,all-cells,row-column,100,100,168,80,8.882349965492894e-11,0.001203624842192733,6.800746824457698e-07,0.9999986268571607
basis-projected,inertial,all-cells,row-column,100,100,168,81,7.845182707643968e-11,0.0010630809228576869,5.305263648765132e-07,0.9999991573835255
basis-projected,inertial,all-cells,row-column,100,100,168,82,6.742161921100034e-11,0.0009136133579343344,3.9183137066690835e-07,0.9999995492148962
basis-projected,inertial,all-cells,row-column,100,100,168,83,5.107701027317217e-11,0.0006921316843916088,2.248804923801027e-07,0.9999997740953885
basis-projected,inertial,all-cells,row-column,100,100,168,84,3.0039401077521387e-11,0.00040705634794800086,7.778276648545761e-08,0.9999998518781551
basis-projected,inertial,all-cells,row-column,100,100,168,85,2.32678452476517e-11,0.0003152967027100877,4.666735426593812e-08,0.9999998985455093
basis-projected,inertial,all-cells,row-column,100,100,168,86,1.9409111925060534e-11,0.000263007980643169,3.247223456443869e-08,0.9999999310177439
basis-projected,inertial,all-cells,row-column,100,100,168,87,1.739491573938181e-11,0.00023571411611912878,2.6082277144084255e-08,0.999999957100021
basis-projected,inertial,all-cells,row-column,100,100,168,88,1.4192725824753381e-11,0.0001923220481907185,1.736330815089943e-08,0.9999999744633291
basis-projected,inertial,all-cells,row-column,100,100,168,89,1.2664795609775096e-11,0.0001716174511974757,1.3826021160956562e-08,0.9999999882893502
basis-projected,inertial,all-cells,row-column,100,100,168,90,7.533746536447289e-12,0.0001020878992752931,4.8924101238750175e-09,0.9999999931817604
basis-projected,inertial,all-cells,row-column,100,100,168,91,6.826548735558541e-12,9.250484023347867e-05,4.017012994948869e-09,0.9999999971987733
basis-projected,inertial,all-cells,row-column,100,100,168,92,3.952329444383844e-12,5.3557019508026293e-05,1.346502370112868e-09,0.9999999985452758
basis-projected,inertial,all-cells,row-column,100,100,168,93,3.526676529213901e-12,4.7789104205874946e-05,1.0720921142456797e-09,0.9999999996173679
basis-projected,inertial,all-cells,row-column,100,100,168,94,1.2655592305026002e-12,1.7149273953592987e-05,1.3805934164427802e-10,0.9999999997554272
basis-projected,inertial,all-cells,row-column,100,100,168,95,1.2251927457863906e-12,1.6602277899787683e-05,1.2939267163002499e-10,0.9999999998848198
basis-projected,inertial,all-cells,row-column,100,100,168,96,8.808088054422353e-13,1.1935617979149846e-05,6.687505339921855e-11,0.9999999999516949
basis-projected,inertial,all-cells,row-column,100,100,168,97,5.486574113629905e-13,7.434718207852189e-06,2.594796758745614e-11,0.9999999999776428
basis-projected,inertial,all-cells,row-column,100,100,168,98,4.580781908962367e-13,6.207302035738017e-06,1.8087563865073205e-11,0.9999999999957303
basis-projected,inertial,all-cells,row-column,100,100,168,99,2.2229389276159455e-13,3.0122484774302107e-06,4.259473384894926e-12,0.9999999999999898
basis-projected,inertial,all-cells,row-column,100,100,168,100,1.0826312615578349e-14,1.4670463181565922e-07,1.0103270329500128e-14,0.9999999999999999
basis-projected,inertial,all-cells,row-column,100,100,168,101,7.175783203259089e-16,9.723722842700116e-09,4.438533120786697e-17,0.9999999999999999
basis-projected,inertial,all-cells,row-column,100,100,168,102,5.65682032987115e-16,7.665414561805078e-09,2.7583261494109837e-17,0.9999999999999999
basis-projected,inertial,all-cells,row-column,100,100,168,103,5.407188897252917e-16,7.327145303265687e-09,2.5202517787443653e-17,0.9999999999999999
basis-projected,inertial,all-cells,row-column,100,100,168,104,5.126221931618876e-16,6.9464140542308736e-09,2.2651431602736183e-17,0.9999999999999999
basis-projected,inertial,all-cells,row-column,100,100,168,105,4.859716902355499e-16,6.585279810436303e-09,2.035742239247153e-17,0.9999999999999999
basis-projected,inertial,all-cells,row-column,100,100,168,106,4.565536556698721e-16,6.18664344337925e-09,1.7967369355621134e-17,0.9999999999999999
basis-projected,inertial,all-cells,row-column,100,100,168,107,4.196376853002072e-16,5.686404439250865e-09,1.517923246839674e-17,0.9999999999999999
basis-projected,inertial,all-cells,row-column,100,100,168,108,3.9138082287420013e-16,5.303502823006371e-09,1.320383019586822e-17,0.9999999999999999
basis-projected,inertial,all-cells,row-column,100,100,168,109,3.674338451940186e-16,4.979003367982906e-09,1.1637485743357402e-17,0.9999999999999999
basis-projected,inertial,all-cells,row-column,100,100,168,110,3.63288754796752e-16,4.922834293417426e-09,1.1376397454284131e-17,0.9999999999999999
basis-projected,inertial,all-cells,row-column,100,100,168,111,3.431053219308563e-16,4.649333684991745e-09,1.0147422789785284e-17,0.9999999999999999
basis-projected,inertial,all-cells,row-column,100,100,168,112,3.1474330883910116e-16,4.265007198595105e-09,8.539134592488512e-18,0.9999999999999999
basis-projected,inertial,all-cells,row-column,100,100,168,113,3.0610546062699334e-16,4.147957895971662e-09,8.07686828650133e-18,0.9999999999999999
basis-projected,inertial,all-cells,row-column,100,100,168,114,2.834530557700127e-16,3.8410008707791034e-09,6.925691353198427e-18,0.9999999999999999
basis-projected,inertial,all-cells,row-column,100,100,168,115,2.6066532394359086e-16,3.5322100639536342e-09,5.8568940665516454e-18,0.9999999999999999
basis-projected,inertial,all-cells,row-column,100,100,168,116,2.568722076562325e-16,3.480810501782284e-09,5.6876790682359526e-18,0.9999999999999999
basis-projected,inertial,all-cells,row-column,100,100,168,117,2.4406260982486133e-16,3.3072308721996423e-09,5.134561363723564e-18,0.9999999999999999
basis-projected,inertial,all-cells,row-column,100,100,168,118,2.2531845835937567e-16,3.0532336030385646e-09,4.3761720575312164e-18,0.9999999999999999
basis-projected,inertial,all-cells,row-column,100,100,168,119,2.1605471854092385e-16,2.9277030011098455e-09,4.023725614258916e-18,0.9999999999999999
basis-projected,inertial,all-cells,row-column,100,100,168,120,1.991505862696008e-16,2.6986393679888865e-09,3.4187238759847983e-18,0.9999999999999999
basis-projected,inertial,all-cells,row-column,100,100,168,121,1.9315679157234213e-16,2.61741896770461e-09,3.2160353401844882e-18,0.9999999999999999
basis-projected,inertial,all-cells,row-column,100,100,168,122,1.7667671340562412e-16,2.3941015848070636e-09,2.69066401261089e-18,0.9999999999999999
basis-projected,inertial,all-cells,row-column,100,100,168,123,1.650668656893119e-16,2.2367794664519516e-09,2.3486627311811848e-18,0.9999999999999999
basis-projected,inertial,all-cells,row-column,100,100,168,124,1.5660733767648032e-16,2.122146535875855e-09,2.1140977295465794e-18,0.9999999999999999
basis-projected,inertial,all-cells,row-column,100,100,168,125,1.3507864861488969e-16,1.8304167000211437e-09,1.5728027534410502e-18,0.9999999999999999
basis-projected,inertial,all-cells,row-column,100,100,168,126,1.1186009366599745e-16,1.5157879177183408e-09,1.07857712137349e-18,0.9999999999999999
basis-projected,inertial,all-cells,row-column,100,100,168,127,9.411134057202165e-17,1.2752790408462625e-09,7.634573246973452e-19,0.9999999999999999
basis-projected,inertial,all-cells,row-column,100,100,168,128,8.433429507250934e-17,1.1427927630911769e-09,6.130688988669445e-19,0.9999999999999999
basis-projected,inertial,all-cells,row-column,100,100,168,129,7.438852689725913e-17,1.0080201669096803e-09,4.769938324530257e-19,0.9999999999999999
basis-projected,inertial,all-cells,row-column,100,100,168,130,6.754366132592074e-17,9.152671198541258e-10,3.932511885220843e-19,0.9999999999999999
basis-projected,inertial,all-cells,row-column,100,100,168,131,6.292784600105363e-17,8.527193705133839e-10,3.4133952441643287e-19,0.9999999999999999
basis-projected,inertial,all-cells,row-column,100,100,168,132,3.361501019935755e-17,4.555085253755104e-10,9.740188040394067e-20,0.9999999999999999
basis-projected,inertial,all-cells,row-column,100,100,168,133,2.8976259944588697e-17,3.9264999058394825e-10,7.2374488032054e-20,0.9999999999999999
basis-projected,inertial,all-cells,row-column,100,100,168,134,1.2494890569749465e-17,1.6931511085079863e-10,1.3457542512034164e-20,0.9999999999999999
basis-projected,inertial,all-cells,row-column,100,100,168,135,0.0,0.0,0.0,0.9999999999999999
basis-projected,inertial,all-cells,row-column,100,100,168,136,0.0,0.0,0.0,0.9999999999999999
basis-projected,inertial,all-cells,row-column,100,100,168,137,0.0,0.0,0.0,0.9999999999999999
basis-projected,inertial,all-cells,row-column,100,100,168,138,0.0,0.0,0.0,0.9999999999999999
basis-projected,inertial,all-cells,row-column,100,100,168,139,0.0,0.0,0.0,0.9999999999999999
basis-projected,inertial,all-cells,row-column,100,100,168,140,0.0,0.0,0.0,0.9999999999999999
basis-projected,inertial,all-cells,row-column,100,100,168,141,0.0,0.0,0.0,0.9999999999999999
basis-projected,inertial,all-cells,row-column,100,100,168,142,0.0,0.0,0.0,0.9999999999999999
basis-projected,inertial,all-cells,row-column,100,100,168,143,0.0,0.0,0.0,0.9999999999999999
basis-projected,inertial,all-cells,row-column,100,100,168,144,0.0,0.0,0.0,0.9999999999999999
basis-projected,inertial,all-cells,row-column,100,100,168,145,0.0,0.0,0.0,0.9999999999999999
basis-projected,inertial,all-cells,row-column,100,100,168,146,0.0,0.0,0.0,0.9999999999999999
basis-projected,inertial,all-cells,row-column,100,100,168,147,0.0,0.0,0.0,0.9999999999999999
basis-projected,inertial,all-cells,row-column,100,100,168,148,0.0,0.0,0.0,0.9999999999999999
basis-projected,inertial,all-cells,row-column,100,100,168,149,0.0,0.0,0.0,0.9999999999999999
basis-projected,inertial,all-cells,row-column,100,100,168,150,0.0,0.0,0.0,0.9999999999999999
basis-projected,inertial,all-cells,row-column,100,100,168,151,0.0,0.0,0.0,0.9999999999999999
basis-projected,inertial,all-cells,row-column,100,100,168,152,0.0,0.0,0.0,0.9999999999999999
basis-projected,inertial,all-cells,row-column,100,100,168,153,0.0,0.0,0.0,0.9999999999999999
basis-projected,inertial,all-cells,row-column,100,100,168,154,0.0,0.0,0.0,0.9999999999999999
basis-projected,inertial,all-cells,row-column,100,100,168,155,0.0,0.0,0.0,0.9999999999999999
basis-projected,inertial,all-cells,row-column,100,100,168,156,0.0,0.0,0.0,0.9999999999999999
basis-projected,inertial,all-cells,row-column,100,100,168,157,0.0,0.0,0.0,0.9999999999999999
basis-projected,inertial,all-cells,row-column,100,100,168,158,0.0,0.0,0.0,0.9999999999999999
basis-projected,inertial,all-cells,row-column,100,100,168,159,0.0,0.0,0.0,0.9999999999999999
basis-projected,inertial,all-cells,row-column,100,100,168,160,0.0,0.0,0.0,0.9999999999999999
basis-projected,inertial,all-cells,row-column,100,100,168,161,0.0,0.0,0.0,0.9999999999999999
basis-projected,inertial,all-cells,row-column,100,100,168,162,0.0,0.0,0.0,0.9999999999999999
basis-projected,inertial,all-cells,row-column,100,100,168,163,0.0,0.0,0.0,0.9999999999999999
basis-projected,inertial,all-cells,row-column,100,100,168,164,0.0,0.0,0.0,0.9999999999999999
basis-projected,inertial,all-cells,row-column,100,100,168,165,0.0,0.0,0.0,0.9999999999999999
basis-projected,inertial,all-cells,row-column,100,100,168,166,0.0,0.0,0.0,0.9999999999999999
basis-projected,inertial,all-cells,row-column,100,100,168,167,0.0,0.0,0.0,0.9999999999999999
basis-projected,inertial,all-cells,row-column,100,100,168,168,0.0,0.0,0.0,0.9999999999999999
basis-projected,inertial,all-cells,row-column,250,250,168,1,6.19139239051883e-08,1.0,0.5350458269865638,0.5350458269865638
basis-projected,inertial,all-cells,row-column,250,250,168,2,3.025960653258323e-08,0.4887366948171656,0.12780294931754269,0.6628487763041063
basis-projected,inertial,all-cells,row-column,250,250,168,3,2.3350610693692045e-08,0.377146354500967,0.07610458280347462,0.738953359107581
basis-projected,inertial,all-cells,row-column,250,250,168,4,2.0087410164939187e-08,0.3244409156767383,0.056319944490393625,0.7952733035979745
basis-projected,inertial,all-cells,row-column,250,250,168,5,1.598430615142899e-08,0.2581698129148866,0.03566168842514597,0.8309349920231206
basis-projected,inertial,all-cells,row-column,250,250,168,6,1.4596364307368928e-08,0.23575253168771898,0.029737449095312354,0.8606724411184329
basis-projected,inertial,all-cells,row-column,250,250,168,7,1.2851310914492987e-08,0.2075673790950934,0.023052030442284686,0.8837244715607177
basis-projected,inertial,all-cells,row-column,250,250,168,8,1.0799419992596379e-08,0.17442635374126889,0.01627853005609475,0.9000030016168123
basis-projected,inertial,all-cells,row-column,250,250,168,9,1.0017727842036243e-08,0.16180088758995245,0.014007246794161972,0.9140102484109743
basis-projected,inertial,all-cells,row-column,250,250,168,10,9.068754645586666e-09,0.14647358903425464,0.011479147267894207,0.9254893956788685
basis-projected,inertial,all-cells,row-column,250,250,168,11,7.709595432053261e-09,0.12452118918935466,0.008296167279622313,0.9337855629584908
basis-projected,inertial,all-cells,row-column,250,250,168,12,7.093763615075407e-09,0.11457460887050899,0.0070237290203186385,0.9408092919788095
basis-projected,inertial,all-cells,row-column,250,250,168,13,6.698482962366245e-09,0.10819025091389695,0.006262781171007647,0.9470720731498172
basis-projected,inertial,all-cells,row-column,250,250,168,14,6.066973975692791e-09,0.09799046148300071,0.005137579876490839,0.952209653026308
basis-projected,inertial,all-cells,row-column,250,250,168,15,5.953887196556308e-09,0.09616394537800212,0.0049478386342643645,0.9571574916605724
basis-projected,inertial,all-cells,row-column,250,250,168,16,5.520295188314069e-09,0.08916080325917569,0.0042534264366849445,0.9614109180972573
basis-projected,inertial,all-cells,row-column,250,250,168,17,5.187955039987776e-09,0.08379302607168518,0.003756701865465589,0.9651676199627229
basis-projected,inertial,all-cells,row-column,250,250,168,18,4.8951495925833695e-09,0.07906379185527866,0.003344615970961148,0.9685122359336841
basis-projected,inertial,all-cells,row-column,250,250,168,19,4.747534396293527e-09,0.07667959154977239,0.0031459409233998894,0.9716581768570839
basis-projected,inertial,all-cells,row-column,250,250,168,20,4.52346362339245e-09,0.07306052238458416,0.002855988980261755,0.9745141658373457
basis-projected,inertial,all-cells,row-column,250,250,168,21,4.269353181755291e-09,0.06895626884015867,0.002544125257419973,0.9770582910947656
basis-projected,inertial,all-cells,row-column,250,250,168,22,4.178174372848216e-09,0.06748359834609176,0.00243661798221778,0.9794949090769834
basis-projected,inertial,all-cells,row-column,250,250,168,23,3.788567483827452e-09,0.061190879932421394,0.002003384817069519,0.981498293894053
basis-projected,inertial,all-cells,row-column,250,250,168,24,3.5902538235952944e-09,0.057987825631811325,0.001799138635276863,0.9832974325293298
basis-projected,inertial,all-cells,row-column,250,250,168,25,3.2710622533231352e-09,0.05283241712045688,0.0014934543150841373,0.984790886844414
basis-projected,inertial,all-cells,row-column,250,250,168,26,3.1873270797159096e-09,0.05147997217228249,0.0014179717812581054,0.9862088586256721
basis-projected,inertial,all-cells,row-column,250,250,168,27,3.061357855798879e-09,0.04944538583093005,0.0013081047462167427,0.9875169633718888
basis-projected,inertial,all-cells,row-column,250,250,168,28,2.9295372601511722e-09,0.04731629131820671,0.001197877410796122,0.9887148407826849
basis-projected,inertial,all-cells,row-column,250,250,168,29,2.6732425760007837e-09,0.04317675907756138,0.000997449832735201,0.9897122906154202
basis-projected,inertial,all-cells,row-column,250,250,168,30,2.597979893303381e-09,0.041961157191099524,0.0009420759007059817,0.9906543665161262
basis-projected,inertial,all-cells,row-column,250,250,168,31,2.5309507578098382e-09,0.04087853907766534,0.0008940909814745209,0.9915484574976007
basis-projected,inertial,all-cells,row-column,250,250,168,32,2.374690086883761e-09,0.038354701771450235,0.0007870968994752914,0.9923355543970761
basis-projected,inertial,all-cells,row-column,250,250,168,33,2.2159506556771703e-09,0.03579082887834018,0.0006853848396227843,0.993020939236699
basis-projected,inertial,all-cells,row-column,250,250,168,34,2.095318917688531e-09,0.03384245070458127,0.00061279412245856,0.9936337333591575
basis-projected,inertial,all-cells,row-column,250,250,168,35,1.9295783859267653e-09,0.031165499845908964,0.0005196837948648324,0.9941534171540223
basis-projected,inertial,all-cells,row-column,250,250,168,36,1.875649032305326e-09,0.030294462279237794,0.0004910406858822765,0.9946444578399045
basis-projected,inertial,all-cells,row-column,250,250,168,37,1.7675657354429462e-09,0.028548759696602376,0.0004360792993605345,0.995080537139265
basis-projected,inertial,all-cells,row-column,250,250,168,38,1.6482097078220918e-09,0.026620986102351914,0.00037917461859478637,0.9954597117578597
basis-projected,inertial,all-cells,row-column,250,250,168,39,1.631554679456055e-09,0.02635198314929177,0.0003715502770043253,0.995831262034864
basis-projected,inertial,all-cells,row-column,250,250,168,40,1.5511013611322446e-09,0.025052544941385382,0.00033581081669341724,0.9961670728515574
basis-projected,inertial,all-cells,row-column,250,250,168,41,1.505582009199923e-09,0.024317341144545954,0.0003163902969951492,0.9964834631485526
basis-projected,inertial,all-cells,row-column,250,250,168,42,1.4666494873021183e-09,0.023688524241300996,0.0003002389223294117,0.9967837020708821
basis-projected,inertial,all-cells,row-column,250,250,168,43,1.3601278641106343e-09,0.0219680449617999,0.0002582104405769144,0.997041912511459
basis-projected,inertial,all-cells,row-column,250,250,168,44,1.2980936467933613e-09,0.020966102048081994,0.00023519407228267622,0.9972771065837416
basis-projected,inertial,all-cells,row-column,250,250,168,45,1.2088735722967414e-09,0.01952506796609994,0.0002039745998514629,0.9974810811835931
basis-projected,inertial,all-cells,row-column,250,250,168,46,1.1608016181252586e-09,0.018748635927240673,0.00018807468049161124,0.9976691558640848
basis-projected,inertial,all-cells,row-column,250,250,168,47,1.0981403332653853e-09,0.017736564959879124,0.0001683177855844896,0.9978374736496693
basis-projected,inertial,all-cells,row-column,250,250,168,48,1.0448659291320108e-09,0.016876105780858974,0.0001523826279456014,0.9979898562776149
basis-projected,inertial,all-cells,row-column,250,250,168,49,1.00402935708501e-09,0.0162165356959531,0.00014070422743728717,0.9981305605050522
basis-projected,inertial,all-cells,row-column,250,250,168,50,9.618416253538079e-10,0.015535142415246062,0.0001291283075908763,0.9982596888126433
basis-projected,inertial,all-cells,row-column,250,250,168,51,9.080900221926595e-10,0.014666975777262321,0.00011509915378070528,0.9983747879664239
basis-projected,inertial,all-cells,row-column,250,250,168,52,8.573856187549939e-10,0.013848025850662426,0.0001026045718202376,0.9984773925382442
basis-projected,inertial,all-cells,row-column,250,250,168,53,8.134223182634286e-10,0.013137954549756211,9.235203962298846e-05,0.9985697445778673
basis-projected,inertial,all-cells,row-column,250,250,168,54,7.999706583322903e-10,0.012920690660106164,8.932282276854306e-05,0.9986590674006359
basis-projected,inertial,all-cells,row-column,250,250,168,55,7.642963090934683e-10,0.012344497988269506,8.153383078165078e-05,0.9987406012314174
basis-projected,inertial,all-cells,row-column,250,250,168,56,7.535061864864044e-10,0.012170221800838914,7.92479374266395e-05,0.998819849168844
basis-projected,inertial,all-cells,row-column,250,250,168,57,7.250408260830092e-10,0.011710464792916344,7.337350181452683e-05,0.9988932226706585
basis-projected,inertial,all-cells,row-column,250,250,168,58,6.8777207634702e-10,0.011108520232060201,6.602423864863552e-05,0.9989592469093072
basis-projected,inertial,all-cells,row-column,250,250,168,59,6.765800750150207e-10,0.010927753118201643,6.389291915933757e-05,0.9990231398284665
basis-projected,inertial,all-cells,row-column,250,250,168,60,6.493378364887941e-10,0.0104877513091103,5.885125686854512e-05,0.9990819910853351
basis-projected,inertial,all-cells,row-column,250,250,168,61,5.98628578887291e-10,0.009668722980698156,5.001833328081631e-05,0.9991320094186159
basis-projected,inertial,all-cells,row-column,250,250,168,62,5.748109131254434e-10,0.009284033006948135,4.611734882541939e-05,0.9991781267674413
basis-projected,inertial,all-cells,row-column,250,250,168,63,5.563173257184965e-10,0.008985334648962184,4.3197587631833174e-05,0.9992213243550732
basis-projected,inertial,all-cells,row-column,250,250,168,64,5.361445350954786e-10,0.008659514714597994,4.01215858115834e-05,0.9992614459408848
basis-projected,inertial,all-cells,row-column,250,250,168,65,5.171726304125377e-10,0.008353090836311852,3.7332355225985726e-05,0.9992987782961108
basis-projected,inertial,all-cells,row-column,250,250,168,66,5.1364279465316e-10,0.008296078850368543,3.6824488534850505e-05,0.9993356027846456
basis-projected,inertial,all-cells,row-column,250,250,168,67,5.104199246273895e-10,0.008244024807877134,3.636382517539393e-05,0.999371966609821
basis-projected,inertial,all-cells,row-column,250,250,168,68,4.810643123125185e-10,0.007769888935632554,3.2301344757537915e-05,0.9994042679545786
basis-projected,inertial,all-cells,row-column,250,250,168,69,4.694737506353676e-10,0.007582684492010145,3.076358561539086e-05,0.999435031540194
basis-projected,inertial,all-cells,row-column,250,250,168,70,4.486364731835721e-10,0.00724613212805879,2.8093346698747477e-05,0.9994631248868927
basis-projected,inertial,all-cells,row-column,250,250,168,71,4.408949429703165e-10,0.0071210951456651276,2.7132171785692974e-05,0.9994902570586782
basis-projected,inertial,all-cells,row-column,250,250,168,72,4.211687743938384e-10,0.006802488807506272,2.475863246857715e-05,0.9995150156911469
basis-projected,inertial,all-cells,row-column,250,250,168,73,4.12245037369935e-10,0.006658357464166303,2.3720574085510826e-05,0.9995387362652323
basis-projected,inertial,all-cells,row-column,250,250,168,74,4.0398776748666776e-10,0.006524990535332782,2.2779844402042127e-05,0.9995615161096344
basis-projected,inertial,all-cells,row-column,250,250,168,75,3.934548853853887e-10,0.0063548691565390785,2.1607484361866067e-05,0.9995831235939964
basis-projected,inertial,all-cells,row-column,250,250,168,76,3.852399165773028e-10,0.006222185451647981,2.071461582906937e-05,0.9996038382098255
basis-projected,inertial,all-cells,row-column,250,250,168,77,3.824669874821669e-10,0.006177398610171382,2.0417484439515305e-05,0.9996242556942649
basis-projected,inertial,all-cells,row-column,250,250,168,78,3.6461521078359677e-10,0.0058890664294181895,1.8555979654863654e-05,0.9996428116739198
basis-projected,inertial,all-cells,row-column,250,250,168,79,3.567826346477636e-10,0.0057625589228381255,1.7767312437115653e-05,0.9996605789863569
basis-projected,inertial,all-cells,row-column,250,250,168,80,3.4430405047822107e-10,0.005561011623257315,1.6546212089289572e-05,0.9996771251984462
basis-projected,inertial,all-cells,row-column,250,250,168,81,3.418222128443281e-10,0.0055209263326255415,1.6308532585408907e-05,0.9996934337310318
basis-projected,inertial,all-cells,row-column,250,250,168,82,3.3213999221244474e-10,0.0053645443748819134,1.5397728771724532e-05,0.9997088314598035
basis-projected,inertial,all-cells,row-column,250,250,168,83,3.25590337993481e-10,0.005258757924825969,1.4796443501876996e-05,0.9997236279033054
basis-projected,inertial,all-cells,row-column,250,250,168,84,3.145825770896859e-10,0.005080966562084176,1.3812861424306648e-05,0.9997374407647297
basis-projected,inertial,all-cells,row-column,250,250,168,85,3.1233211735787974e-10,0.005044618361391027,1.3615939523611519e-05,0.9997510567042532
basis-projected,inertial,all-cells,row-column,250,250,168,86,3.0232908614288096e-10,0.004883054845721807,1.2757752884046636e-05,0.9997638144571374
basis-projected,inertial,all-cells,row-column,250,250,168,87,2.8989166584484634e-10,0.004682172402588649,1.1729669701084524e-05,0.9997755441268384
basis-projected,inertial,all-cells,row-column,250,250,168,88,2.8212983149855845e-10,0.004556807478889516,1.110995607802579e-05,0.9997866540829166
basis-projected,inertial,all-cells,row-column,250,250,168,89,2.784335393522513e-10,0.004497106979984496,1.0820751389998488e-05,0.9997974748343065
basis-projected,inertial,all-cells,row-column,250,250,168,90,2.7618747093624454e-10,0.004460829705434005,1.0646877799853846e-05,0.9998081217121062
basis-projected,inertial,all-cells,row-column,250,250,168,91,2.6674729500269276e-10,0.004308357121916153,9.931489120956542e-06,0.9998180532012273
basis-projected,inertial,all-cells,row-column,250,250,168,92,2.6400814056783016e-10,0.004264115790369194,9.728568916007846e-06,0.9998277817701432
basis-projected,inertial,all-cells,row-column,250,250,168,93,2.564526822415049e-10,0.004142084139816803,9.17970689364672e-06,0.9998369614770369
basis-projected,inertial,all-cells,row-column,250,250,168,94,2.516336256388293e-10,0.004064249360518124,8.837952708287076e-06,0.9998457994297453
basis-projected,inertial,all-cells,row-column,250,250,168,95,2.396944723353457e-10,0.0038714146546809263,8.019187362301888e-06,0.9998538186171076
basis-projected,inertial,all-cells,row-column,250,250,168,96,2.357265282777613e-10,0.00380732658196144,7.755882896300182e-06,0.9998615745000039
basis-projected,inertial,all-cells,row-column,250,250,168,97,2.2903170995969327e-10,0.0036991955203876316,7.321592510120748e-06,0.9998688960925141
basis-projected,inertial,all-cells,row-column,250,250,168,98,2.2793617478884644e-10,0.0036815010325931823,7.251716785111102e-06,0.9998761478092992
basis-projected,inertial,all-cells,row-column,250,250,168,99,2.2461399465758031e-10,0.003627842987330964,7.041869076474547e-06,0.9998831896783758
basis-projected,inertial,all-cells,row-column,250,250,168,100,2.1855250423353882e-10,0.0035299410931896114,6.666930031381346e-06,0.999889856608407
basis-projected,inertial,all-cells,row-column,250,250,168,101,2.106433434523634e-10,0.003402196633101973,6.193124377413679e-06,0.9998960497327843
basis-projected,inertial,all-cells,row-column,250,250,168,102,2.049731762814196e-10,0.003310615179152668,5.864194754167881e-06,0.9999019139275385
basis-projected,inertial,all-cells,row-column,250,250,168,103,2.0291138465905393e-10,0.003277314243073685,5.746814144578746e-06,0.9999076607416831
basis-projected,inertial,all-cells,row-column,250,250,168,104,1.9956004087433955e-10,0.003223185162354355,5.558549679105361e-06,0.9999132192913621
basis-projected,inertial,all-cells,row-column,250,250,168,105,1.9346144334081168e-10,0.0031246839343774795,5.224000022662994e-06,0.9999184432913847
basis-projected,inertial,all-cells,row-column,250,250,168,106,1.880114271475064e-10,0.0030366582391937735,4.933814479072336e-06,0.9999233771058639
basis-projected,inertial,all-cells,row-column,250,250,168,107,1.867335477159824e-10,0.0030160186261483967,4.8669739281519285e-06,0.9999282440797921
basis-projected,inertial,all-cells,row-column,250,250,168,108,1.782404906243743e-10,0.002878843390661563,4.43432031047241e-06,0.9999326784001026
basis-projected,inertial,all-cells,row-column,250,250,168,109,1.7593598372448123e-10,0.002841622249526621,4.320397144348109e-06,0.999936998797247
basis-projected,inertial,all-cells,row-column,250,250,168,110,1.6851132922627157e-10,0.002721703271211188,3.963442223772923e-06,0.9999409622394706
basis-projected,inertial,all-cells,row-column,250,250,168,111,1.6571743594404288e-10,0.002676577827595191,3.833105151625911e-06,0.9999447953446222
basis-projected,inertial,all-cells,row-column,250,250,168,112,1.6425780018358706e-10,0.0026530025852524344,3.7658787034888114e-06,0.9999485612233258
basis-projected,inertial,all-cells,row-column,250,250,168,113,1.6356147177880004e-10,0.0026417558678605057,3.73401744574387e-06,0.9999522952407716
basis-projected,inertial,all-cells,row-column,250,250,168,114,1.5481382222812796e-10,0.002500468593546124,3.345290131258372e-06,0.9999556405309029
basis-projected,inertial,all-cells,row-column,250,250,168,115,1.4720235084246303e-10,0.002377532250546434,3.0244319316334384e-06,0.9999586649628346
basis-projected,inertial,all-cells,row-column,250,250,168,116,1.4655518641772337e-10,0.002367079603000937,2.9978969997378287e-06,0.9999616628598342
basis-projected,inertial,all-cells,row-column,250,250,168,117,1.3962824767713345e-10,0.002255199458702581,2.7212027328130826e-06,0.999964384062567
basis-projected,inertial,all-cells,row-column,250,250,168,118,1.383710271402361e-10,0.002234893516878855,2.6724196263028874e-06,0.9999670564821934
basis-projected,inertial,all-cells,row-column,250,250,168,119,1.34988491451695e-10,0.0021802606415062503,2.5433598489738737e-06,0.9999695998420424
basis-projected,inertial,all-cells,row-column,250,250,168,120,1.3134976009670298e-10,0.0021214898331729875,2.408090979451432e-06,0.9999720079330219
basis-projected,inertial,all-cells,row-column,250,250,168,121,1.261064984772253e-10,0.0020368035253320095,2.21967431782815e-06,0.9999742276073398
basis-projected,inertial,all-cells,row-column,250,250,168,122,1.25554943152831e-10,0.002027895103936542,2.200300282624976e-06,0.9999764279076224
basis-projected,inertial,all-cells,row-column,250,250,168,123,1.196480909597933e-10,0.0019324908423348523,1.9981397996408923e-06,0.9999784260474222
basis-projected,inertial,all-cells,row-column,250,250,168,124,1.1538039463263598e-10,0.0018635613341083566,1.8581397033486154e-06,0.9999802841871255
basis-projected,inertial,all-cells,row-column,250,250,168,125,1.1232489669816784e-10,0.0018142105945372841,1.7610284766264828e-06,0.999982045215602
basis-projected,inertial,all-cells,row-column,250,250,168,126,1.0945658898969442e-10,0.0017678832496113544,1.6722382117535225e-06,0.9999837174538138
basis-projected,inertial,all-cells,row-column,250,250,168,127,1.087194753625304e-10,0.001755977791506441,1.6497913378696846e-06,0.9999853672451515
basis-projected,inertial,all-cells,row-column,250,250,168,128,1.0394359063021005e-10,0.0016788403007598702,1.5080292077482458e-06,0.9999868752743593
basis-projected,inertial,all-cells,row-column,250,250,168,129,9.85046573572674e-11,0.0015909936108735767,1.354340458413396e-06,0.9999882296148176
basis-projected,inertial,all-cells,row-column,250,250,168,130,9.418381552084405e-11,0.0015212057253078022,1.2381318161202832e-06,0.9999894677466338
basis-projected,inertial,all-cells,row-column,250,250,168,131,9.158973137915656e-11,0.0014793074901763973,1.1708678835290724e-06,0.9999906386145174
basis-projected,inertial,all-cells,row-column,250,250,168,132,8.687883548837072e-11,0.0014032196638257392,1.0535188368484556e-06,0.9999916921333544
basis-projected,inertial,all-cells,row-column,250,250,168,133,8.208218941589955e-11,0.0013257468472131708,9.403990617762832e-07,0.999992632532416
basis-projected,inertial,all-cells,row-column,250,250,168,134,7.709680017272502e-11,0.0012452255536377723,8.2963493221131e-07,0.9999934621673483
basis-projected,inertial,all-cells,row-column,250,250,168,135,7.494998405626953e-11,0.0012105513482079404,7.84074649606909e-07,0.9999942462419978
basis-projected,inertial,all-cells,row-column,250,250,168,136,7.374386124357051e-11,0.0011910707090136614,7.590424595491584e-07,0.9999950052844575
basis-projected,inertial,all-cells,row-column,250,250,168,137,6.728105269315623e-11,0.0010866869429271978,6.31829470443695e-07,0.999995637113928
basis-projected,inertial,all-cells,row-column,250,250,168,138,6.30856249784511e-11,0.0010189246779941953,5.55488590113809e-07,0.999996192602518
basis-projected,inertial,all-cells,row-column,250,250,168,139,5.993922636648655e-11,0.0009681057601562178,5.014603384934141e-07,0.9999966940628564
basis-projected,inertial,all-cells,row-column,250,250,168,140,5.7376717018705344e-11,0.0009267175039102513,4.595002091091138e-07,0.9999971535630655
basis-projected,inertial,all-cells,row-column,250,250,168,141,5.520820372697389e-11,0.0008916928575148428,4.254235791737182e-07,0.9999975789866445
basis-projected,inertial,all-cells,row-column,250,250,168,142,5.0228386874461936e-11,0.0008112615661604491,3.5213791168720775e-07,0.9999979311245563
basis-projected,inertial,all-cells,row-column,250,250,168,143,4.6881338608939885e-11,0.0007572018643291205,3.0677102000522353e-07,0.9999982378955763
basis-projected,inertial,all-cells,row-column,250,250,168,144,4.451334901542284e-11,0.000718955385279541,2.7656350044682997e-07,0.9999985144590766
basis-projected,inertial,all-cells,row-column,250,250,168,145,4.2810141015601805e-11,0.0006914460966996532,2.558041817601214e-07,0.9999987702632583
basis-projected,inertial,all-cells,row-column,250,250,168,146,4.105850722068992e-11,0.0006631546610349675,2.3529929940401126e-07,0.9999990055625577
basis-projected,inertial,all-cells,row-column,250,250,168,147,3.79239386521295e-11,0.0006125268156191199,2.0074336220692496e-07,0.9999992063059199
basis-projected,inertial,all-cells,row-column,250,250,168,148,3.459771900893538e-11,0.000558803526358893,1.6707414887117139e-07,0.9999993733800688
basis-projected,inertial,all-cells,row-column,250,250,168,149,3.0303453820340505e-11,0.0004894448923435318,1.2817360005648908e-07,0.9999995015536689
basis-projected,inertial,all-cells,row-column,250,250,168,150,2.5028495407725176e-11,0.00040424663515193265,8.743469681962156e-08,0.9999995889883657
basis-projected,inertial,all-cells,row-column,250,250,168,151,2.4607796267779235e-11,0.00039745173162441307,8.452005444148292e-08,0.9999996735084202
basis-projected,inertial,all-cells,row-column,250,250,168,152,2.284158983114452e-11,0.0003689249265823132,7.282273408733343e-08,0.9999997463311544
basis-projected,inertial,all-cells,row-column,250,250,168,153,2.1756790404487842e-11,0.00035140383668470174,6.606995012334113e-08,0.9999998124011045
basis-projected,inertial,all-cells,row-column,250,250,168,154,2.0551025358051558e-11,0.00033192897593637105,5.8949661183198367e-08,0.9999998713507656
basis-projected,inertial,all-cells,row-column,250,250,168,155,1.701409353242061e-11,0.00027480237819323307,4.0404706364073424e-08,0.999999911755472
basis-projected,inertial,all-cells,row-column,250,250,168,156,1.4556295835627716e-11,0.00023510536754088555,2.957440867321606e-08,0.9999999413298806
basis-projected,inertial,all-cells,row-column,250,250,168,157,1.2760770818962788e-11,0.0002061050247518467,2.2728362154408316e-08,0.9999999640582429
basis-projected,inertial,all-cells,row-column,250,250,168,158,9.770892722377222e-12,0.00015781414108625787,1.3325478507826178e-08,0.9999999773837214
basis-projected,inertial,all-cells,row-column,250,250,168,159,7.543438731886704e-12,0.00012183751660512304,7.942423815312988e-09,0.9999999853261453
basis-projected,inertial,all-cells,row-column,250,250,168,160,7.069597837176723e-12,0.00011418429637899756,6.975956138372589e-09,0.9999999923021015
basis-projected,inertial,all-cells,row-column,250,250,168,161,5.119342385611508e-12,8.268483182314527e-05,3.657991365377653e-09,0.9999999959600928
basis-projected,inertial,all-cells,row-column,250,250,168,162,3.3446220276746654e-12,5.402051455818633e-05,1.5613792893703106e-09,0.9999999975214722
basis-projected,inertial,all-cells,row-column,250,250,168,163,3.0929714542815078e-12,4.995599146676473e-05,1.3352609455110156e-09,0.9999999988567331
basis-projected,inertial,all-cells,row-column,250,250,168,164,1.8561204731584244e-12,2.9979047621029297e-05,4.808688501981712e-10,0.9999999993376019
basis-projected,inertial,all-cells,row-column,250,250,168,165,1.5310276308489901e-12,2.472832497571184e-05,3.271752027624464e-10,0.9999999996647769
basis-projected,inertial,all-cells,row-column,250,250,168,166,1.4242651099255804e-12,2.3003954847162075e-05,2.831365879700858e-10,0.9999999999479134
basis-projected,inertial,all-cells,row-column,250,250,168,167,5.402680669643014e-13,8.726115756960248e-06,4.074111596937104e-11,0.9999999999886546
basis-projected,inertial,all-cells,row-column,250,250,168,168,2.851119041423943e-13,4.604972293130695e-06,1.1346058650496868e-11,1.0000000000000007
basis-projected,inertial,all-cells,row-column,500,500,168,1,6.079363144459333e-08,1.0,0.5760015789085036,0.5760015789085036
basis-projected,inertial,all-cells,row-column,500,500,168,2,2.9617482190494902e-08,0.48718067150648764,0.1367110985992084,0.712712677507712
basis-projected,inertial,all-cells,row-column,500,500,168,3,2.0473350380672194e-08,0.3367680116186411,0.06532589061042059,0.7780385681181325
basis-projected,inertial,all-cells,row-column,500,500,168,4,1.7343602403252327e-08,0.28528650108785,0.0468798398217154,0.8249184079398479
basis-projected,inertial,all-cells,row-column,500,500,168,5,1.4968651766174022e-08,0.24622072099470307,0.034919890346324284,0.8598382982861722
basis-projected,inertial,all-cells,row-column,500,500,168,6,1.2519831720771175e-08,0.20593985625256844,0.02442893221400009,0.8842672305001723
basis-projected,inertial,all-cells,row-column,500,500,168,7,1.1068577035313987e-08,0.18206803529086382,0.01909374355628694,0.9033609740564592
basis-projected,inertial,all-cells,row-column,500,500,168,8,9.386264233807085e-09,0.15439551826019188,0.013730711847871058,0.9170916859043303
basis-projected,inertial,all-cells,row-column,500,500,168,9,8.707170897426447e-09,0.14322504990283513,0.011815759382534954,0.9289074452868653
basis-projected,inertial,all-cells,row-column,500,500,168,10,8.316150144200558e-09,0.13679311379481926,0.010778346590547027,0.9396857918774123
basis-projected,inertial,all-cells,row-column,500,500,168,11,6.8221126017736615e-09,0.11221755370858644,0.007253460794401958,0.9469392526718142
basis-projected,inertial,all-cells,row-column,500,500,168,12,6.042730383492515e-09,0.09939742436672491,0.005690808030521524,0.9526300607023358
basis-projected,inertial,all-cells,row-column,500,500,168,13,5.809481356053708e-09,0.09556068979607522,0.005259957388506198,0.957890018090842
basis-projected,inertial,all-cells,row-column,500,500,168,14,5.374214613444028e-09,0.08840094736472569,0.004501295375848753,0.9623913134666907
basis-projected,inertial,all-cells,row-column,500,500,168,15,5.146828560428965e-09,0.08466065339623163,0.004128448827192904,0.9665197622938836
basis-projected,inertial,all-cells,row-column,500,500,168,16,4.605837990252998e-09,0.0757618500623821,0.003306167227438411,0.9698259295213221
basis-projected,inertial,all-cells,row-column,500,500,168,17,4.14783401732441e-09,0.06822810085139759,0.002681329827509687,0.9725072593488316
basis-projected,inertial,all-cells,row-column,500,500,168,18,4.052043672746006e-09,0.06665243671845784,0.0025589142709883665,0.97506617361982
basis-projected,inertial,all-cells,row-column,500,500,168,19,3.83351460480615e-09,0.06305783210696952,0.0022903494276561103,0.9773565230474761
basis-projected,inertial,all-cells,row-column,500,500,168,20,3.682847173399035e-09,0.060579489757172054,0.0021138535520380253,0.9794703765995141
basis-projected,inertial,all-cells,row-column,500,500,168,21,3.4581771183948334e-09,0.05688387148819329,0.00186381141423193,0.981334188013746
basis-projected,inertial,all-cells,row-column,500,500,168,22,3.3638757558140516e-09,0.05533269975622121,0.0017635484476480464,0.983097736461394
basis-projected,inertial,all-cells,row-column,500,500,168,23,3.189595797668281e-09,0.05246595279598069,0.0015855458390309468,0.9846832823004249
basis-projected,inertial,all-cells,row-column,500,500,168,24,3.0253591252440746e-09,0.0497644087605024,0.0014264658246278365,0.9861097481250527
basis-projected,inertial,all-cells,row-column,500,500,168,25,2.670220760266502e-09,0.04392270533633301,0.0011112245754165762,0.9872209727004692
basis-projected,inertial,all-cells,row-column,500,500,168,26,2.6382949636947397e-09,0.043397554990595576,0.0010848112944310017,0.9883057839949002
basis-projected,inertial,all-cells,row-column,500,500,168,27,2.534879394676062e-09,0.04169646284391358,0.0010014334729701183,0.9893072174678703
basis-projected,inertial,all-cells,row-column,500,500,168,28,2.499968367611268e-09,0.041122208168954545,0.000974039408693047,0.9902812568765633
basis-projected,inertial,all-cells,row-column,500,500,168,29,2.3800353864929973e-09,0.03914941960100107,0.0008828244036916978,0.991164081280255
basis-projected,inertial,all-cells,row-column,500,500,168,30,2.3048121387962893e-09,0.03791206552444347,0.0008279013037061152,0.991991982583961
basis-projected,inertial,all-cells,row-column,500,500,168,31,2.0651339714813332e-09,0.0339695774443656,0.0006646667644006316,0.9926566493483617
basis-projected,inertial,all-cells,row-column,500,500,168,32,1.9258051507694807e-09,0.03167774493821181,0.0005780057904397069,0.9932346551388014
basis-projected,inertial,all-cells,row-column,500,500,168,33,1.847781586629083e-09,0.03039432820053086,0.0005321190061943276,0.9937667741449957
basis-projected,inertial,all-cells,row-column,500,500,168,34,1.7821850304211627e-09,0.029315324452125008,0.0004950089875898268,0.9942617831325855
basis-projected,inertial,all-cells,row-column,500,500,168,35,1.7616911894089431e-09,0.028978219388235256,0.00048368995244191585,0.9947454730850274
basis-projected,inertial,all-cells,row-column,500,500,168,36,1.663680500731791e-09,0.027366032612281956,0.00043136743322358157,0.9951768405182511
basis-projected,inertial,all-cells,row-column,500,500,168,37,1.5182814576531547e-09,0.02497435046361559,0.0003592626570957298,0.9955361031753467
basis-projected,inertial,all-cells,row-column,500,500,168,38,1.4807254528053e-09,0.02435658830735942,0.00034170913160617734,0.9958778123069529
basis-projected,inertial,all-cells,row-column,500,500,168,39,1.3922434690181537e-09,0.022901140069038803,0.0003020910647598125,0.9961799033717127
basis-projected,inertial,all-cells,row-column,500,500,168,40,1.3354417484592378e-09,0.0219668033760468,0.0002779440614108758,0.9964578474331236
basis-projected,inertial,all-cells,row-column,500,500,168,41,1.2606077548189704e-09,0.02073585217504032,0.0002476666045769483,0.9967055140377006
basis-projected,inertial,all-cells,row-column,500,500,168,42,1.2108422703452072e-09,0.019917255172505297,0.00022849812922580418,0.9969340121669263
basis-projected,inertial,all-cells,row-column,500,500,168,43,1.187541070290962e-09,0.019533971603148504,0.00021978840531100931,0.9971538005722373
basis-projected,inertial,all-cells,row-column,500,500,168,44,1.144102423858115e-09,0.018819445337803806,0.00020400335635023837,0.9973578039285876
basis-projected,inertial,all-cells,row-column,500,500,168,45,1.0674064752474129e-09,0.01755786666931117,0.000177569007562762,0.9975353729361504
basis-projected,inertial,all-cells,row-column,500,500,168,46,1.0254710821024557e-09,0.016868067554692126,0.000163890710194608,0.997699263646345
basis-projected,inertial,all-cells,row-column,500,500,168,47,1.0144644135117242e-09,0.016687017857064456,0.00016039142107554343,0.9978596550674205
basis-projected,inertial,all-cells,row-column,500,500,168,48,9.553260841946554e-10,0.01571424607305009,0.00014223640696692268,0.9980018914743873
basis-projected,inertial,all-cells,row-column,500,500,168,49,9.083164394967285e-10,0.014940980130863845,0.0001285824955323241,0.9981304739699197
basis-projected,inertial,all-cells,row-column,500,500,168,50,8.253497643568494e-10,0.01357625370856591,0.00010616553791737693,0.998236639507837
basis-projected,inertial,all-cells,row-column,500,500,168,51,7.786305346203015e-10,0.012807764828622501,9.448663078777182e-05,0.9983311261386247
basis-projected,inertial,all-cells,row-column,500,500,168,52,7.661336474224945e-10,0.012602202388925237,9.147798166477682e-05,0.9984226041202895
basis-projected,inertial,all-cells,row-column,500,500,168,53,7.334943972976341e-10,0.012065316380485233,8.384962083670089e-05,0.9985064537411262
basis-projected,inertial,all-cells,row-column,500,500,168,54,7.159809776973522e-10,0.011777236540802627,7.989332010971826e-05,0.9985863470612358
basis-projected,inertial,all-cells,row-column,500,500,168,55,7.043443432616948e-10,0.011585824477414658,7.731745734014785e-05,0.998663664518576
basis-projected,inertial,all-cells,row-column,500,500,168,56,6.893054213213209e-10,0.011338447875902042,7.405099352020854e-05,0.9987377155120963
basis-projected,inertial,all-cells,row-column,500,500,168,57,6.507764363379726e-10,0.010704681080469479,6.600413441934379e-05,0.9988037196465157
basis-projected,inertial,all-cells,row-column,500,500,168,58,6.300260284251759e-10,0.010363355724182637,6.186207528820502e-05,0.998865581721804
basis-projected,inertial,all-cells,row-column,500,500,168,59,5.941999251444196e-10,0.009774048876911837,5.502660095053547e-05,0.9989206083227545
basis-projected,inertial,all-cells,row-column,500,500,168,60,5.792647737473376e-10,0.00952837920655017,5.229518928411827e-05,0.9989729035120386
basis-projected,inertial,all-cells,row-column,500,500,168,61,5.496672020273726e-10,0.009041526044193188,4.708766436220279e-05,0.9990199911764007
basis-projected,inertial,all-cells,row-column,500,500,168,62,5.342010659962384e-10,0.008787122159055485,4.4475107035859183e-05,0.9990644662834366
basis-projected,inertial,all-cells,row-column,500,500,168,63,5.234080564806771e-10,0.008609586959083133,4.269610989763753e-05,0.9991071623933343
basis-projected,inertial,all-cells,row-column,500,500,168,64,4.962671107934637e-10,0.008163143062867634,3.8382962300525566e-05,0.9991455453556348
basis-projected,inertial,all-cells,row-column,500,500,168,65,4.901637581803778e-10,0.008062748457905625,3.744466035413085e-05,0.999182990015989
basis-projected,inertial,all-cells,row-column,500,500,168,66,4.853585573770833e-10,0.00798370727071032,3.671409974677797e-05,0.9992197041157358
basis-projected,inertial,all-cells,row-column,500,500,168,67,4.740093187575802e-10,0.0077970226073694445,3.501718743441349e-05,0.9992547213031702
basis-projected,inertial,all-cells,row-column,500,500,168,68,4.652624120623801e-10,0.007653143939697291,3.3736765082791416e-05,0.999288458068253
basis-projected,inertial,all-cells,row-column,500,500,168,69,4.550105932772563e-10,0.007484510835513224,3.2266400256565494e-05,0.9993207244685095
basis-projected,inertial,all-cells,row-column,500,500,168,70,4.442751683680815e-10,0.0073079228499943975,3.076178847849817e-05,0.999351486256988
basis-projected,inertial,all-cells,row-column,500,500,168,71,4.2349324365757854e-10,0.0069660790710215385,2.7951201009786016e-05,0.9993794374579977
basis-projected,inertial,all-cells,row-column,500,500,168,72,4.1288162472829736e-10,0.006791527581381501,2.6567984634784407e-05,0.9994060054426326
basis-projected,inertial,all-cells,row-column,500,500,168,73,4.0556335287234526e-10,0.006671148658753366,2.563450353815801e-05,0.9994316399461708
basis-projected,inertial,all-cells,row-column,500,500,168,74,3.971738681826965e-10,0.006533149258317897,2.4584921988355475e-05,0.9994562248681591
basis-projected,inertial,all-cells,row-column,500,500,168,75,3.879572122714137e-10,0.006381543642856633,2.345714547666057e-05,0.9994796820136358
basis-projected,inertial,all-cells,row-column,500,500,168,76,3.8405319416885636e-10,0.006317326092271332,2.2987421770751142e-05,0.9995026694354064
basis-projected,inertial,all-cells,row-column,500,500,168,77,3.790403166936619e-10,0.006234868812518877,2.2391248704809052e-05,0.9995250606841112
basis-projected,inertial,all-cells,row-column,500,500,168,78,3.761217741124672e-10,0.006186861438854176,2.204775900730509e-05,0.9995471084431186
basis-projected,inertial,all-cells,row-column,500,500,168,79,3.4532403297759643e-10,0.0056802665800992835,1.8584937714651168e-05,0.9995656933808332
basis-projected,inertial,all-cells,row-column,500,500,168,80,3.41414481153707e-10,0.005615958004826024,1.816650476086496e-05,0.9995838598855941
basis-projected,inertial,all-cells,row-column,500,500,168,81,3.330709281761994e-10,0.005478714139321594,1.728944115835669e-05,0.9996011493267525
basis-projected,inertial,all-cells,row-column,500,500,168,82,3.271680688130194e-10,0.005381617466151811,1.668204630198902e-05,0.9996178313730545
basis-projected,inertial,all-cells,row-column,500,500,168,83,3.2447312374501655e-10,0.00533728806841779,1.6408351878762676e-05,0.9996342397249333
basis-projected,inertial,all-cells,row-column,500,500,168,84,3.144355314105683e-10,0.005172178794700584,1.5408867925051638e-05,0.9996496485928582
basis-projected,inertial,all-cells,row-column,500,500,168,85,3.1256504322431794e-10,0.005141410963567563,1.5226087194100469e-05,0.9996648746800524
basis-projected,inertial,all-cells,row-column,500,500,168,86,3.0419399439567665e-10,0.005003714816294792,1.4421444821965355e-05,0.9996792961248743
basis-projected,inertial,all-cells,row-column,500,500,168,87,3.0108911387219127e-10,0.004952642352786586,1.4128550502698261e-05,0.999693424675377
basis-projected,inertial,all-cells,row-column,500,500,168,88,2.953898144415809e-10,0.004858894055552448,1.3598735707432063e-05,0.9997070234110844
basis-projected,inertial,all-cells,row-column,500,500,168,89,2.9047711486427924e-10,0.0047780846111984115,1.3150169356447407e-05,0.9997201735804409
basis-projected,inertial,all-cells,row-column,500,500,168,90,2.797108723116845e-10,0.004600989703446323,1.2193438624784063e-05,0.9997323670190656
basis-projected,inertial,all-cells,row-column,500,500,168,91,2.790644213742011e-10,0.0045903561728918504,1.213714227111259e-05,0.9997445041613368
basis-projected,inertial,all-cells,row-column,500,500,168,92,2.6821273995765994e-10,0.004411855873457834,1.1211566747563437e-05,0.9997557157280843
basis-projected,inertial,all-cells,row-column,500,500,168,93,2.63915381923133e-10,0.004341168238381395,1.0855176959886284e-05,0.9997665709050443
basis-projected,inertial,all-cells,row-column,500,500,168,94,2.585167001609268e-10,0.004252364828650451,1.0415609973084772e-05,0.9997769865150173
basis-projected,inertial,all-cells,row-column,500,500,168,95,2.570367651758942e-10,0.0042280212428197315,1.0296698475554074e-05,0.999787283213493
basis-projected,inertial,all-cells,row-column,500,500,168,96,2.5178080391906343e-10,0.004141565455725963,9.87990419058989e-06,0.9997971631176835
basis-projected,inertial,all-cells,row-column,500,500,168,97,2.4468025523981e-10,0.0040247678815306335,9.330509320469923e-06,0.999806493627004
basis-projected,inertial,all-cells,row-column,500,500,168,98,2.440173800844124e-10,0.004013864187514563,9.280022330269496e-06,0.9998157736493343
basis-projected,inertial,all-cells,row-column,500,500,168,99,2.371133680079137e-10,0.003900299461860841,8.762329492789074e-06,0.999824535978827
basis-projected,inertial,all-cells,row-column,500,500,168,100,2.333160772609488e-10,0.003837837479302262,8.483925249839244e-06,0.9998330199040769
basis-projected,inertial,all-cells,row-column,500,500,168,101,2.2815555458587367e-10,0.0037529515701626116,8.112778039446475e-06,0.9998411326821164
basis-projected,inertial,all-cells,row-column,500,500,168,102,2.221330971749314e-10,0.0036538876177742586,7.690136440475862e-06,0.9998488228185568
basis-projected,inertial,all-cells,row-column,500,500,168,103,2.2122343186906755e-10,0.0036389244500172396,7.627281091634639e-06,0.9998564500996485
basis-projected,inertial,all-cells,row-column,500,500,168,104,2.1671421163666164e-10,0.003564751874284277,7.3195146768330606e-06,0.9998637696143252
basis-projected,inertial,all-cells,row-column,500,500,168,105,2.1193478817390651e-10,0.0034861347009194806,7.0002250367904944e-06,0.9998707698393621
basis-projected,inertial,all-cells,row-column,500,500,168,106,2.1092067760099816e-10,0.003469453503418841,6.933392990225484e-06,0.9998777032323523
basis-projected,inertial,all-cells,row-column,500,500,168,107,2.0596317305638455e-10,0.003387907058062442,6.61129672140031e-06,0.9998843145290737
basis-projected,inertial,all-cells,row-column,500,500,168,108,1.98578632608261e-10,0.0032664380773049138,6.145716648961773e-06,0.9998904602457226
basis-projected,inertial,all-cells,row-column,500,500,168,109,1.942076781374889e-10,0.00319453984772217,5.878144979977668e-06,0.9998963383907026
basis-projected,inertial,all-cells,row-column,500,500,168,110,1.8847361170419322e-10,0.0031002196648832543,5.536159670485758e-06,0.999901874550373
basis-projected,inertial,all-cells,row-column,500,500,168,111,1.863364028120176e-10,0.0030650645204809424,5.411316249719795e-06,0.9999072858666228
basis-projected,inertial,all-cells,row-column,500,500,168,112,1.8362620565194472e-10,0.003020484239690463,5.255049629213332e-06,0.999912540916252
basis-projected,inertial,all-cells,row-column,500,500,168,113,1.8087634957765758e-10,0.0029752516057953596,5.098836316536698e-06,0.9999176397525685
basis-projected,inertial,all-cells,row-column,500,500,168,114,1.7789723217105085e-10,0.0029262478312910866,4.9322591092754754e-06,0.9999225720116778
basis-projected,inertial,all-cells,row-column,500,500,168,115,1.7541172337818662e-10,0.002885363469988711,4.79539882079475e-06,0.9999273674104986
basis-projected,inertial,all-cells,row-column,500,500,168,116,1.705747395762253e-10,0.0028057994813434576,4.5345786101702925e-06,0.9999319019891088
basis-projected,inertial,all-cells,row-column,500,500,168,117,1.6285866525495024e-10,0.002678877069605192,4.133607566787669e-06,0.9999360355966755
basis-projected,inertial,all-cells,row-column,500,500,168,118,1.5826764233781155e-10,0.0026033589140345235,3.9038378189400875e-06,0.9999399394344946
basis-projected,inertial,all-cells,row-column,500,500,168,119,1.575567345517393e-10,0.0025916651268864375,3.868846007932675e-06,0.9999438082805024
basis-projected,inertial,all-cells,row-column,500,500,168,120,1.520836280898271e-10,0.0025016374984678205,3.604727421184115e-06,0.9999474130079236
basis-projected,inertial,all-cells,row-column,500,500,168,121,1.4839295091702233e-10,0.0024409292123347835,3.43189540905716e-06,0.9999508449033327
basis-projected,inertial,all-cells,row-column,500,500,168,122,1.4641695816604013e-10,0.0024084259269736663,3.341106055217286e-06,0.9999541860093879
basis-projected,inertial,all-cells,row-column,500,500,168,123,1.4381449124533454e-10,0.0023656177107367823,3.223389596134812e-06,0.999957409398984
basis-projected,inertial,all-cells,row-column,500,500,168,124,1.4133577976509556e-10,0.0023248451590510344,3.113233821662793e-06,0.9999605226328057
basis-projected,inertial,all-cells,row-column,500,500,168,125,1.3643797465662536e-10,0.0022442807151761197,2.9012024074625094e-06,0.9999634238352131
basis-projected,inertial,all-cells,row-column,500,500,168,126,1.338510407838728e-10,0.002201728003464692,2.7922288258412502e-06,0.9999662160640389
basis-projected,inertial,all-cells,row-column,500,500,168,127,1.3088688796351375e-10,0.0021529703828073285,2.6699294449707566e-06,0.999968885993484
basis-projected,inertial,all-cells,row-column,500,500,168,128,1.2912518949164488e-10,0.002123992043629244,2.598540231003157e-06,0.9999714845337149
basis-projected,inertial,all-cells,row-column,500,500,168,129,1.231848886046014e-10,0.002026279491411379,2.3649522232291464e-06,0.9999738494859381
basis-projected,inertial,all-cells,row-column,500,500,168,130,1.2197788785308628e-10,0.002006425425733214,2.3188343179603753e-06,0.999976168320256
basis-projected,inertial,all-cells,row-column,500,500,168,131,1.1789387589951437e-10,0.0019392471398416392,2.1661573121339653e-06,0.9999783344775681
basis-projected,inertial,all-cells,row-column,500,500,168,132,1.1199958652273095e-10,0.0018422914351613653,1.9549710925467366e-06,0.9999802894486607
basis-projected,inertial,all-cells,row-column,500,500,168,133,1.061043396270051e-10,0.0017453199801644925,1.7545825054802013e-06,0.9999820440311662
basis-projected,inertial,all-cells,row-column,500,500,168,134,1.0424849088352766e-10,0.0017147929545636474,1.6937412119681115e-06,0.9999837377723781
basis-projected,inertial,all-cells,row-column,500,500,168,135,9.798635216506963e-11,0.0016117864624417666,1.4963689276703724e-06,0.9999852341413058
basis-projected,inertial,all-cells,row-column,500,500,168,136,9.73732799475291e-11,0.0016017019815023565,1.477702811437596e-06,0.9999867118441172
basis-projected,inertial,all-cells,row-column,500,500,168,137,9.2856967778921e-11,0.001527412749862621,1.3438057556403963e-06,0.9999880556498728
basis-projected,inertial,all-cells,row-column,500,500,168,138,9.011284645027256e-11,0.001482274447322668,1.2655546904981167e-06,0.9999893212045633
basis-projected,inertial,all-cells,row-column,500,500,168,139,8.839412493042537e-11,0.0014540030399563617,1.2177392459662367e-06,0.9999905389438092
basis-projected,inertial,all-cells,row-column,500,500,168,140,8.510578873420882e-11,0.0013999128973200643,1.1288226194434439e-06,0.9999916677664287
basis-projected,inertial,all-cells,row-column,500,500,168,141,8.299022331629185e-11,0.0013651137684039859,1.073399448347418e-06,0.9999927411658771
basis-projected,inertial,all-cells,row-column,500,500,168,142,8.104717479791255e-11,0.0013331523857359644,1.023724889536489e-06,0.9999937648907665
basis-projected,inertial,all-cells,row-column,500,500,168,143,7.316709912148927e-11,0.0012035323007176003,8.343325263826426e-07,0.9999945992232929
basis-projected,inertial,all-cells,row-column,500,500,168,144,7.137088710431e-11,0.001173986245078264,7.938705494132897e-07,0.9999953930938423
basis-projected,inertial,all-cells,row-column,500,500,168,145,6.978169798721273e-11,0.0011478455280436904,7.589105094898241e-07,0.9999961520043518
basis-projected,inertial,all-cells,row-column,500,500,168,146,6.310710112991756e-11,0.001038054474298557,6.206745861321371e-07,0.9999967726789378
basis-projected,inertial,all-cells,row-column,500,500,168,147,6.143881050794401e-11,0.0010106126093806173,5.882922120327322e-07,0.9999973609711499
basis-projected,inertial,all-cells,row-column,500,500,168,148,5.5014605031728226e-11,0.0009049402663479307,4.716974191337641e-07,0.9999978326685691
basis-projected,inertial,all-cells,row-column,500,500,168,149,5.2763829220609917e-11,0.0008679170493162315,4.3389047194863004e-07,0.999998266559041
basis-projected,inertial,all-cells,row-column,500,500,168,150,4.377558970291552e-11,0.0007200686759897231,2.9865618399187693e-07,0.999998565215225
basis-projected,inertial,all-cells,row-column,500,500,168,151,4.278787676325366e-11,0.000703821695571025,2.8533101013010626e-07,0.9999988505462352
basis-projected,inertial,all-cells,row-column,500,500,168,152,3.8279604453948196e-11,0.0006296647123117793,2.283717523620022e-07,0.9999990789179876
basis-projected,inertial,all-cells,row-column,500,500,168,153,3.773733185347779e-11,0.0006207448207444425,2.2194730870063426e-07,0.9999993008652962
basis-projected,inertial,all-cells,row-column,500,500,168,154,3.281100087461306e-11,0.0005397111522202232,1.6778242154788945e-07,0.9999994686477178
basis-projected,inertial,all-cells,row-column,500,500,168,155,3.057013963720695e-11,0.0005028510209176804,1.4564726920252214e-07,0.9999996142949871
basis-projected,inertial,all-cells,row-column,500,500,168,156,2.891559221303433e-11,0.00047563521911645786,1.303081815131149e-07,0.9999997446031686
basis-projected,inertial,all-cells,row-column,500,500,168,157,2.0712095122025296e-11,0.0003406951456897599,6.685833627175701e-08,0.9999998114615049
basis-projected,inertial,all-cells,row-column,500,500,168,158,1.8378969637538214e-11,0.00030231735135428803,5.264411412118199e-08,0.999999864105619
basis-projected,inertial,all-cells,row-column,500,500,168,159,1.774535547824315e-11,0.00029189497413748146,4.907687586102083e-08,0.9999999131824949
basis-projected,inertial,all-cells,row-column,500,500,168,160,1.5105354889029676e-11,0.0002484693631568388,3.556062354739033e-08,0.9999999487431184
basis-projected,inertial,all-cells,row-column,500,500,168,161,1.0707320234767577e-11,0.00017612568916081472,1.786771780639598e-08,0.9999999666108361
basis-projected,inertial,all-cells,row-column,500,500,168,162,8.804204288567204e-12,0.00014482116102229,1.208057827430455e-08,0.9999999786914144
basis-projected,inertial,all-cells,row-column,500,500,168,163,8.028956943643118e-12,0.00013206904659019463,1.004675378642208e-08,0.9999999887381682
basis-projected,inertial,all-cells,row-column,500,500,168,164,6.040801275146119e-12,9.936569228721994e-05,5.68717509235938e-09,0.9999999944253433
basis-projected,inertial,all-cells,row-column,500,500,168,165,4.198648181686363e-12,6.906394768525987e-05,2.7474289601698154e-09,0.9999999971727722
basis-projected,inertial,all-cells,row-column,500,500,168,166,3.306342550773772e-12,5.438633080813962e-05,1.7037395059836994e-09,0.9999999988765117
basis-projected,inertial,all-cells,row-column,500,500,168,167,2.108229727709337e-12,3.467846347739162e-05,6.926970963807851e-10,0.9999999995692088
basis-projected,inertial,all-cells,row-column,500,500,168,168,1.662566988668777e-12,2.734771635058555e-05,4.3079019246690466e-10,0.999999999999999
basis-projected,inertial,all-cells,lat-lon-metres,50,50,168,1,1.074690420956411e-07,1.0,0.5363581623324023,0.5363581623324023
basis-projected,inertial,all-cells,lat-lon-metres,50,50,168,2,5.7310610972244664e-08,0.5332755354908775,0.1525310342654322,0.6888891965978344
basis-projected,inertial,all-cells,lat-lon-metres,50,50,168,3,4.736824349044376e-08,0.44076175395970146,0.10419879565911654,0.7930879922569509
basis-projected,inertial,all-cells,lat-lon-metres,50,50,168,4,3.581071786655063e-08,0.3332189174504897,0.05955444646328611,0.852642438720237
basis-projected,inertial,all-cells,lat-lon-metres,50,50,168,5,3.1186649949541805e-08,0.2901919412456243,0.045167451779554765,0.8978098904997919
basis-projected,inertial,all-cells,lat-lon-metres,50,50,168,6,2.0780689515161987e-08,0.19336442486077432,0.020054324847994798,0.9178642153477867
basis-projected,inertial,all-cells,lat-lon-metres,50,50,168,7,1.9200608682557984e-08,0.1786617644313846,0.01712056652436574,0.9349847818721525
basis-projected,inertial,all-cells,lat-lon-metres,50,50,168,8,1.570036719042235e-08,0.1460919990005117,0.011447423697050792,0.9464322055692032
basis-projected,inertial,all-cells,lat-lon-metres,50,50,168,9,1.4816905258393441e-08,0.13787138109230815,0.010195373635268696,0.956627579204472
basis-projected,inertial,all-cells,lat-lon-metres,50,50,168,10,1.2123620599311731e-08,0.11281035322267435,0.006825788262509382,0.9634533674669813
basis-projected,inertial,all-cells,lat-lon-metres,50,50,168,11,1.1519395288296965e-08,0.10718803353662894,0.006162366175293437,0.9696157336422746
basis-projected,inertial,all-cells,lat-lon-metres,50,50,168,12,1.0615581742767193e-08,0.09877804375812667,0.005233301260158023,0.9748490349024326
basis-projected,inertial,all-cells,lat-lon-metres,50,50,168,13,1.012178788571729e-08,0.09418328933005188,0.0047577607822194955,0.979606795684652
basis-projected,inertial,all-cells,lat-lon-metres,50,50,168,14,8.841036166175312e-09,0.08226588786664081,0.003629898427007757,0.9832366941116598
basis-projected,inertial,all-cells,lat-lon-metres,50,50,168,15,8.36318086880932e-09,0.07781944181996694,0.0032481129044129834,0.9864848070160728
basis-projected,inertial,all-cells,lat-lon-metres,50,50,168,16,7.535301970154155e-09,0.0701160243286451,0.002636874499089569,0.9891216815151623
basis-projected,inertial,all-cells,lat-lon-metres,50,50,168,17,6.785962021114193e-09,0.0631434121751554,0.002138508534234539,0.9912601900493969
basis-projected,inertial,all-cells,lat-lon-metres,50,50,168,18,6.374858112220995e-09,0.05931808814809895,0.0018872489144352213,0.9931474389638322
basis-projected,inertial,all-cells,lat-lon-metres,50,50,168,19,5.689159765531175e-09,0.05293766143805542,0.001503087967899325,0.9946505269317315
basis-projected,inertial,all-cells,lat-lon-metres,50,50,168,20,4.992203004022622e-09,0.0464524751191125,0.0011573710446561105,0.9958078979763876
basis-projected,inertial,all-cells,lat-lon-metres,50,50,168,21,4.478463876646384e-09,0.041672129846107825,0.0009314215662425392,0.9967393195426302
basis-projected,inertial,all-cells,lat-lon-metres,50,50,168,22,3.933305240327146e-09,0.036599425877702874,0.0007184613992555915,0.9974577809418859
basis-projected,inertial,all-cells,lat-lon-metres,50,50,168,23,3.6766984763871362e-09,0.03421169859423416,0.0006277752195318604,0.9980855561614177
basis-projected,inertial,all-cells,lat-lon-metres,50,50,168,24,3.2060277732770465e-09,0.029832105234769573,0.00047733436164819706,0.9985628905230659
basis-projected,inertial,all-cells,lat-lon-metres,50,50,168,25,2.904370351700892e-09,0.027025181345863063,0.0003917347763463054,0.9989546252994123
basis-projected,inertial,all-cells,lat-lon-metres,50,50,168,26,2.3930983980870413e-09,0.02226779313764912,0.00026595566805861484,0.9992205809674709
basis-projected,inertial,all-cells,lat-lon-metres,50,50,168,27,2.1990634076783126e-09,0.020462296534859557,0.0002245761551684982,0.9994451571226394
basis-projected,inertial,all-cells,lat-lon-metres,50,50,168,28,2.0358373154170752e-09,0.018943476890817545,0.00019247497821536384,0.9996376321008547
basis-projected,inertial,all-cells,lat-lon-metres,50,50,168,29,1.4955791587214765e-09,0.013916371910996464,0.0001038740218944678,0.9997415061227493
basis-projected,inertial,all-cells,lat-lon-metres,50,50,168,30,1.2737664427841196e-09,0.011852403426565789,7.534730875808306e-05,0.9998168534315073
basis-projected,inertial,all-cells,lat-lon-metres,50,50,168,31,1.1856813168556787e-09,0.011032770868102578,6.528660595029044e-05,0.9998821400374576
basis-projected,inertial,all-cells,lat-lon-metres,50,50,168,32,1.0051296268480697e-09,0.009352736446218285,4.69172217382831e-05,0.9999290572591959
basis-projected,inertial,all-cells,lat-lon-metres,50,50,168,33,7.921523071133462e-10,0.007370981369763931,2.914107181432187e-05,0.9999581983310103
basis-projected,inertial,all-cells,lat-lon-metres,50,50,168,34,6.431028295957595e-10,0.005984075200218459,1.920653310783709e-05,0.9999774048641181
basis-projected,inertial,all-cells,lat-lon-metres,50,50,168,35,5.532697372635981e-10,0.005148177805206645,1.4215494446158501e-05,0.9999916203585643
basis-projected,inertial,all-cells,lat-lon-metres,50,50,168,36,2.7414567227026003e-10,0.002550926917412054,3.4902049259632395e-06,0.9999951105634902
basis-projected,inertial,all-cells,lat-lon-metres,50,50,168,37,2.430643850350761e-10,0.0022617153767757895,2.743663182807217e-06,0.9999978542266731
basis-projected,inertial,all-cells,lat-lon-metres,50,50,168,38,1.9440730513912438e-10,0.0018089609933073876,1.755146202047054e-06,0.9999996093728751
basis-projected,inertial,all-cells,lat-lon-metres,50,50,168,39,7.003124388577304e-11,0.0006516410914265838,2.277570447114062e-07,0.9999998371299198
basis-projected,inertial,all-cells,lat-lon-metres,50,50,168,40,4.468001879628734e-11,0.00041574780909021936,9.270749206187692e-08,0.9999999298374118
basis-projected,inertial,all-cells,lat-lon-metres,50,50,168,41,2.980742412158453e-11,0.00027735823768725585,4.126074188473892e-08,0.9999999710981536
basis-projected,inertial,all-cells,lat-lon-metres,50,50,168,42,1.934893820756029e-11,0.00018004197143900173,1.7386109625020913e-08,0.9999999884842633
basis-projected,inertial,all-cells,lat-lon-metres,50,50,168,43,1.1470928083206178e-11,0.00010673704593921782,6.110619649782703e-09,0.999999994594883
basis-projected,inertial,all-cells,lat-lon-metres,50,50,168,44,8.73700357806817e-12,8.1297864089016e-05,3.5449749077127846e-09,0.999999998139858
basis-projected,inertial,all-cells,lat-lon-metres,50,50,168,45,4.805314562685458e-12,4.471347719289255e-05,1.0723382150517634e-09,0.9999999992121962
basis-projected,inertial,all-cells,lat-lon-metres,50,50,168,46,3.1040043298799058e-12,2.888277655920228e-05,4.4743790734004213e-10,0.9999999996596342
basis-projected,inertial,all-cells,lat-lon-metres,50,50,168,47,2.1493178598153812e-12,1.999941395125319e-05,2.145306918360198e-10,0.9999999998741648
basis-projected,inertial,all-cells,lat-lon-metres,50,50,168,48,1.3369018965481422e-12,1.2439879154765132e-05,8.300174388791326e-11,0.9999999999571665
basis-projected,inertial,all-cells,lat-lon-metres,50,50,168,49,9.570398233789908e-13,8.905260572875321e-06,4.253516849268926e-11,0.9999999999997017
basis-projected,inertial,all-cells,lat-lon-metres,50,50,168,50,8.009119475173923e-14,7.452489869637323e-07,2.978912061233672e-13,0.9999999999999996
basis-projected,inertial,all-cells,lat-lon-metres,50,50,168,51,1.1066371933876962e-15,1.0297264884922436e-08,5.687202122754847e-17,0.9999999999999996
basis-projected,inertial,all-cells,lat-lon-metres,50,50,168,52,1.001144599816441e-15,9.315655748801423e-09,4.654593477186163e-17,0.9999999999999996
basis-projected,inertial,all-cells,lat-lon-metres,50,50,168,53,9.487664139816668e-16,8.828276455068064e-09,4.18029319520386e-17,0.9999999999999996
basis-projected,inertial,all-cells,lat-lon-metres,50,50,168,54,9.08102619830678e-16,8.449899637353427e-09,3.829640395885477e-17,0.9999999999999996
basis-projected,inertial,all-cells,lat-lon-metres,50,50,168,55,8.88838664947428e-16,8.270648436192575e-09,3.6688842899604336e-17,0.9999999999999996
basis-projected,inertial,all-cells,lat-lon-metres,50,50,168,56,8.604547794191267e-16,8.006536232577312e-09,3.438303749084744e-17,0.9999999999999996
basis-projected,inertial,all-cells,lat-lon-metres,50,50,168,57,7.877226790769514e-16,7.329763657667338e-09,2.8816075735820064e-17,0.9999999999999996
basis-projected,inertial,all-cells,lat-lon-metres,50,50,168,58,7.772193758307867e-16,7.232030365908607e-09,2.8052745782977796e-17,0.9999999999999996
basis-projected,inertial,all-cells,lat-lon-metres,50,50,168,59,7.413102021469739e-16,6.8978953165624344e-09,2.552043615940341e-17,0.9999999999999996
basis-projected,inertial,all-cells,lat-lon-metres,50,50,168,60,7.201721155442469e-16,6.701205309928568e-09,2.4085781489073266e-17,0.9999999999999996
basis-projected,inertial,all-cells,lat-lon-metres,50,50,168,61,7.013691707072803e-16,6.52624380966477e-09,2.2844490828365516e-17,0.9999999999999996
basis-projected,inertial,all-cells,lat-lon-metres,50,50,168,62,6.770939442909683e-16,6.300362700622144e-09,2.1290506705265444e-17,0.9999999999999996
basis-projected,inertial,all-cells,lat-lon-metres,50,50,168,63,6.665258148563476e-16,6.202026200840043e-09,2.0631085902123148e-17,0.9999999999999996
basis-projected,inertial,all-cells,lat-lon-metres,50,50,168,64,6.586656149387838e-16,6.128886999407795e-09,2.01473588797377e-17,0.9999999999999996
basis-projected,inertial,all-cells,lat-lon-metres,50,50,168,65,6.192533930562335e-16,5.762156068211109e-09,1.7808401073436993e-17,0.9999999999999996
basis-projected,inertial,all-cells,lat-lon-metres,50,50,168,66,6.020340770243473e-16,5.601930242279191e-09,1.683178934258559e-17,0.9999999999999996
basis-projected,inertial,all-cells,lat-lon-metres,50,50,168,67,5.935028742120794e-16,5.522547355394653e-09,1.635813512520726e-17,0.9999999999999996
basis-projected,inertial,all-cells,lat-lon-metres,50,50,168,68,5.712612729162449e-16,5.3155891387573375e-09,1.5155061561598777e-17,0.9999999999999996
basis-projected,inertial,all-cells,lat-lon-metres,50,50,168,69,5.54630542679962e-16,5.160840106738586e-09,1.4285508438006897e-17,0.9999999999999996
basis-projected,inertial,all-cells,lat-lon-metres,50,50,168,70,5.490895628565568e-16,5.1092812604387e-09,1.400149841900973e-17,0.9999999999999996
basis-projected,inertial,all-cells,lat-lon-metres,50,50,168,71,5.30773087224437e-16,4.938846358675834e-09,1.308295736651449e-17,0.9999999999999996
basis-projected,inertial,all-cells,lat-lon-metres,50,50,168,72,5.201690164460065e-16,4.840175424501195e-09,1.2565422578754383e-17,0.9999999999999996
basis-projected,inertial,all-cells,lat-lon-metres,50,50,168,73,5.065562507795971e-16,4.713508568623808e-09,1.1916356733127604e-17,0.9999999999999996
basis-projected,inertial,all-cells,lat-lon-metres,50,50,168,74,4.960721038173749e-16,4.61595352618757e-09,1.1428197822846067e-17,0.9999999999999996
basis-projected,inertial,all-cells,lat-lon-metres,50,50,168,75,4.88549448014794e-16,4.545955174514479e-09,1.1084221406839232e-17,0.9999999999999996
basis-projected,inertial,all-cells,lat-lon-metres,50,50,168,76,4.731850854056477e-16,4.402989699903912e-09,1.039801005641664e-17,0.9999999999999996
basis-projected,inertial,all-cells,lat-lon-metres,50,50,168,77,4.616635038452347e-16,4.295781323093784e-09,9.89781255979942e-18,0.9999999999999996
basis-projected,inertial,all-cells,lat-lon-metres,50,50,168,78,4.465246289617853e-16,4.1549140129527225e-09,9.25931747143412e-18,0.9999999999999996
basis-projected,inertial,all-cells,lat-lon-metres,50,50,168,79,4.2285080800574293e-16,3.934628984870179e-09,8.303524433635633e-18,0.9999999999999996
basis-projected,inertial,all-cells,lat-lon-metres,50,50,168,80,4.1155763440871104e-16,3.829545945356515e-09,7.865918872913786e-18,0.9999999999999996
basis-projected,inertial,all-cells,lat-lon-metres,50,50,168,81,4.0035919996910166e-16,3.725344454199244e-09,7.443681183470527e-18,0.9999999999999996
basis-projected,inertial,all-cells,lat-lon-metres,50,50,168,82,3.5855935148982276e-16,3.33639664500523e-09,5.970493718273064e-18,0.9999999999999996
basis-projected,inertial,all-cells,lat-lon-metres,50,50,168,83,3.530698505658892e-16,3.285316810134754e-09,5.789078062869098e-18,0.9999999999999996
basis-projected,inertial,all-cells,lat-lon-metres,50,50,168,84,3.3997134692236595e-16,3.163435165075832e-09,5.3675088611944105e-18,0.9999999999999996
basis-projected,inertial,all-cells,lat-lon-metres,50,50,168,85,3.374452008782746e-16,3.1399293628947425e-09,5.2880390109803245e-18,0.9999999999999996
basis-projected,inertial,all-cells,lat-lon-metres,50,50,168,86,3.0359474145357685e-16,2.824950660520408e-09,4.280323841045515e-18,0.9999999999999996
basis-projected,inertial,all-cells,lat-lon-metres,50,50,168,87,2.9512837834995347e-16,2.7461711074646654e-09,4.044921348171564e-18,0.9999999999999996
basis-projected,inertial,all-cells,lat-lon-metres,50,50,168,88,2.853714921686329e-16,2.6553832304066607e-09,3.781893637905595e-18,0.9999999999999996
basis-projected,inertial,all-cells,lat-lon-metres,50,50,168,89,2.725685088105244e-16,2.536251403152496e-09,3.450162057173421e-18,0.9999999999999996
basis-projected,inertial,all-cells,lat-lon-metres,50,50,168,90,2.604851362268573e-16,2.4238155579263555e-09,3.1510408377305276e-18,0.9999999999999996
basis-projected,inertial,all-cells,lat-lon-metres,50,50,168,91,2.3968843869245086e-16,2.2303021783626053e-09,2.667978412646048e-18,0.9999999999999996
basis-projected,inertial,all-cells,lat-lon-metres,50,50,168,92,2.3086511043602214e-16,2.1482010626889725e-09,2.4751683798763833e-18,0.9999999999999996
basis-projected,inertial,all-cells,lat-lon-metres,50,50,168,93,2.23789004168259e-16,2.0823578567779547e-09,2.3257639032224084e-18,0.9999999999999996
basis-projected,inertial,all-cells,lat-lon-metres,50,50,168,94,2.1005807690209154e-16,1.9545915065954738e-09,2.049117718691257e-18,0.9999999999999996
basis-projected,inertial,all-cells,lat-lon-metres,50,50,168,95,1.8563733649305688e-16,1.7273563890878512e-09,1.6003640813534506e-18,0.9999999999999996
basis-projected,inertial,all-cells,lat-lon-metres,50,50,168,96,1.8056099089779926e-16,1.6801209667162627e-09,1.5140352870072164e-18,0.9999999999999996
basis-projected,inertial,all-cells,lat-lon-metres,50,50,168,97,1.684405954553908e-16,1.5673406235954782e-09,1.3175941999321598e-18,0.9999999999999996
basis-projected,inertial,all-cells,lat-lon-metres,50,50,168,98,1.3956107518383885e-16,1.2986165360963927e-09,9.045170373082853e-19,0.9999999999999996
basis-projected,inertial,all-cells,lat-lon-metres,50,50,168,99,1.3588747940565226e-16,1.2644337081251775e-09,8.575254620897948e-19,0.9999999999999996
basis-projected,inertial,all-cells,lat-lon-metres,50,50,168,100,1.2752815663191366e-16,1.1866501659000658e-09,7.552666405107653e-19,0.9999999999999996
basis-projected,inertial,all-cells,lat-lon-metres,50,50,168,101,1.1387536847362138e-16,1.0596109005259304e-09,6.022096754412371e-19,0.9999999999999996
basis-projected,inertial,all-cells,lat-lon-metres,50,50,168,102,9.512455127188059e-17,8.851344481811362e-10,4.2021677029964683e-19,0.9999999999999996
basis-projected,inertial,all-cells,lat-lon-metres,50,50,168,103,9.35210485041904e-17,8.702138465230032e-10,4.0616909268812656e-19,0.9999999999999996
basis-projected,inertial,all-cells,lat-lon-metres,50,50,168,104,8.139159834188352e-17,7.573492491861033e-10,3.0764318048330937e-19,0.9999999999999996
basis-projected,inertial,all-cells,lat-lon-metres,50,50,168,105,7.61647494054675e-17,7.087133924361713e-10,2.6939912039170684e-19,0.9999999999999996
basis-projected,inertial,all-cells,lat-lon-metres,50,50,168,106,5.350511247819123e-17,4.978653520571519e-10,1.3294704877020022e-19,0.9999999999999996
basis-projected,inertial,all-cells,lat-lon-metres,50,50,168,107,4.0129131096286e-17,3.734017751881834e-10,7.478382091744753e-20,0.9999999999999996
basis-projected,inertial,all-cells,lat-lon-metres,50,50,168,108,2.9789611718058676e-17,2.771924931790839e-10,4.121144320105498e-20,0.9999999999999996
basis-projected,inertial,all-cells,lat-lon-metres,50,50,168,109,0.0,0.0,0.0,0.9999999999999996
basis-projected,inertial,all-cells,lat-lon-metres,50,50,168,110,0.0,0.0,0.0,0.9999999999999996
basis-projected,inertial,all-cells,lat-lon-metres,50,50,168,111,0.0,0.0,0.0,0.9999999999999996
basis-projected,inertial,all-cells,lat-lon-metres,50,50,168,112,0.0,0.0,0.0,0.9999999999999996
basis-projected,inertial,all-cells,lat-lon-metres,50,50,168,113,0.0,0.0,0.0,0.9999999999999996
basis-projected,inertial,all-cells,lat-lon-metres,50,50,168,114,0.0,0.0,0.0,0.9999999999999996
basis-projected,inertial,all-cells,lat-lon-metres,50,50,168,115,0.0,0.0,0.0,0.9999999999999996
basis-projected,inertial,all-cells,lat-lon-metres,50,50,168,116,0.0,0.0,0.0,0.9999999999999996
basis-projected,inertial,all-cells,lat-lon-metres,50,50,168,117,0.0,0.0,0.0,0.9999999999999996
basis-projected,inertial,all-cells,lat-lon-metres,50,50,168,118,0.0,0.0,0.0,0.9999999999999996
basis-projected,inertial,all-cells,lat-lon-metres,50,50,168,119,0.0,0.0,0.0,0.9999999999999996
basis-projected,inertial,all-cells,lat-lon-metres,50,50,168,120,0.0,0.0,0.0,0.9999999999999996
basis-projected,inertial,all-cells,lat-lon-metres,50,50,168,121,0.0,0.0,0.0,0.9999999999999996
basis-projected,inertial,all-cells,lat-lon-metres,50,50,168,122,0.0,0.0,0.0,0.9999999999999996
basis-projected,inertial,all-cells,lat-lon-metres,50,50,168,123,0.0,0.0,0.0,0.9999999999999996
basis-projected,inertial,all-cells,lat-lon-metres,50,50,168,124,0.0,0.0,0.0,0.9999999999999996
basis-projected,inertial,all-cells,lat-lon-metres,50,50,168,125,0.0,0.0,0.0,0.9999999999999996
basis-projected,inertial,all-cells,lat-lon-metres,50,50,168,126,0.0,0.0,0.0,0.9999999999999996
basis-projected,inertial,all-cells,lat-lon-metres,50,50,168,127,0.0,0.0,0.0,0.9999999999999996
basis-projected,inertial,all-cells,lat-lon-metres,50,50,168,128,0.0,0.0,0.0,0.9999999999999996
basis-projected,inertial,all-cells,lat-lon-metres,50,50,168,129,0.0,0.0,0.0,0.9999999999999996
basis-projected,inertial,all-cells,lat-lon-metres,50,50,168,130,0.0,0.0,0.0,0.9999999999999996
basis-projected,inertial,all-cells,lat-lon-metres,50,50,168,131,0.0,0.0,0.0,0.9999999999999996
basis-projected,inertial,all-cells,lat-lon-metres,50,50,168,132,0.0,0.0,0.0,0.9999999999999996
basis-projected,inertial,all-cells,lat-lon-metres,50,50,168,133,0.0,0.0,0.0,0.9999999999999996
basis-projected,inertial,all-cells,lat-lon-metres,50,50,168,134,0.0,0.0,0.0,0.9999999999999996
basis-projected,inertial,all-cells,lat-lon-metres,50,50,168,135,0.0,0.0,0.0,0.9999999999999996
basis-projected,inertial,all-cells,lat-lon-metres,50,50,168,136,0.0,0.0,0.0,0.9999999999999996
basis-projected,inertial,all-cells,lat-lon-metres,50,50,168,137,0.0,0.0,0.0,0.9999999999999996
basis-projected,inertial,all-cells,lat-lon-metres,50,50,168,138,0.0,0.0,0.0,0.9999999999999996
basis-projected,inertial,all-cells,lat-lon-metres,50,50,168,139,0.0,0.0,0.0,0.9999999999999996
basis-projected,inertial,all-cells,lat-lon-metres,50,50,168,140,0.0,0.0,0.0,0.9999999999999996
basis-projected,inertial,all-cells,lat-lon-metres,50,50,168,141,0.0,0.0,0.0,0.9999999999999996
basis-projected,inertial,all-cells,lat-lon-metres,50,50,168,142,0.0,0.0,0.0,0.9999999999999996
basis-projected,inertial,all-cells,lat-lon-metres,50,50,168,143,0.0,0.0,0.0,0.9999999999999996
basis-projected,inertial,all-cells,lat-lon-metres,50,50,168,144,0.0,0.0,0.0,0.9999999999999996
basis-projected,inertial,all-cells,lat-lon-metres,50,50,168,145,0.0,0.0,0.0,0.9999999999999996
basis-projected,inertial,all-cells,lat-lon-metres,50,50,168,146,0.0,0.0,0.0,0.9999999999999996
basis-projected,inertial,all-cells,lat-lon-metres,50,50,168,147,0.0,0.0,0.0,0.9999999999999996
basis-projected,inertial,all-cells,lat-lon-metres,50,50,168,148,0.0,0.0,0.0,0.9999999999999996
basis-projected,inertial,all-cells,lat-lon-metres,50,50,168,149,0.0,0.0,0.0,0.9999999999999996
basis-projected,inertial,all-cells,lat-lon-metres,50,50,168,150,0.0,0.0,0.0,0.9999999999999996
basis-projected,inertial,all-cells,lat-lon-metres,50,50,168,151,0.0,0.0,0.0,0.9999999999999996
basis-projected,inertial,all-cells,lat-lon-metres,50,50,168,152,0.0,0.0,0.0,0.9999999999999996
basis-projected,inertial,all-cells,lat-lon-metres,50,50,168,153,0.0,0.0,0.0,0.9999999999999996
basis-projected,inertial,all-cells,lat-lon-metres,50,50,168,154,0.0,0.0,0.0,0.9999999999999996
basis-projected,inertial,all-cells,lat-lon-metres,50,50,168,155,0.0,0.0,0.0,0.9999999999999996
basis-projected,inertial,all-cells,lat-lon-metres,50,50,168,156,0.0,0.0,0.0,0.9999999999999996
basis-projected,inertial,all-cells,lat-lon-metres,50,50,168,157,0.0,0.0,0.0,0.9999999999999996
basis-projected,inertial,all-cells,lat-lon-metres,50,50,168,158,0.0,0.0,0.0,0.9999999999999996
basis-projected,inertial,all-cells,lat-lon-metres,50,50,168,159,0.0,0.0,0.0,0.9999999999999996
basis-projected,inertial,all-cells,lat-lon-metres,50,50,168,160,0.0,0.0,0.0,0.9999999999999996
basis-projected,inertial,all-cells,lat-lon-metres,50,50,168,161,0.0,0.0,0.0,0.9999999999999996
basis-projected,inertial,all-cells,lat-lon-metres,50,50,168,162,0.0,0.0,0.0,0.9999999999999996
basis-projected,inertial,all-cells,lat-lon-metres,50,50,168,163,0.0,0.0,0.0,0.9999999999999996
basis-projected,inertial,all-cells,lat-lon-metres,50,50,168,164,0.0,0.0,0.0,0.9999999999999996
basis-projected,inertial,all-cells,lat-lon-metres,50,50,168,165,0.0,0.0,0.0,0.9999999999999996
basis-projected,inertial,all-cells,lat-lon-metres,50,50,168,166,0.0,0.0,0.0,0.9999999999999996
basis-projected,inertial,all-cells,lat-lon-metres,50,50,168,167,0.0,0.0,0.0,0.9999999999999996
basis-projected,inertial,all-cells,lat-lon-metres,50,50,168,168,0.0,0.0,0.0,0.9999999999999996
basis-projected,inertial,all-cells,lat-lon-metres,100,100,168,1,7.301746106826777e-08,1.0,0.46190333144970513,0.46190333144970513
basis-projected,inertial,all-cells,lat-lon-metres,100,100,168,2,4.178716341587649e-08,0.5722900085064246,0.15128066398957407,0.6131839954392793
basis-projected,inertial,all-cells,lat-lon-metres,100,100,168,3,3.605684574986478e-08,0.4938112777730437,0.11263493247660022,0.7258189279158794
basis-projected,inertial,all-cells,lat-lon-metres,100,100,168,4,2.682537950538794e-08,0.36738307677265736,0.06234324281005211,0.7881621707259316
basis-projected,inertial,all-cells,lat-lon-metres,100,100,168,5,2.4151073496761255e-08,0.3307575084565208,0.0505324689923902,0.8386946397183219
basis-projected,inertial,all-cells,lat-lon-metres,100,100,168,6,1.8088787831447947e-08,0.24773235835378896,0.028347617798827864,0.8670422575171498
basis-projected,inertial,all-cells,lat-lon-metres,100,100,168,7,1.4880751852426843e-08,0.20379716898830627,0.019184363209938427,0.8862266207270882
basis-projected,inertial,all-cells,lat-lon-metres,100,100,168,8,1.3832036380464432e-08,0.18943463903150715,0.016575623901262285,0.9028022446283505
basis-projected,inertial,all-cells,lat-lon-metres,100,100,168,9,1.3341798811585402e-08,0.1827206618306198,0.015421492742589868,0.9182237373709403
basis-projected,inertial,all-cells,lat-lon-metres,100,100,168,10,1.187539104591203e-08,0.16263768791973085,0.012217813118207974,0.9304415504891483
basis-projected,inertial,all-cells,lat-lon-metres,100,100,168,11,1.0707054764432955e-08,0.14663690859399206,0.009932022324256462,0.9403735728134047
basis-projected,inertial,all-cells,lat-lon-metres,100,100,168,12,9.043047456645203e-09,0.12384773894274952,0.007084794520254688,0.9474583673336594
basis-projected,inertial,all-cells,lat-lon-metres,100,100,168,13,8.879095844227544e-09,0.12160236352132296,0.006830226833169572,0.9542885941668289
basis-projected,inertial,all-cells,lat-lon-metres,100,100,168,14,8.028977319250582e-09,0.1099596891179752,0.005584934720364996,0.9598735288871939
basis-projected,inertial,all-cells,lat-lon-metres,100,100,168,15,7.499616308979495e-09,0.10270990252547563,0.004872767935613136,0.9647462968228071
basis-projected,inertial,all-cells,lat-lon-metres,100,100,168,16,7.314902968421757e-09,0.10018018788112447,0.004635694187938797,0.969381991010746
basis-projected,inertial,all-cells,lat-lon-metres,100,100,168,17,6.536882006437031e-09,0.08952491514769823,0.003702021449239072,0.973084012459985
basis-projected,inertial,all-cells,lat-lon-metres,100,100,168,18,6.201489810960792e-09,0.08493160019851553,0.003331882734404077,0.9764158951943891
basis-projected,inertial,all-cells,lat-lon-metres,100,100,168,19,5.663257684158958e-09,0.0775603205220199,0.0027786272139470065,0.979194522408336
basis-projected,inertial,all-cells,lat-lon-metres,100,100,168,20,5.48577414144148e-09,0.07512962052066625,0.0026071948226118876,0.9818017172309479
basis-projected,inertial,all-cells,lat-lon-metres,100,100,168,21,5.443751239595426e-09,0.07455410199083454,0.002567403810962391,0.9843691210419103
basis-projected,inertial,all-cells,lat-lon-metres,100,100,168,22,4.705663895512051e-09,0.06444573430336731,0.001918401244579291,0.9862875222864896
basis-projected,inertial,all-cells,lat-lon-metres,100,100,168,23,4.322609319712871e-09,0.059199666168499636,0.0016187866345541229,0.9879063089210437
basis-projected,inertial,all-cells,lat-lon-metres,100,100,168,24,4.087236531533199e-09,0.05597615243991888,0.0014472954001593051,0.989353604321203
basis-projected,inertial,all-cells,lat-lon-metres,100,100,168,25,3.938539206025137e-09,0.053939689882435034,0.0013439031906169515,0.99069750751182
basis-projected,inertial,all-cells,lat-lon-metres,100,100,168,26,3.785123500825337e-09,0.051838607443313194,0.001241245672694619,0.9919387531845146
basis-projected,inertial,all-cells,lat-lon-metres,100,100,168,27,3.4476610709879453e-09,0.04721693990105394,0.001029785492416235,0.9929685386769309
basis-projected,inertial,all-cells,lat-lon-metres,100,100,168,28,3.2125508172774235e-09,0.04399702167504626,0.0008941237923406974,0.9938626624692716
basis-projected,inertial,all-cells,lat-lon-metres,100,100,168,29,2.8165181679126085e-09,0.03857321422446202,0.0006872626668447371,0.9945499251361164
basis-projected,inertial,all-cells,lat-lon-metres,100,100,168,30,2.6667480768191943e-09,0.036522059762197356,0.0006161147699697697,0.9951660399060861
basis-projected,inertial,all-cells,lat-lon-metres,100,100,168,31,2.658697572929914e-09,0.03641180525907579,0.0006124004726928521,0.995778440378779
basis-projected,inertial,all-cells,lat-lon-metres,100,100,168,32,2.5703268757683887e-09,0.03520153725100436,0.0005723666932107425,0.9963508070719898
basis-projected,inertial,all-cells,lat-lon-metres,100,100,168,33,2.368292232331699e-09,0.032434601226649894,0.00048592385517069053,0.9968367309271605
basis-projected,inertial,all-cells,lat-lon-metres,100,100,168,34,2.029791805768193e-09,0.027798717951455974,0.0003569444460901546,0.9971936753732507
basis-projected,inertial,all-cells,lat-lon-metres,100,100,168,35,1.9589974314650468e-09,0.02682916391236172,0.00033247988232852475,0.9975261552555792
basis-projected,inertial,all-cells,lat-lon-metres,100,100,168,36,1.8093881005359083e-09,0.024780211117505422,0.00028363583453891575,0.9978097910901181
basis-projected,inertial,all-cells,lat-lon-metres,100,100,168,37,1.7516307602875925e-09,0.02398920387891744,0.0002658170080665924,0.9980756080981847
basis-projected,inertial,all-cells,lat-lon-metres,100,100,168,38,1.5418535443930649e-09,0.02111623058149758,0.00020596047557260518,0.9982815685737574
basis-projected,inertial,all-cells,lat-lon-metres,100,100,168,39,1.4974086535401979e-09,0.020507542054087495,0.00019425773301226025,0.9984758263067696
basis-projected,inertial,all-cells,lat-lon-metres,100,100,168,40,1.4351571616900708e-09,0.019654985816998878,0.0001784417871232872,0.9986542680938929
basis-projected,inertial,all-cells,lat-lon-metres,100,100,168,41,1.3824814240251836e-09,0.018933572926243362,0.0001655831911343867,0.9988198512850273
basis-projected,inertial,all-cells,lat-lon-metres,100,100,168,42,1.3154041372111976e-09,0.018014925717306972,0.00014990497487890129,0.9989697562599061
basis-projected,inertial,all-cells,lat-lon-metres,100,100,168,43,1.2045439283496237e-09,0.016496655878289627,0.0001257022133410763,0.9990954584732473
basis-projected,inertial,all-cells,lat-lon-metres,100,100,168,44,1.1435291722765426e-09,0.015661037175853026,0.00011329014575538267,0.9992087486190027
basis-projected,inertial,all-cells,lat-lon-metres,100,100,168,45,1.0449456029450112e-09,0.014310900264911127,9.459866437368999e-05,0.9993033472833764
basis-projected,inertial,all-cells,lat-lon-metres,100,100,168,46,9.388361590173794e-10,0.01285769383489811,7.636199305457201e-05,0.999379709276431
basis-projected,inertial,all-cells,lat-lon-metres,100,100,168,47,8.913758638313603e-10,0.012207708276763653,6.883659497882106e-05,0.9994485458714099
basis-projected,inertial,all-cells,lat-lon-metres,100,100,168,48,8.389619012615021e-10,0.01148988048868357,6.097925545744436e-05,0.9995095251268673
basis-projected,inertial,all-cells,lat-lon-metres,100,100,168,49,8.223019687057899e-10,0.011261716809585827,5.8581474549455166e-05,0.9995681066014167
basis-projected,inertial,all-cells,lat-lon-metres,100,100,168,50,7.644498499386381e-10,0.010469411545601602,5.0628567385017486e-05,0.9996187351688018
basis-projected,inertial,all-cells,lat-lon-metres,100,100,168,51,7.260882163682085e-10,0.009944035382021175,4.567477497421739e-05,0.999664409943776
basis-projected,inertial,all-cells,lat-lon-metres,100,100,168,52,6.570852595576135e-10,0.008999015440200951,3.7405984409054345e-05,0.9997018159281851
basis-projected,inertial,all-cells,lat-lon-metres,100,100,168,53,6.209742238561154e-10,0.008504462011840356,3.3407562201806993e-05,0.9997352234903869
basis-projected,inertial,all-cells,lat-lon-metres,100,100,168,54,5.911471223085687e-10,0.008095969288166223,3.0275323933360327e-05,0.9997654988143203
basis-projected,inertial,all-cells,lat-lon-metres,100,100,168,55,5.511092001109682e-10,0.007547635757914232,2.6313157258269327e-05,0.9997918119715786
basis-projected,inertial,all-cells,lat-lon-metres,100,100,168,56,5.097106407474726e-10,0.006980667819590686,2.250842149015194e-05,0.9998143203930688
basis-projected,inertial,all-cells,lat-lon-metres,100,100,168,57,4.912596707421996e-10,0.006727975248042323,2.090835496862646e-05,0.9998352287480374
basis-projected,inertial,all-cells,lat-lon-metres,100,100,168,58,4.67016235103468e-10,0.006395952807326874,1.8895639551281757e-05,0.9998541243875888
basis-projected,inertial,all-cells,lat-lon-metres,100,100,168,59,4.5594288667568755e-10,0.0062442993772325655,1.801019968717763e-05,0.999872134587276
basis-projected,inertial,all-cells,lat-lon-metres,100,100,168,60,4.3987618180347343e-10,0.006024260161445638,1.6763261980623778e-05,0.9998888978492566
basis-projected,inertial,all-cells,lat-lon-metres,100,100,168,61,4.2248332624487823e-10,0.0057860588421429346,1.546382002339969e-05,0.9999043616692799
basis-projected,inertial,all-cells,lat-lon-metres,100,100,168,62,3.7260908543418496e-10,0.0051030134433983345,1.2028307424834818e-05,0.9999163899767047
basis-projected,inertial,all-cells,lat-lon-metres,100,100,168,63,3.3773808704750436e-10,0.004625442765419297,9.882292801949016e-06,0.9999262722695067
basis-projected,inertial,all-cells,lat-lon-metres,100,100,168,64,3.1891005201767803e-10,0.004367586154762525,8.811179643720006e-06,0.9999350834491504
basis-projected,inertial,all-cells,lat-lon-metres,100,100,168,65,3.0676363168086675e-10,0.004201236624676085,8.15277356201827e-06,0.9999432362227125
basis-projected,inertial,all-cells,lat-lon-metres,100,100,168,66,3.0007028472065103e-10,0.004109568866549604,7.800880403987086e-06,0.9999510371031165
basis-projected,inertial,all-cells,lat-lon-metres,100,100,168,67,2.8567995652008184e-10,0.003912488223234508,7.07061485276051e-06,0.9999581077179692
basis-projected,inertial,all-cells,lat-lon-metres,100,100,168,68,2.601819907323242e-10,0.0035632845476380876,5.864785106284996e-06,0.9999639725030756
basis-projected,inertial,all-cells,lat-lon-metres,100,100,168,69,2.364331046132257e-10,0.0032380351378168606,4.842997100493208e-06,0.999968815500176
basis-projected,inertial,all-cells,lat-lon-metres,100,100,168,70,2.2687174884518938e-10,0.0031070889829088325,4.459215661470781e-06,0.9999732747158375
basis-projected,inertial,all-cells,lat-lon-metres,100,100,168,71,2.1320950499835564e-10,0.0029199797127842492,3.938317840384832e-06,0.9999772130336779
basis-projected,inertial,all-cells,lat-lon-metres,100,100,168,72,2.0989189931876413e-10,0.0028745439275480343,3.8167085171273875e-06,0.999981029742195
basis-projected,inertial,all-cells,lat-lon-metres,100,100,168,73,1.982657263927146e-10,0.0027153193700797922,3.4055944547819716e-06,0.9999844353366497
basis-projected,inertial,all-cells,lat-lon-metres,100,100,168,74,1.8157387385388216e-10,0.0024867185355037123,2.8563035365739696e-06,0.9999872916401863
basis-projected,inertial,all-cells,lat-lon-metres,100,100,168,75,1.7403688042329162e-10,0.0023834967400547602,2.624099020435187e-06,0.9999899157392067
basis-projected,inertial,all-cells,lat-lon-metres,100,100,168,76,1.5455385913866958e-10,0.0021166698605716958,2.069461476712763e-06,0.9999919852006836
basis-projected,inertial,all-cells,lat-lon-metres,100,100,168,77,1.3247833793443798e-10,0.0018143377761461355,1.5205033478507083e-06,0.9999935057040313
basis-projected,inertial,all-cells,lat-lon-metres,100,100,168,78,1.311396401204803e-10,0.0017960038352726497,1.4899291397028347e-06,0.9999949956331711
basis-projected,inertial,all-cells,lat-lon-metres,100,100,168,79,1.1739094431928634e-10,0.001607710575002485,1.1938969189340363e-06,0.99999618953009
basis-projected,inertial,all-cells,lat-lon-metres,100,100,168,80,1.132555964541914e-10,0.001551075520803208,1.1112633267026253e-06,0.9999973007934168
basis-projected,inertial,all-cells,lat-lon-metres,100,100,168,81,1.0218584421462783e-10,0.0013994713417806877,9.046469295543842e-07,0.9999982054403463
basis-projected,inertial,all-cells,lat-lon-metres,100,100,168,82,9.231720425162025e-11,0.0012643168209492816,7.383511005757725e-07,0.9999989437914468
basis-projected,inertial,all-cells,lat-lon-metres,100,100,168,83,7.157176014649482e-11,0.0009802006136529276,4.437935997786416e-07,0.9999993875850467
basis-projected,inertial,all-cells,lat-lon-metres,100,100,168,84,4.26569742479714e-11,0.0005842023760328944,1.5764410402396842e-07,0.9999995452291507
basis-projected,inertial,all-cells,lat-lon-metres,100,100,168,85,3.687566889530359e-11,0.0005050253508654133,1.1780872414549224e-07,0.9999996630378749
basis-projected,inertial,all-cells,lat-lon-metres,100,100,168,86,3.578502304834891e-11,0.000490088569566828,1.1094308587092965e-07,0.9999997739809607
basis-projected,inertial,all-cells,lat-lon-metres,100,100,168,87,2.91877920080921e-11,0.00039973715301882287,7.380743702716378e-08,0.9999998477883978
basis-projected,inertial,all-cells,lat-lon-metres,100,100,168,88,2.6761347861631375e-11,0.00036650614072448806,6.204597387690307e-08,0.9999999098343717
basis-projected,inertial,all-cells,lat-lon-metres,100,100,168,89,2.1675018447549127e-11,0.00029684705727146604,4.0702078783485235e-08,0.9999999505364504
basis-projected,inertial,all-cells,lat-lon-metres,100,100,168,90,1.8501512907221263e-11,0.0002533847744982977,2.9655969411251805e-08,0.9999999801924198
basis-projected,inertial,all-cells,lat-lon-metres,100,100,168,91,9.95462136904258e-12,0.00013633206665095482,8.585135044087017e-09,0.9999999887775548
basis-projected,inertial,all-cells,lat-lon-metres,100,100,168,92,9.210237690149209e-12,0.00012613746842742292,7.349187294343525e-09,0.9999999961267422
basis-projected,inertial,all-cells,lat-lon-metres,100,100,168,93,5.569653901510853e-12,7.627838355408575e-05,2.6875345550022655e-09,0.9999999988142767
basis-projected,inertial,all-cells,lat-lon-metres,100,100,168,94,3.1841967921538493e-12,4.3608703254921175e-05,8.784103413852499e-10,0.9999999996926872
basis-projected,inertial,all-cells,lat-lon-metres,100,100,168,95,1.4205262856582047e-12,1.945461078590615e-05,1.7482204164923354e-10,0.9999999998675092
basis-projected,inertial,all-cells,lat-lon-metres,100,100,168,96,8.700899072376505e-13,1.1916189559428242e-05,6.558822850444695e-11,0.9999999999330974
basis-projected,inertial,all-cells,lat-lon-metres,100,100,168,97,7.103641068364544e-13,9.728688130806117e-06,4.371793678456475e-11,0.9999999999768153
basis-projected,inertial,all-cells,lat-lon-metres,100,100,168,98,5.123558479040822e-13,7.016894868818493e-06,2.2742648231831843e-11,0.9999999999995581
basis-projected,inertial,all-cells,lat-lon-metres,100,100,168,99,7.041621186808904e-14,9.643749705601692e-07,4.2957891313885086e-13,0.9999999999999877
basis-projected,inertial,all-cells,lat-lon-metres,100,100,168,100,1.2182111805656645e-14,1.668383373980501e-07,1.285709346941713e-14,1.0000000000000004
basis-projected,inertial,all-cells,lat-lon-metres,100,100,168,101,6.017219508727769e-16,8.240795312099336e-09,3.1368181978042773e-17,1.0000000000000004
basis-projected,inertial,all-cells,lat-lon-metres,100,100,168,102,5.534919200247697e-16,7.580267951350454e-09,2.6541178923411594e-17,1.0000000000000004
basis-projected,inertial,all-cells,lat-lon-metres,100,100,168,103,5.392688290693174e-16,7.385477681360726e-09,2.519464681562809e-17,1.0000000000000004
basis-projected,inertial,all-cells,lat-lon-metres,100,100,168,104,4.956229464921979e-16,6.787731855382023e-09,2.128141248866247e-17,1.0000000000000004
basis-projected,inertial,all-cells,lat-lon-metres,100,100,168,105,4.881923493336832e-16,6.6859671945762005e-09,2.0648075392306662e-17,1.0000000000000004
basis-projected,inertial,all-cells,lat-lon-metres,100,100,168,106,4.784190950901533e-16,6.552119014968964e-09,1.9829631770534193e-17,1.0000000000000004
basis-projected,inertial,all-cells,lat-lon-metres,100,100,168,107,4.614799936645776e-16,6.3201320192866776e-09,1.8450298423222177e-17,1.0000000000000004
basis-projected,inertial,all-cells,lat-lon-metres,100,100,168,108,4.29494720007497e-16,5.8820823639148496e-09,1.5981343911553766e-17,1.0000000000000004
basis-projected,inertial,all-cells,lat-lon-metres,100,100,168,109,3.919529154839041e-16,5.367934049602837e-09,1.3309613297110008e-17,1.0000000000000004
basis-projected,inertial,all-cells,lat-lon-metres,100,100,168,110,3.750029891215162e-16,5.135798802575546e-09,1.218336058414152e-17,1.0000000000000004
basis-projected,inertial,all-cells,lat-lon-metres,100,100,168,111,3.5765793571724896e-16,4.898252150713049e-09,1.1082388492608092e-17,1.0000000000000004
basis-projected,inertial,all-cells,lat-lon-metres,100,100,168,112,3.4390986224497766e-16,4.709967413457976e-09,1.0246767907443426e-17,1.0000000000000004
basis-projected,inertial,all-cells,lat-lon-metres,100,100,168,113,3.339515849869249e-16,4.573585278111717e-09,9.66194713880293e-18,1.0000000000000004
basis-projected,inertial,all-cells,lat-lon-metres,100,100,168,114,3.1070402898415143e-16,4.255201761858828e-09,8.36356446726343e-18,1.0000000000000004
basis-projected,inertial,all-cells,lat-lon-metres,100,100,168,115,2.9994168271679583e-16,4.107807616542089e-09,7.794195344327558e-18,1.0000000000000004
basis-projected,inertial,all-cells,lat-lon-metres,100,100,168,116,2.7979799596594553e-16,3.831932689419974e-09,6.782453706166887e-18,1.0000000000000004
basis-projected,inertial,all-cells,lat-lon-metres,100,100,168,117,2.686576102182961e-16,3.6793611594782006e-09,6.253108056654696e-18,1.0000000000000004
basis-projected,inertial,all-cells,lat-lon-metres,100,100,168,118,2.4132792204256963e-16,3.3050713967846647e-09,5.045599626670858e-18,1.0000000000000004
basis-projected,inertial,all-cells,lat-lon-metres,100,100,168,119,2.1398803888196609e-16,2.930642010161072e-09,3.967131863813356e-18,1.0000000000000004
basis-projected,inertial,all-cells,lat-lon-metres,100,100,168,120,2.0387069424579518e-16,2.7920813907126404e-09,3.600868342666928e-18,1.0000000000000004
basis-projected,inertial,all-cells,lat-lon-metres,100,100,168,121,1.8002148645495587e-16,2.465458040052153e-09,2.807671708259935e-18,1.0000000000000004
basis-projected,inertial,all-cells,lat-lon-metres,100,100,168,122,1.7549761462254995e-16,2.4035020124634054e-09,2.6683332918483294e-18,1.0000000000000004
basis-projected,inertial,all-cells,lat-lon-metres,100,100,168,123,1.4230851814322632e-16,1.9489655770169107e-09,1.7545244787424787e-18,1.0000000000000004
basis-projected,inertial,all-cells,lat-lon-metres,100,100,168,124,1.2222938932664384e-16,1.6739747936779848e-09,1.2943416399590201e-18,1.0000000000000004
basis-projected,inertial,all-cells,lat-lon-metres,100,100,168,125,1.1985898938290544e-16,1.6415113265968412e-09,1.2446259799754253e-18,1.0000000000000004
basis-projected,inertial,all-cells,lat-lon-metres,100,100,168,126,1.0757218882710973e-16,1.4732392396735756e-09,1.0025306293845593e-18,1.0000000000000004
basis-projected,inertial,all-cells,lat-lon-metres,100,100,168,127,7.986790821843051e-17,1.0938193008896584e-09,5.526399281210126e-19,1.0000000000000004
basis-projected,inertial,all-cells,lat-lon-metres,100,100,168,128,7.159346969184399e-17,9.804979335683498e-10,4.440628685087708e-19,1.0000000000000004
basis-projected,inertial,all-cells,lat-lon-metres,100,100,168,129,6.645866991350515e-17,9.101750313033965e-10,3.8264930545105874e-19,1.0000000000000004
basis-projected,inertial,all-cells,lat-lon-metres,100,100,168,130,5.555131532795039e-17,7.607949456913136e-10,2.6735378199589023e-19,1.0000000000000004
basis-projected,inertial,all-cells,lat-lon-metres,100,100,168,131,4.863644013190878e-17,6.660932798859724e-10,2.049373890419867e-19,1.0000000000000004
basis-projected,inertial,all-cells,lat-lon-metres,100,100,168,132,3.619714110614101e-17,4.957326723850128e-10,1.1351315131959167e-19,1.0000000000000004
basis-projected,inertial,all-cells,lat-lon-metres,100,100,168,133,3.1844102573692006e-17,4.361162673667785e-10,8.785281207501382e-20,1.0000000000000004
basis-projected,inertial,all-cells,lat-lon-metres,100,100,168,134,0.0,0.0,0.0,1.0000000000000004
basis-projected,inertial,all-cells,lat-lon-metres,100,100,168,135,0.0,0.0,0.0,1.0000000000000004
basis-projected,inertial,all-cells,lat-lon-metres,100,100,168,136,0.0,0.0,0.0,1.0000000000000004
basis-projected,inertial,all-cells,lat-lon-metres,100,100,168,137,0.0,0.0,0.0,1.0000000000000004
basis-projected,inertial,all-cells,lat-lon-metres,100,100,168,138,0.0,0.0,0.0,1.0000000000000004
basis-projected,inertial,all-cells,lat-lon-metres,100,100,168,139,0.0,0.0,0.0,1.0000000000000004
basis-projected,inertial,all-cells,lat-lon-metres,100,100,168,140,0.0,0.0,0.0,1.0000000000000004
basis-projected,inertial,all-cells,lat-lon-metres,100,100,168,141,0.0,0.0,0.0,1.0000000000000004
basis-projected,inertial,all-cells,lat-lon-metres,100,100,168,142,0.0,0.0,0.0,1.0000000000000004
basis-projected,inertial,all-cells,lat-lon-metres,100,100,168,143,0.0,0.0,0.0,1.0000000000000004
basis-projected,inertial,all-cells,lat-lon-metres,100,100,168,144,0.0,0.0,0.0,1.0000000000000004
basis-projected,inertial,all-cells,lat-lon-metres,100,100,168,145,0.0,0.0,0.0,1.0000000000000004
basis-projected,inertial,all-cells,lat-lon-metres,100,100,168,146,0.0,0.0,0.0,1.0000000000000004
basis-projected,inertial,all-cells,lat-lon-metres,100,100,168,147,0.0,0.0,0.0,1.0000000000000004
basis-projected,inertial,all-cells,lat-lon-metres,100,100,168,148,0.0,0.0,0.0,1.0000000000000004
basis-projected,inertial,all-cells,lat-lon-metres,100,100,168,149,0.0,0.0,0.0,1.0000000000000004
basis-projected,inertial,all-cells,lat-lon-metres,100,100,168,150,0.0,0.0,0.0,1.0000000000000004
basis-projected,inertial,all-cells,lat-lon-metres,100,100,168,151,0.0,0.0,0.0,1.0000000000000004
basis-projected,inertial,all-cells,lat-lon-metres,100,100,168,152,0.0,0.0,0.0,1.0000000000000004
basis-projected,inertial,all-cells,lat-lon-metres,100,100,168,153,0.0,0.0,0.0,1.0000000000000004
basis-projected,inertial,all-cells,lat-lon-metres,100,100,168,154,0.0,0.0,0.0,1.0000000000000004
basis-projected,inertial,all-cells,lat-lon-metres,100,100,168,155,0.0,0.0,0.0,1.0000000000000004
basis-projected,inertial,all-cells,lat-lon-metres,100,100,168,156,0.0,0.0,0.0,1.0000000000000004
basis-projected,inertial,all-cells,lat-lon-metres,100,100,168,157,0.0,0.0,0.0,1.0000000000000004
basis-projected,inertial,all-cells,lat-lon-metres,100,100,168,158,0.0,0.0,0.0,1.0000000000000004
basis-projected,inertial,all-cells,lat-lon-metres,100,100,168,159,0.0,0.0,0.0,1.0000000000000004
basis-projected,inertial,all-cells,lat-lon-metres,100,100,168,160,0.0,0.0,0.0,1.0000000000000004
basis-projected,inertial,all-cells,lat-lon-metres,100,100,168,161,0.0,0.0,0.0,1.0000000000000004
basis-projected,inertial,all-cells,lat-lon-metres,100,100,168,162,0.0,0.0,0.0,1.0000000000000004
basis-projected,inertial,all-cells,lat-lon-metres,100,100,168,163,0.0,0.0,0.0,1.0000000000000004
basis-projected,inertial,all-cells,lat-lon-metres,100,100,168,164,0.0,0.0,0.0,1.0000000000000004
basis-projected,inertial,all-cells,lat-lon-metres,100,100,168,165,0.0,0.0,0.0,1.0000000000000004
basis-projected,inertial,all-cells,lat-lon-metres,100,100,168,166,0.0,0.0,0.0,1.0000000000000004
basis-projected,inertial,all-cells,lat-lon-metres,100,100,168,167,0.0,0.0,0.0,1.0000000000000004
basis-projected,inertial,all-cells,lat-lon-metres,100,100,168,168,0.0,0.0,0.0,1.0000000000000004
basis-projected,inertial,all-cells,lat-lon-metres,250,250,168,1,6.188569362022029e-08,1.0,0.539354175162432,0.539354175162432
basis-projected,inertial,all-cells,lat-lon-metres,250,250,168,2,3.01471821362706e-08,0.48714299497518154,0.12799322108610953,0.6673473962485416
basis-projected,inertial,all-cells,lat-lon-metres,250,250,168,3,2.307747951428635e-08,0.37290491815294297,0.075001554950007,0.7423489511985486
basis-projected,inertial,all-cells,lat-lon-metres,250,250,168,4,1.994118533514144e-08,0.32222609408753455,0.05600095831335644,0.7983499095119051
basis-projected,inertial,all-cells,lat-lon-metres,250,250,168,5,1.594153406468488e-08,0.257596435171508,0.035789344339597295,0.8341392538515024
basis-projected,inertial,all-cells,lat-lon-metres,250,250,168,6,1.4259835592807334e-08,0.2304221663946598,0.02863667270768544,0.8627759265591878
basis-projected,inertial,all-cells,lat-lon-metres,250,250,168,7,1.2894852650238489e-08,0.20836564795365362,0.023416732065215894,0.8861926586244037
basis-projected,inertial,all-cells,lat-lon-metres,250,250,168,8,1.0400564103019232e-08,0.16806087957655197,0.015233767018480443,0.9014264256428841
basis-projected,inertial,all-cells,lat-lon-metres,250,250,168,9,9.980730231543922e-09,0.16127685815066728,0.014028723437153692,0.9154551490800378
basis-projected,inertial,all-cells,lat-lon-metres,250,250,168,10,9.016731340213393e-09,0.14569977021744654,0.011449638599502482,0.9269047876795402
basis-projected,inertial,all-cells,lat-lon-metres,250,250,168,11,7.658690705934147e-09,0.12375543131073151,0.008260428590513525,0.9351652162700538
basis-projected,inertial,all-cells,lat-lon-metres,250,250,168,12,6.968076025022453e-09,0.11259591057965829,0.00683784543943762,0.9420030617094914
basis-projected,inertial,all-cells,lat-lon-metres,250,250,168,13,6.538356464719622e-09,0.10565214805289513,0.006020474309705295,0.9480235360191966
basis-projected,inertial,all-cells,lat-lon-metres,250,250,168,14,6.190700342516811e-09,0.1000344341376839,0.005397256830327457,0.9534207928495241
basis-projected,inertial,all-cells,lat-lon-metres,250,250,168,15,6.093406699991443e-09,0.09846228334104842,0.00522894231364272,0.9586497351631669
basis-projected,inertial,all-cells,lat-lon-metres,250,250,168,16,5.497435645679747e-09,0.08883209226701688,0.004256119638322431,0.9629058548014893
basis-projected,inertial,all-cells,lat-lon-metres,250,250,168,17,5.225694075280734e-09,0.08444106819501351,0.003845753837911043,0.9667516086394002
basis-projected,inertial,all-cells,lat-lon-metres,250,250,168,18,4.7465466566596126e-09,0.07669860963000898,0.0031728462496186855,0.9699244548890189
basis-projected,inertial,all-cells,lat-lon-metres,250,250,168,19,4.695296348812086e-09,0.07587046495149831,0.0031046992448148804,0.9730291541338337
basis-projected,inertial,all-cells,lat-lon-metres,250,250,168,20,4.492582303798798e-09,0.07259484447841608,0.002842402675931177,0.9758715568097649
basis-projected,inertial,all-cells,lat-lon-metres,250,250,168,21,4.248034211843985e-09,0.06864323502477476,0.002541379547926979,0.978412936357692
basis-projected,inertial,all-cells,lat-lon-metres,250,250,168,22,4.16519482261505e-09,0.0673046479558909,0.002443228911661743,0.9808561652693537
basis-projected,inertial,all-cells,lat-lon-metres,250,250,168,23,3.746897027311696e-09,0.060545447713741866,0.0019771382357846234,0.9828333035051383
basis-projected,inertial,all-cells,lat-lon-metres,250,250,168,24,3.540726083564425e-09,0.05721396782418129,0.0017655425140223008,0.9845988460191606
basis-projected,inertial,all-cells,lat-lon-metres,250,250,168,25,3.1996109470326506e-09,0.05170194854190375,0.0014417430519631862,0.9860405890711238
basis-projected,inertial,all-cells,lat-lon-metres,250,250,168,26,3.1506569917712716e-09,0.05091091021951216,0.0013979632940484513,0.9874385523651722
basis-projected,inertial,all-cells,lat-lon-metres,250,250,168,27,2.994338479299186e-09,0.04838498696766368,0.0012626858154602667,0.9887012381806325
basis-projected,inertial,all-cells,lat-lon-metres,250,250,168,28,2.652373448908996e-09,0.04285923440053954,0.0009907472209677141,0.9896919854016003
basis-projected,inertial,all-cells,lat-lon-metres,250,250,168,29,2.567069206152331e-09,0.04148081819856305,0.0009280442264948371,0.9906200296280951
basis-projected,inertial,all-cells,lat-lon-metres,250,250,168,30,2.5053960966230497e-09,0.04048425330736612,0.0008839878829497554,0.9915040175110449
basis-projected,inertial,all-cells,lat-lon-metres,250,250,168,31,2.3390486574172302e-09,0.037796274398595064,0.0007704989150737232,0.9922745164261186
basis-projected,inertial,all-cells,lat-lon-metres,250,250,168,32,2.1791200987437482e-09,0.03521201704737379,0.0006687377687861496,0.9929432541949047
basis-projected,inertial,all-cells,lat-lon-metres,250,250,168,33,2.11651890878319e-09,0.03420045546829981,0.0006308670206059513,0.9935741212155107
basis-projected,inertial,all-cells,lat-lon-metres,250,250,168,34,2.0425749372419875e-09,0.033005607883735584,0.0005875563396571291,0.9941616775551678
basis-projected,inertial,all-cells,lat-lon-metres,250,250,168,35,1.8131231951132083e-09,0.02929793768233367,0.00046296498619802326,0.9946246425413658
basis-projected,inertial,all-cells,lat-lon-metres,250,250,168,36,1.7480606542853891e-09,0.028246603569039335,0.00043033484646153004,0.9950549773878273
basis-projected,inertial,all-cells,lat-lon-metres,250,250,168,37,1.6776817166066824e-09,0.027109362737408556,0.00039638084792925236,0.9954513582357566
basis-projected,inertial,all-cells,lat-lon-metres,250,250,168,38,1.5955728196477508e-09,0.025782579564179266,0.00035853105433846525,0.9958098892900951
basis-projected,inertial,all-cells,lat-lon-metres,250,250,168,39,1.5197984116122654e-09,0.024558154279387318,0.00032528608961020027,0.9961351753797052
basis-projected,inertial,all-cells,lat-lon-metres,250,250,168,40,1.4667535110639617e-09,0.023701011094181556,0.000302975696213332,0.9964381510759186
basis-projected,inertial,all-cells,lat-lon-metres,250,250,168,41,1.4285696252721772e-09,0.023084004423365015,0.0002874063390226103,0.9967255574149412
basis-projected,inertial,all-cells,lat-lon-metres,250,250,168,42,1.4031088271693614e-09,0.02267258788081055,0.00027725298642482796,0.9970028104013661
basis-projected,inertial,all-cells,lat-lon-metres,250,250,168,43,1.3041464748751571e-09,0.02107347269755809,0.0002395224706683644,0.9972423328720345
basis-projected,inertial,all-cells,lat-lon-metres,250,250,168,44,1.1930627004360506e-09,0.019278489593372417,0.00020045645957784557,0.9974427893316122
basis-projected,inertial,all-cells,lat-lon-metres,250,250,168,45,1.1443247529255522e-09,0.018490941702100597,0.0001844132423655409,0.9976272025739779
basis-projected,inertial,all-cells,lat-lon-metres,250,250,168,46,1.0793259768830322e-09,0.017440637952717032,0.0001640585158664493,0.9977912610898443
basis-projected,inertial,all-cells,lat-lon-metres,250,250,168,47,1.0573642926239495e-09,0.017085762973148132,0.00015745004872682044,0.9979487111385711
basis-projected,inertial,all-cells,lat-lon-metres,250,250,168,48,9.956202772461504e-10,0.01608805232686033,0.00013959857505298527,0.9980883097136241
basis-projected,inertial,all-cells,lat-lon-metres,250,250,168,49,9.256823810391787e-10,0.014957938206524761,0.00012067505751620077,0.9982089847711403
basis-projected,inertial,all-cells,lat-lon-metres,250,250,168,50,8.714297095256915e-10,0.01408127886347167,0.00010694444808456877,0.9983159292192249
basis-projected,inertial,all-cells,lat-lon-metres,250,250,168,51,8.276682390086063e-10,0.013374144985557328,9.647306997290807e-05,0.9984124022891977
basis-projected,inertial,all-cells,lat-lon-metres,250,250,168,52,8.117685259357019e-10,0.013117224328410336,9.28021283660605e-05,0.9985052044175637
basis-projected,inertial,all-cells,lat-lon-metres,250,250,168,53,8.034080040480182e-10,0.012982128130911276,9.090040692668774e-05,0.9985961048244905
basis-projected,inertial,all-cells,lat-lon-metres,250,250,168,54,7.690298236769121e-10,0.012426617182256842,8.328751108345242e-05,0.9986793923355739
basis-projected,inertial,all-cells,lat-lon-metres,250,250,168,55,7.628719677439927e-10,0.0123271134751366,8.195903430548566e-05,0.9987613513698794
basis-projected,inertial,all-cells,lat-lon-metres,250,250,168,56,7.160905529947596e-10,0.011571180851413888,7.22153312746095e-05,0.998833566701154
basis-projected,inertial,all-cells,lat-lon-metres,250,250,168,57,6.794454116211892e-10,0.010979038480053327,6.501336714633854e-05,0.9988985800683002
basis-projected,inertial,all-cells,lat-lon-metres,250,250,168,58,6.593915061823484e-10,0.010654990961705912,6.123224975303858e-05,0.9989598123180533
basis-projected,inertial,all-cells,lat-lon-metres,250,250,168,59,6.325238796422063e-10,0.010220841726746647,5.634396054296077e-05,0.9990161562785963
basis-projected,inertial,all-cells,lat-lon-metres,250,250,168,60,6.198666998321686e-10,0.010016316592267066,5.411156955241673e-05,0.9990702678481488
basis-projected,inertial,all-cells,lat-lon-metres,250,250,168,61,6.120198946051462e-10,0.009889521451613452,5.2750259282071455e-05,0.9991230181074309
basis-projected,inertial,all-cells,lat-lon-metres,250,250,168,62,5.696939104246996e-10,0.009205583344040601,4.570636395795191e-05,0.9991687244713888
basis-projected,inertial,all-cells,lat-lon-metres,250,250,168,63,5.537262966765847e-10,0.008947565491867775,4.3180117200561196e-05,0.9992119045885893
basis-projected,inertial,all-cells,lat-lon-metres,250,250,168,64,5.436645056214759e-10,0.00878497878617686,4.162511814547307e-05,0.9992535297067349
basis-projected,inertial,all-cells,lat-lon-metres,250,250,168,65,5.178055655720808e-10,0.008367128738182149,3.775956194364302e-05,0.9992912892686785
basis-projected,inertial,all-cells,lat-lon-metres,250,250,168,66,5.012945063680812e-10,0.008100329446809176,3.5389906044840855e-05,0.9993266791747233
basis-projected,inertial,all-cells,lat-lon-metres,250,250,168,67,4.95613695897039e-10,0.008008534233105923,3.4592354081370774e-05,0.9993612715288046
basis-projected,inertial,all-cells,lat-lon-metres,250,250,168,68,4.847138550886897e-10,0.00783240562937338,3.308753294550608e-05,0.9993943590617501
basis-projected,inertial,all-cells,lat-lon-metres,250,250,168,69,4.674695082501363e-10,0.007553757272543473,3.077514414337826e-05,0.9994251342058935
basis-projected,inertial,all-cells,lat-lon-metres,250,250,168,70,4.514346217693173e-10,0.007294652372156937,2.8700089143480168e-05,0.9994538342950369
basis-projected,inertial,all-cells,lat-lon-metres,250,250,168,71,4.3763138473862647e-10,0.007071608301335036,2.6971831563913245e-05,0.9994808061266008
basis-projected,inertial,all-cells,lat-lon-metres,250,250,168,72,4.298152861329207e-10,0.006945309343555367,2.601700095337947e-05,0.9995068231275542
basis-projected,inertial,all-cells,lat-lon-metres,250,250,168,73,4.1843639717544166e-10,0.0067614398853360095,2.4657692215557197e-05,0.9995314808197697
basis-projected,inertial,all-cells,lat-lon-metres,250,250,168,74,4.1370703559348734e-10,0.0066850189662948905,2.4103456857805353e-05,0.9995555842766275
basis-projected,inertial,all-cells,lat-lon-metres,250,250,168,75,3.9620594120835994e-10,0.006402221871177431,2.2107288883640815e-05,0.9995776915655112
basis-projected,inertial,all-cells,lat-lon-metres,250,250,168,76,3.889038651864648e-10,0.00628422891360138,2.1299923227903605e-05,0.9995989914887391
basis-projected,inertial,all-cells,lat-lon-metres,250,250,168,77,3.7822936885076885e-10,0.006111741611427745,2.0146704439283794e-05,0.9996191381931784
basis-projected,inertial,all-cells,lat-lon-metres,250,250,168,78,3.7374739393244484e-10,0.006039318169818946,1.9672061132052207e-05,0.9996388102543105
basis-projected,inertial,all-cells,lat-lon-metres,250,250,168,79,3.624614296229269e-10,0.005856950264584215,1.8501933568032173e-05,0.9996573121878786
basis-projected,inertial,all-cells,lat-lon-metres,250,250,168,80,3.4781679356000365e-10,0.0056203101753126245,1.703705845038373e-05,0.9996743492463289
basis-projected,inertial,all-cells,lat-lon-metres,250,250,168,81,3.450210715746455e-10,0.005575134597213509,1.6764274310774173e-05,0.9996911135206398
basis-projected,inertial,all-cells,lat-lon-metres,250,250,168,82,3.3363849928861644e-10,0.0053912056207382425,1.5676381982119136e-05,0.999706789902622
basis-projected,inertial,all-cells,lat-lon-metres,250,250,168,83,3.2777466611354056e-10,0.005296452975465152,1.5130186679716094e-05,0.9997219200893016
basis-projected,inertial,all-cells,lat-lon-metres,250,250,168,84,3.1758008551394853e-10,0.005131720546963114,1.4203652606742678e-05,0.9997361237419083
basis-projected,inertial,all-cells,lat-lon-metres,250,250,168,85,3.024484521817374e-10,0.004887211154775141,1.2882384332224145e-05,0.9997490061262406
basis-projected,inertial,all-cells,lat-lon-metres,250,250,168,86,2.972236286583366e-10,0.004802784153674298,1.2441140167674476e-05,0.9997614472664083
basis-projected,inertial,all-cells,lat-lon-metres,250,250,168,87,2.896880097077174e-10,0.004681017417134772,1.181828772734377e-05,0.9997732655541357
basis-projected,inertial,all-cells,lat-lon-metres,250,250,168,88,2.83470884425393e-10,0.004580555987058903,1.131645593190792e-05,0.9997845820100676
basis-projected,inertial,all-cells,lat-lon-metres,250,250,168,89,2.8148228398784535e-10,0.004548422543588894,1.1158238803328964e-05,0.9997957402488709
basis-projected,inertial,all-cells,lat-lon-metres,250,250,168,90,2.7655262220078353e-10,0.004468765008887673,1.0770827748469936e-05,0.9998065110766194
basis-projected,inertial,all-cells,lat-lon-metres,250,250,168,91,2.6826144055231e-10,0.004334789268075026,1.0134679613518651e-05,0.999816645756233
basis-projected,inertial,all-cells,lat-lon-metres,250,250,168,92,2.6173948422853677e-10,0.004229402127004957,9.647882457152222e-06,0.9998262936386901
basis-projected,inertial,all-cells,lat-lon-metres,250,250,168,93,2.6057118957263547e-10,0.004210523859871508,9.561946521405896e-06,0.9998358555852115
basis-projected,inertial,all-cells,lat-lon-metres,250,250,168,94,2.5728168869275824e-10,0.0041573693957709,9.32204670231122e-06,0.9998451776319138
basis-projected,inertial,all-cells,lat-lon-metres,250,250,168,95,2.5136766572993697e-10,0.00406180574257644,8.898408590941715e-06,0.9998540760405048
basis-projected,inertial,all-cells,lat-lon-metres,250,250,168,96,2.3839045169183936e-10,0.003852109231493668,8.003339356511216e-06,0.9998620793798614
basis-projected,inertial,all-cells,lat-lon-metres,250,250,168,97,2.337391417545217e-10,0.003776949535201633,7.69407489146804e-06,0.9998697734547528
basis-projected,inertial,all-cells,lat-lon-metres,250,250,168,98,2.3299854234243274e-10,0.003764982320022082,7.645394983438078e-06,0.9998774188497362
basis-projected,inertial,all-cells,lat-lon-metres,250,250,168,99,2.3097684255286375e-10,0.0037323140299650014,7.513294281370041e-06,0.9998849321440176
basis-projected,inertial,all-cells,lat-lon-metres,250,250,168,100,2.2750671550717364e-10,0.0036762408595326624,7.289235143746736e-06,0.9998922213791613
basis-projected,inertial,all-cells,lat-lon-metres,250,250,168,101,2.199492259273212e-10,0.0035541207193556584,6.813000093938299e-06,0.9998990343792552
basis-projected,inertial,all-cells,lat-lon-metres,250,250,168,102,2.062851366037501e-10,0.0033333251117726717,5.992794606287463e-06,0.9999050271738615
basis-projected,inertial,all-cells,lat-lon-metres,250,250,168,103,1.9818108848126652e-10,0.0032023732285762665,5.531181860165208e-06,0.9999105583557217
basis-projected,inertial,all-cells,lat-lon-metres,250,250,168,104,1.931156312751597e-10,0.0031205213996674326,5.252044236435078e-06,0.9999158103999582
basis-projected,inertial,all-cells,lat-lon-metres,250,250,168,105,1.9090329660499796e-10,0.003084772674223093,5.132398569392935e-06,0.9999209427985277
basis-projected,inertial,all-cells,lat-lon-metres,250,250,168,106,1.865889722256505e-10,0.003015058268082256,4.903040314361781e-06,0.999925845838842
basis-projected,inertial,all-cells,lat-lon-metres,250,250,168,107,1.844562477441338e-10,0.0029805959496245395,4.791596719059673e-06,0.9999306374355611
basis-projected,inertial,all-cells,lat-lon-metres,250,250,168,108,1.8200833936357184e-10,0.002941040630174066,4.665262589694245e-06,0.9999353026981507
basis-projected,inertial,all-cells,lat-lon-metres,250,250,168,109,1.7378710227334503e-10,0.0028081951111324785,4.253325333686312e-06,0.9999395560234844
basis-projected,inertial,all-cells,lat-lon-metres,250,250,168,110,1.6969310968346138e-10,0.0027420410074876582,4.055290178230234e-06,0.9999436113136626
basis-projected,inertial,all-cells,lat-lon-metres,250,250,168,111,1.655334930421125e-10,0.002674826496378264,3.858915583403207e-06,0.9999474702292459
basis-projected,inertial,all-cells,lat-lon-metres,250,250,168,112,1.6234646843208825e-10,0.002623327928234512,3.7117542170065675e-06,0.9999511819834629
basis-projected,inertial,all-cells,lat-lon-metres,250,250,168,113,1.5832576485917435e-10,0.0025583580888789395,3.530178849688248e-06,0.9999547121623127
basis-projected,inertial,all-cells,lat-lon-metres,250,250,168,114,1.5249840294829044e-10,0.0024641947763265224,3.2750965699869615e-06,0.9999579872588826
basis-projected,inertial,all-cells,lat-lon-metres,250,250,168,115,1.4985605797757198e-10,0.0024214975903349752,3.1625844220155867e-06,0.9999611498433046
basis-projected,inertial,all-cells,lat-lon-metres,250,250,168,116,1.4441443737595314e-10,0.0023335674035132366,2.9370730235027355e-06,0.9999640869163282
basis-projected,inertial,all-cells,lat-lon-metres,250,250,168,117,1.4215471957027391e-10,0.002297053022345488,2.8458767330966968e-06,0.9999669327930613
basis-projected,inertial,all-cells,lat-lon-metres,250,250,168,118,1.3557168283593906e-10,0.0021906788937022257,2.5884006070722844e-06,0.9999695211936683
basis-projected,inertial,all-cells,lat-lon-metres,250,250,168,119,1.3193567954204893e-10,0.0021319253582534102,2.4514217537366734e-06,0.999971972615422
basis-projected,inertial,all-cells,lat-lon-metres,250,250,168,120,1.309172267525074e-10,0.0021154683593904494,2.413721245541168e-06,0.9999743863366677
basis-projected,inertial,all-cells,lat-lon-metres,250,250,168,121,1.246011532729101e-10,0.0020134080428598185,2.186440398966171e-06,0.9999765727770666
basis-projected,inertial,all-cells,lat-lon-metres,250,250,168,122,1.212867010137514e-10,0.0019598503938254744,2.0716667037735753e-06,0.9999786444437705
basis-projected,inertial,all-cells,lat-lon-metres,250,250,168,123,1.2011249737476723e-10,0.001940876644477362,2.0317483369509135e-06,0.9999806761921074
basis-projected,inertial,all-cells,lat-lon-metres,250,250,168,124,1.1107366085969033e-10,0.0017948196806409965,1.7374635047279575e-06,0.9999824136556121
basis-projected,inertial,all-cells,lat-lon-metres,250,250,168,125,1.0592874699339425e-10,0.0017116839255847576,1.5802332274362879e-06,0.9999839938888396
basis-projected,inertial,all-cells,lat-lon-metres,250,250,168,126,1.0183756962258794e-10,0.0016455753125681042,1.4605269382670438e-06,0.9999854544157778
basis-projected,inertial,all-cells,lat-lon-metres,250,250,168,127,9.549666003045151e-11,0.001543113673678682,1.284310059362382e-06,0.9999867387258372
basis-projected,inertial,all-cells,lat-lon-metres,250,250,168,128,9.281774921350073e-11,0.0014998256266319655,1.213264763502854e-06,0.9999879519906008
basis-projected,inertial,all-cells,lat-lon-metres,250,250,168,129,8.86259138724787e-11,0.0014320904992413531,1.1061524156211375e-06,0.9999890581430163
basis-projected,inertial,all-cells,lat-lon-metres,250,250,168,130,8.694431437349652e-11,0.001404917829750052,1.0645740932493643e-06,0.9999901227171095
basis-projected,inertial,all-cells,lat-lon-metres,250,250,168,131,8.519774262153055e-11,0.0013766952850907915,1.022232525018284e-06,0.9999911449496345
basis-projected,inertial,all-cells,lat-lon-metres,250,250,168,132,8.116267233236783e-11,0.0013114932965031688,9.276970918645012e-07,0.9999920726467264
basis-projected,inertial,all-cells,lat-lon-metres,250,250,168,133,7.797294905555335e-11,0.0012599511210790854,8.562122548902912e-07,0.9999929288589813
basis-projected,inertial,all-cells,lat-lon-metres,250,250,168,134,7.645067046840311e-11,0.0012353528900809463,8.231066608428294e-07,0.9999937519656422
basis-projected,inertial,all-cells,lat-lon-metres,250,250,168,135,7.245018728409269e-11,0.0011707097884157932,7.392180180948318e-07,0.9999944911836604
basis-projected,inertial,all-cells,lat-lon-metres,250,250,168,136,6.942093695400401e-11,0.0011217606670133804,6.786947050484423e-07,0.9999951698783655
basis-projected,inertial,all-cells,lat-lon-metres,250,250,168,137,6.651043773536894e-11,0.001074730423860638,6.229786042826305e-07,0.9999957928569697
basis-projected,inertial,all-cells,lat-lon-metres,250,250,168,138,6.322352412659389e-11,0.0010216177670171007,5.629254961866578e-07,0.9999963557824658
basis-projected,inertial,all-cells,lat-lon-metres,250,250,168,139,5.67631383656642e-11,0.0009172255338044338,4.537601129593595e-07,0.9999968095425787
basis-projected,inertial,all-cells,lat-lon-metres,250,250,168,140,5.603983069540962e-11,0.0009055377328290846,4.4226966075837246e-07,0.9999972518122395
basis-projected,inertial,all-cells,lat-lon-metres,250,250,168,141,5.438237008948433e-11,0.000878755119450025,4.1649498961874474e-07,0.9999976683072291
basis-projected,inertial,all-cells,lat-lon-metres,250,250,168,142,4.812320130956114e-11,0.0007776143159173958,3.2613885317084067e-07,0.9999979944460824
basis-projected,inertial,all-cells,lat-lon-metres,250,250,168,143,4.676680117281642e-11,0.0007556964855207831,3.080128604175019e-07,0.9999983024589427
basis-projected,inertial,all-cells,lat-lon-metres,250,250,168,144,4.46830169639848e-11,0.0007220249842911229,2.811761606332651e-07,0.9999985836351034
basis-projected,inertial,all-cells,lat-lon-metres,250,250,168,145,4.219898174276446e-11,0.000681885897599062,2.5078263563924566e-07,0.9999988344177391
basis-projected,inertial,all-cells,lat-lon-metres,250,250,168,146,4.061850261399723e-11,0.000656347214321691,2.3234928354627842e-07,0.9999990667670225
basis-projected,inertial,all-cells,lat-lon-metres,250,250,168,147,3.535090997275472e-11,0.0005712291145946581,1.7599272434561823e-07,0.9999992427597469
basis-projected,inertial,all-cells,lat-lon-metres,250,250,168,148,3.341101423373981e-11,0.0005398826817515579,1.572073467267153e-07,0.9999993999670936
basis-projected,inertial,all-cells,lat-lon-metres,250,250,168,149,3.0243235404330074e-11,0.0004886951027797565,1.2881013011684697e-07,0.9999995287772238
basis-projected,inertial,all-cells,lat-lon-metres,250,250,168,150,2.8468209640057058e-11,0.0004600127747579364,1.1413368246189753e-07,0.9999996429109062
basis-projected,inertial,all-cells,lat-lon-metres,250,250,168,151,2.5131753921379597e-11,0.000406099575704976,8.894859990158994e-08,0.9999997318595061
basis-projected,inertial,all-cells,lat-lon-metres,250,250,168,152,2.1390446323318007e-11,0.0003456444465919176,6.443668832106513e-08,0.9999997962961944
basis-projected,inertial,all-cells,lat-lon-metres,250,250,168,153,1.976748135402585e-11,0.0003194192421165189,5.5029579568760805e-08,0.999999851325774
basis-projected,inertial,all-cells,lat-lon-metres,250,250,168,154,1.700061558087483e-11,0.0002747099464571585,4.070266199895244e-08,0.999999892028436
basis-projected,inertial,all-cells,lat-lon-metres,250,250,168,155,1.5884282988141056e-11,0.00025667132513080675,3.55327442884417e-08,0.9999999275611802
basis-projected,inertial,all-cells,lat-lon-metres,250,250,168,156,1.4301168591761355e-11,0.00023109005902922686,2.880292357094617e-08,0.9999999563641038
basis-projected,inertial,all-cells,lat-lon-metres,250,250,168,157,1.178517415194169e-11,0.00019043454896482,1.955985037454992e-08,0.9999999759239542
basis-projected,inertial,all-cells,lat-lon-metres,250,250,168,158,8.550272098064773e-12,0.00013816233765651922,1.0295640993692557e-08,0.9999999862195951
basis-projected,inertial,all-cells,lat-lon-metres,250,250,168,159,5.4153619334017805e-12,8.7505877636837e-05,4.129985194614652e-09,0.9999999903495803
basis-projected,inertial,all-cells,lat-lon-metres,250,250,168,160,5.069204451616482e-12,8.1912379987613e-05,3.6188712665585424e-09,0.9999999939684516
basis-projected,inertial,all-cells,lat-lon-metres,250,250,168,161,4.608404143637199e-12,7.446638914509099e-05,2.9908500249141063e-09,0.9999999969593016
basis-projected,inertial,all-cells,lat-lon-metres,250,250,168,162,3.568995973216831e-12,5.767077598126349e-05,1.7938479765198643e-09,0.9999999987531496
basis-projected,inertial,all-cells,lat-lon-metres,250,250,168,163,2.3408326478600795e-12,3.782510158527568e-05,7.716746810290524e-10,0.9999999995248243
basis-projected,inertial,all-cells,lat-lon-metres,250,250,168,164,1.4119582457061046e-12,2.281558407296847e-05,2.8076128867365397e-10,0.9999999998055855
basis-projected,inertial,all-cells,lat-lon-metres,250,250,168,165,8.437823019017838e-13,1.3634529283616039e-05,1.0026615085593158e-10,0.9999999999058516
basis-projected,inertial,all-cells,lat-lon-metres,250,250,168,166,6.608270685175221e-13,1.0678187960094319e-05,6.149915764368426e-11,0.9999999999673508
basis-projected,inertial,all-cells,lat-lon-metres,250,250,168,167,3.8562449512800323e-13,6.231238151655874e-06,2.094222130822534e-11,0.999999999988293
basis-projected,inertial,all-cells,lat-lon-metres,250,250,168,168,2.883220082926242e-13,4.658944441376012e-06,1.1707094065164786e-11,1.0000000000000002
basis-projected,inertial,all-cells,lat-lon-metres,500,500,168,1,6.077581832356026e-08,1.0,0.5771619947300203,0.5771619947300203
basis-projected,inertial,all-cells,lat-lon-metres,500,500,168,2,2.960671549306137e-08,0.4871463076883668,0.13696719319591233,0.7141291879259326
basis-projected,inertial,all-cells,lat-lon-metres,500,500,168,3,2.044909297837721e-08,0.33646758764332335,0.06534076195168047,0.7794699498776131
basis-projected,inertial,all-cells,lat-lon-metres,500,500,168,4,1.7222346148962306e-08,0.28337497748320595,0.046346903427328785,0.8258168533049418
basis-projected,inertial,all-cells,lat-lon-metres,500,500,168,5,1.494592069422956e-08,0.24591887211884153,0.03490450169838703,0.8607213550033289
basis-projected,inertial,all-cells,lat-lon-metres,500,500,168,6,1.2515587980277298e-08,0.20593039017009046,0.02447589663192522,0.8851972516352541
basis-projected,inertial,all-cells,lat-lon-metres,500,500,168,7,1.1005057135177052e-08,0.1810762477370189,0.01892433810595584,0.9041215897412099
basis-projected,inertial,all-cells,lat-lon-metres,500,500,168,8,9.355195603890184e-09,0.15392957037755858,0.013675456745108186,0.9177970464863181
basis-projected,inertial,all-cells,lat-lon-metres,500,500,168,9,8.671162124369215e-09,0.14267454332256627,0.011748724174023487,0.9295457706603416
basis-projected,inertial,all-cells,lat-lon-metres,500,500,168,10,8.215296712669723e-09,0.1351737737027721,0.01054587458845775,0.9400916452487994
basis-projected,inertial,all-cells,lat-lon-metres,500,500,168,11,6.776834927449237e-09,0.11150544927870004,0.007176123587114761,0.9472677688359142
basis-projected,inertial,all-cells,lat-lon-metres,500,500,168,12,5.996216289859583e-09,0.09866121847898013,0.00561811565286279,0.952885884488777
basis-projected,inertial,all-cells,lat-lon-metres,500,500,168,13,5.807646056718602e-09,0.0955585003528816,0.0052703126161019916,0.958156197104879
basis-projected,inertial,all-cells,lat-lon-metres,500,500,168,14,5.354604869939451e-09,0.0881042002829552,0.004480133471836957,0.9626363305767159
basis-projected,inertial,all-cells,lat-lon-metres,500,500,168,15,5.130184548041598e-09,0.0844116079314532,0.004112463646629225,0.9667487942233451
basis-projected,inertial,all-cells,lat-lon-metres,500,500,168,16,4.5785081835544264e-09,0.07533437327292274,0.0032755488820111543,0.9700243431053563
basis-projected,inertial,all-cells,lat-lon-metres,500,500,168,17,4.135622563989205e-09,0.06804717201785493,0.002672501069777263,0.9726968441751337
basis-projected,inertial,all-cells,lat-lon-metres,500,500,168,18,4.02435518243461e-09,0.06621638825181453,0.0025306302959124164,0.975227474471046
basis-projected,inertial,all-cells,lat-lon-metres,500,500,168,19,3.81707858316846e-09,0.06280587721331819,0.002276660629514933,0.977504135100561
basis-projected,inertial,all-cells,lat-lon-metres,500,500,168,20,3.6816626138228935e-09,0.060577754695499766,0.0021179908042859817,0.979622125904847
basis-projected,inertial,all-cells,lat-lon-metres,500,500,168,21,3.4226855002565957e-09,0.05631656791579164,0.0018305014845157608,0.9814526273893628
basis-projected,inertial,all-cells,lat-lon-metres,500,500,168,22,3.307189302840197e-09,0.05441620358336067,0.0017090477799250137,0.9831616751692879
basis-projected,inertial,all-cells,lat-lon-metres,500,500,168,23,3.1878331817519634e-09,0.05245232840437416,0.0015879150651335642,0.9847495902344213
basis-projected,inertial,all-cells,lat-lon-metres,500,500,168,24,3.0322302837546423e-09,0.04989205192781703,0.0014366813599035904,0.9861862715943249
basis-projected,inertial,all-cells,lat-lon-metres,500,500,168,25,2.6579465497302014e-09,0.04373362009837103,0.001103897072930127,0.987290168667255
basis-projected,inertial,all-cells,lat-lon-metres,500,500,168,26,2.649204599717627e-09,0.04358978081732617,0.001096647609375694,0.9883868162766307
basis-projected,inertial,all-cells,lat-lon-metres,500,500,168,27,2.5432804026063105e-09,0.041846913340867126,0.0010107053974678887,0.9893975216740986
basis-projected,inertial,all-cells,lat-lon-metres,500,500,168,28,2.4707511189562135e-09,0.040653522850195925,0.0009538807770511379,0.9903514024511497
basis-projected,inertial,all-cells,lat-lon-metres,500,500,168,29,2.363047163282713e-09,0.03888137138199023,0.0008725310177156495,0.9912239334688654
basis-projected,inertial,all-cells,lat-lon-metres,500,500,168,30,2.2947474507062122e-09,0.03775757388389839,0.000822821985747475,0.9920467554546128
basis-projected,inertial,all-cells,lat-lon-metres,500,500,168,31,2.0584969296612613e-09,0.03387032847015188,0.0006621197501567341,0.9927088752047695
basis-projected,inertial,all-cells,lat-lon-metres,500,500,168,32,1.930516666964349e-09,0.03176455241929614,0.000582348828602473,0.9932912240333719
basis-projected,inertial,all-cells,lat-lon-metres,500,500,168,33,1.8254753455179427e-09,0.03003621170182223,0.0005207005531656174,0.9938119245865376
basis-projected,inertial,all-cells,lat-lon-metres,500,500,168,34,1.7527636927511131e-09,0.02883982052565205,0.0004800459747951411,0.9942919705613328
basis-projected,inertial,all-cells,lat-lon-metres,500,500,168,35,1.7312088111635506e-09,0.028485158388931685,0.00046831169456350074,0.9947602822558963
basis-projected,inertial,all-cells,lat-lon-metres,500,500,168,36,1.6291405173580766e-09,0.026805735608277717,0.0004147182861880449,0.9951750005420843
basis-projected,inertial,all-cells,lat-lon-metres,500,500,168,37,1.4864128092369283e-09,0.02445730638003944,0.0003452351237478663,0.9955202356658321
basis-projected,inertial,all-cells,lat-lon-metres,500,500,168,38,1.464772551904747e-09,0.024101239478283017,0.00033525594035018846,0.9958554916061824
basis-projected,inertial,all-cells,lat-lon-metres,500,500,168,39,1.3947810919566663e-09,0.022949606116878355,0.0003039822309713323,0.9961594738371536
basis-projected,inertial,all-cells,lat-lon-metres,500,500,168,40,1.3471242372607915e-09,0.022165464397187185,0.0002835641967674477,0.9964430380339211
basis-projected,inertial,all-cells,lat-lon-metres,500,500,168,41,1.252843703990587e-09,0.02061418074736003,0.00024526178519065504,0.9966882998191118
basis-projected,inertial,all-cells,lat-lon-metres,500,500,168,42,1.2404513495208924e-09,0.020410278030596602,0.00024043382591358784,0.9969287336450254
basis-projected,inertial,all-cells,lat-lon-metres,500,500,168,43,1.1786164912139034e-09,0.019392852679319707,0.00021706066154024553,0.9971457943065657
basis-projected,inertial,all-cells,lat-lon-metres,500,500,168,44,1.1156245926660109e-09,0.01835638948909931,0.00019447879450249802,0.9973402731010681
basis-projected,inertial,all-cells,lat-lon-metres,500,500,168,45,1.0558875795308326e-09,0.017373481898827987,0.00017420934903249077,0.9975144824501007
basis-projected,inertial,all-cells,lat-lon-metres,500,500,168,46,1.0235501960437646e-09,0.01684140541875644,0.00016370215138930585,0.9976781846014899
basis-projected,inertial,all-cells,lat-lon-metres,500,500,168,47,1.000947059068179e-09,0.0164694953795489,0.00015655188858247228,0.9978347364900725
basis-projected,inertial,all-cells,lat-lon-metres,500,500,168,48,9.425546303000508e-10,0.015508711462872422,0.0001388190787184142,0.9979735555687909
basis-projected,inertial,all-cells,lat-lon-metres,500,500,168,49,9.131658942111781e-10,0.015025151769238812,0.00013029731329271323,0.9981038528820835
basis-projected,inertial,all-cells,lat-lon-metres,500,500,168,50,8.485864238981163e-10,0.013962566812023567,0.00011251961933524907,0.9982163725014187
basis-projected,inertial,all-cells,lat-lon-metres,500,500,168,51,7.932291366162034e-10,0.013051722847945618,9.831808517815975e-05,0.9983146905865968
basis-projected,inertial,all-cells,lat-lon-metres,500,500,168,52,7.63997275268788e-10,0.012570744357589637,9.120522409977275e-05,0.9984058958106966
basis-projected,inertial,all-cells,lat-lon-metres,500,500,168,53,7.24075074745261e-10,0.011913867961273788,8.192251770627542e-05,0.9984878183284028
basis-projected,inertial,all-cells,lat-lon-metres,500,500,168,54,7.155324661018014e-10,0.011773308625684422,8.000088350794518e-05,0.9985678192119107
basis-projected,inertial,all-cells,lat-lon-metres,500,500,168,55,7.117875627320258e-10,0.011711690313120726,7.916566891941584e-05,0.9986469848808301
basis-projected,inertial,all-cells,lat-lon-metres,500,500,168,56,6.874404796392071e-10,0.011311085537004032,7.384248423869981e-05,0.9987208273650688
basis-projected,inertial,all-cells,lat-lon-metres,500,500,168,57,6.523345691800914e-10,0.010733455956235283,6.64931462323803e-05,0.9987873205113013
basis-projected,inertial,all-cells,lat-lon-metres,500,500,168,58,6.277500406140915e-10,0.01032894427306689,6.157573355867017e-05,0.99884889624486
basis-projected,inertial,all-cells,lat-lon-metres,500,500,168,59,6.184579703649266e-10,0.010176053361755822,5.976631467462142e-05,0.9989086625595346
basis-projected,inertial,all-cells,lat-lon-metres,500,500,168,60,5.789358095573109e-10,0.00952575918394309,5.237173020964724e-05,0.9989610342897443
basis-projected,inertial,all-cells,lat-lon-metres,500,500,168,61,5.499763813379888e-10,0.009049263284453149,4.726331439034634e-05,0.9990082976041347
basis-projected,inertial,all-cells,lat-lon-metres,500,500,168,62,5.371365709880363e-10,0.008837998167764871,4.5082245543582726e-05,0.9990533798496782
basis-projected,inertial,all-cells,lat-lon-metres,500,500,168,63,5.227234792854629e-10,0.008600846417280155,4.269530408575953e-05,0.999096075153764
basis-projected,inertial,all-cells,lat-lon-metres,500,500,168,64,5.075990797760054e-10,0.008351990870343088,4.026036867864712e-05,0.9991363355224426
basis-projected,inertial,all-cells,lat-lon-metres,500,500,168,65,4.921768370141534e-10,0.008098234636576778,3.7851094082035335e-05,0.9991741866165246
basis-projected,inertial,all-cells,lat-lon-metres,500,500,168,66,4.848761201289481e-10,0.00797810927937735,3.6736492369165115e-05,0.9992109231088938
basis-projected,inertial,all-cells,lat-lon-metres,500,500,168,67,4.790452805497219e-10,0.007882169154833344,3.58582612720378e-05,0.9992467813701659
basis-projected,inertial,all-cells,lat-lon-metres,500,500,168,68,4.6396368884459336e-10,0.007634017963765268,3.363597963259821e-05,0.9992804173497984
basis-projected,inertial,all-cells,lat-lon-metres,500,500,168,69,4.6006860425625403e-10,0.0075699285825643016,3.3073586332583275e-05,0.999313490936131
basis-projected,inertial,all-cells,lat-lon-metres,500,500,168,70,4.4429408073816145e-10,0.0073103759520408975,3.084445847222924e-05,0.9993443353946033
basis-projected,inertial,all-cells,lat-lon-metres,500,500,168,71,4.3450896201501125e-10,0.007149372464254754,2.9500784988982876e-05,0.9993738361795923
basis-projected,inertial,all-cells,lat-lon-metres,500,500,168,72,4.2301677823380885e-10,0.006960281077282061,2.796090873108915e-05,0.9994017970883233
basis-projected,inertial,all-cells,lat-lon-metres,500,500,168,73,4.0609004014710375e-10,0.006681770009005037,2.5768003536408645e-05,0.9994275650918598
basis-projected,inertial,all-cells,lat-lon-metres,500,500,168,74,3.928015376156351e-10,0.006463122150399121,2.4109180791602818e-05,0.9994516742726514
basis-projected,inertial,all-cells,lat-lon-metres,500,500,168,75,3.845916473684434e-10,0.006328037334206542,2.311190752841767e-05,0.9994747861801798
basis-projected,inertial,all-cells,lat-lon-metres,500,500,168,76,3.7987664242846554e-10,0.006250457055239734,2.2548687976133597e-05,0.999497334868156
basis-projected,inertial,all-cells,lat-lon-metres,500,500,168,77,3.7586519166769925e-10,0.00618445299521359,2.2074979643224027e-05,0.9995194098477992
basis-projected,inertial,all-cells,lat-lon-metres,500,500,168,78,3.6829753448509334e-10,0.006059935425704004,2.119501452174068e-05,0.9995406048623209
basis-projected,inertial,all-cells,lat-lon-metres,500,500,168,79,3.5030827711037423e-10,0.005763941757976696,1.9175067142952306e-05,0.9995597799294639
basis-projected,inertial,all-cells,lat-lon-metres,500,500,168,80,3.4371486631436994e-10,0.005655454353316802,1.846004386079641e-05,0.9995782399733246
basis-projected,inertial,all-cells,lat-lon-metres,500,500,168,81,3.3819992800160963e-10,0.005564712040586437,1.787240992667674e-05,0.9995961123832513
basis-projected,inertial,all-cells,lat-lon-metres,500,500,168,82,3.293460214230538e-10,0.005419030635995238,1.6948877400448134e-05,0.9996130612606516
basis-projected,inertial,all-cells,lat-lon-metres,500,500,168,83,3.226451355573961e-10,0.005308774845937697,1.626620865263948e-05,0.9996293274693043
basis-projected,inertial,all-cells,lat-lon-metres,500,500,168,84,3.1771582313254395e-10,0.00522766837035543,1.5772981148336138e-05,0.9996451004504526
basis-projected,inertial,all-cells,lat-lon-metres,500,500,168,85,3.1320373275634616e-10,0.0051534268298766795,1.532815749339676e-05,0.999660428607946
basis-projected,inertial,all-cells,lat-lon-metres,500,500,168,86,3.006801280790035e-10,0.004947364533674116,1.4126856983739694e-05,0.9996745554649298
basis-projected,inertial,all-cells,lat-lon-metres,500,500,168,87,2.9809189900919235e-10,0.0049047780388937106,1.388469815397355e-05,0.9996884401630838
basis-projected,inertial,all-cells,lat-lon-metres,500,500,168,88,2.928178539189575e-10,0.004817999362181261,1.3397729404505583e-05,0.9997018378924882
basis-projected,inertial,all-cells,lat-lon-metres,500,500,168,89,2.8621930558567223e-10,0.00470942742493221,1.2800706582595311e-05,0.9997146385990708
basis-projected,inertial,all-cells,lat-lon-metres,500,500,168,90,2.8245820230171067e-10,0.00464754256039714,1.2466498147625603e-05,0.9997271050972184
basis-projected,inertial,all-cells,lat-lon-metres,500,500,168,91,2.759899085919671e-10,0.004541113821333398,1.1902070013113698e-05,0.9997390071672316
basis-projected,inertial,all-cells,lat-lon-metres,500,500,168,92,2.7235655003062514e-10,0.004481330857293349,1.1590755478729001e-05,0.9997505979227103
basis-projected,inertial,all-cells,lat-lon-metres,500,500,168,93,2.676625084102817e-10,0.004404095506954615,1.1194667083291145e-05,0.9997617925897936
basis-projected,inertial,all-cells,lat-lon-metres,500,500,168,94,2.597220289782241e-10,0.00427344355275494,1.0540316923347568e-05,0.999772332906717
basis-projected,inertial,all-cells,lat-lon-metres,500,500,168,95,2.5835699736778277e-10,0.004250983442005395,1.0429813733488982e-05,0.9997827627204505
basis-projected,inertial,all-cells,lat-lon-metres,500,500,168,96,2.492804696152217e-10,0.004101639048084788,9.709851851294012e-06,0.9997924725723017
basis-projected,inertial,all-cells,lat-lon-metres,500,500,168,97,2.465888652270575e-10,0.004057351624856119,9.501299747658636e-06,0.9998019738720494
basis-projected,inertial,all-cells,lat-lon-metres,500,500,168,98,2.406020754653713e-10,0.003958845509647377,9.045546988425334e-06,0.9998110194190378
basis-projected,inertial,all-cells,lat-lon-metres,500,500,168,99,2.3951876332184616e-10,0.003941020786370797,8.964275116488463e-06,0.9998199836941543
basis-projected,inertial,all-cells,lat-lon-metres,500,500,168,100,2.356659519646672e-10,0.003877626965218653,8.678202489845923e-06,0.9998286618966441
basis-projected,inertial,all-cells,lat-lon-metres,500,500,168,101,2.295966684585516e-10,0.003777763505152945,8.236965734519213e-06,0.9998368988623786
basis-projected,inertial,all-cells,lat-lon-metres,500,500,168,102,2.2852759811708887e-10,0.0037601731152420896,8.160436798841125e-06,0.9998450592991774
basis-projected,inertial,all-cells,lat-lon-metres,500,500,168,103,2.2586170273875234e-10,0.0037163087058129356,7.971155680192755e-06,0.9998530304548575
basis-projected,inertial,all-cells,lat-lon-metres,500,500,168,104,2.2319954932639147e-10,0.0036725058663647195,7.784356589719892e-06,0.9998608148114473
basis-projected,inertial,all-cells,lat-lon-metres,500,500,168,105,2.1571694536248018e-10,0.0035493877550778394,7.2711753669768845e-06,0.9998680859868143
basis-projected,inertial,all-cells,lat-lon-metres,500,500,168,106,2.1182784753432485e-10,0.0034853968795054134,7.011358952811696e-06,0.9998750973457672
basis-projected,inertial,all-cells,lat-lon-metres,500,500,168,107,2.0614515710067524e-10,0.003391894388047447,6.640218471258885e-06,0.9998817375642385
basis-projected,inertial,all-cells,lat-lon-metres,500,500,168,108,2.0078552735833275e-10,0.0033037075089533846,6.299424955596801e-06,0.9998880369891942
basis-projected,inertial,all-cells,lat-lon-metres,500,500,168,109,1.9944570130914843e-10,0.003281662128304599,6.215634320019701e-06,0.9998942526235142
basis-projected,inertial,all-cells,lat-lon-metres,500,500,168,110,1.9253869407496673e-10,0.0031680148352741713,5.792581314614688e-06,0.9999000452048288
basis-projected,inertial,all-cells,lat-lon-metres,500,500,168,111,1.886682169543536e-10,0.003104330343195309,5.562033311225567e-06,0.9999056072381399
basis-projected,inertial,all-cells,lat-lon-metres,500,500,168,112,1.840680035264801e-10,0.0030286388337304308,5.294106809325176e-06,0.9999109013449492
basis-projected,inertial,all-cells,lat-lon-metres,500,500,168,113,1.8188529524747042e-10,0.0029927247425800773,5.169294488883312e-06,0.9999160706394381
basis-projected,inertial,all-cells,lat-lon-metres,500,500,168,114,1.7607505194591848e-10,0.0028971235073878302,4.8443079783984505e-06,0.9999209149474165
basis-projected,inertial,all-cells,lat-lon-metres,500,500,168,115,1.726199891138402e-10,0.0028402742056855626,4.6560567511410756e-06,0.9999255710041677
basis-projected,inertial,all-cells,lat-lon-metres,500,500,168,116,1.714908223337839e-10,0.002821694994229375,4.5953422395332795e-06,0.9999301663464072
basis-projected,inertial,all-cells,lat-lon-metres,500,500,168,117,1.6834556209870183e-10,0.0027699431573666076,4.428324518190315e-06,0.9999345946709255
basis-projected,inertial,all-cells,lat-lon-metres,500,500,168,118,1.659992692450055e-10,0.0027313374599294287,4.305746406432645e-06,0.9999389004173319
basis-projected,inertial,all-cells,lat-lon-metres,500,500,168,119,1.6132535820599356e-10,0.002654433336415553,4.066692844236923e-06,0.9999429671101762
basis-projected,inertial,all-cells,lat-lon-metres,500,500,168,120,1.5564648693125875e-10,0.0025609936850643947,3.785425826898155e-06,0.9999467525360032
basis-projected,inertial,all-cells,lat-lon-metres,500,500,168,121,1.5349746508841722e-10,0.0025256338675889558,3.6816161881717015e-06,0.9999504341521913
basis-projected,inertial,all-cells,lat-lon-metres,500,500,168,122,1.5040628406915367e-10,0.002474771845414172,3.5348261473404442e-06,0.9999539689783385
basis-projected,inertial,all-cells,lat-lon-metres,500,500,168,123,1.460930522990784e-10,0.0024038023070508652,3.3349952601727685e-06,0.9999573039735987
basis-projected,inertial,all-cells,lat-lon-metres,500,500,168,124,1.4420841788770585e-10,0.002372792697252786,3.2495058250956383e-06,0.9999605534794238
basis-projected,inertial,all-cells,lat-lon-metres,500,500,168,125,1.3683501733014844e-10,0.0022514714092644835,2.925705434680238e-06,0.9999634791848585
basis-projected,inertial,all-cells,lat-lon-metres,500,500,168,126,1.3185786511373625e-10,0.0021695777819353596,2.7167406129972294e-06,0.9999661959254715
basis-projected,inertial,all-cells,lat-lon-metres,500,500,168,127,1.3006559719559826e-10,0.0021400879623397393,2.6433883647946284e-06,0.9999688393138363
basis-projected,inertial,all-cells,lat-lon-metres,500,500,168,128,1.2682975798424592e-10,0.0020868457469223295,2.513497298852797e-06,0.9999713528111353
basis-projected,inertial,all-cells,lat-lon-metres,500,500,168,129,1.2312051195025917e-10,0.002025814137043556,2.3686283374819696e-06,0.9999737214394726
basis-projected,inertial,all-cells,lat-lon-metres,500,500,168,130,1.2130993344227168e-10,0.001996023036603768,2.2994756989445204e-06,0.9999760209151716
basis-projected,inertial,all-cells,lat-lon-metres,500,500,168,131,1.1879600669228806e-10,0.00195465910569625,2.2051583426452743e-06,0.9999782260735143
basis-projected,inertial,all-cells,lat-lon-metres,500,500,168,132,1.1188661793571459e-10,0.0018409726273046461,1.9561060130916637e-06,0.9999801821795273
basis-projected,inertial,all-cells,lat-lon-metres,500,500,168,133,1.0525107761164364e-10,0.0017317920270740667,1.7309686306285657e-06,0.999981913148158
basis-projected,inertial,all-cells,lat-lon-metres,500,500,168,134,9.924002779124022e-11,0.001632886738980674,1.5388980516926995e-06,0.9999834520462096
basis-projected,inertial,all-cells,lat-lon-metres,500,500,168,135,9.74372965774119e-11,0.0016032247572327547,1.4834965718649346e-06,0.9999849355427815
basis-projected,inertial,all-cells,lat-lon-metres,500,500,168,136,9.50123246383213e-11,0.0015633244810047907,1.4105743532248222e-06,0.9999863461171347
basis-projected,inertial,all-cells,lat-lon-metres,500,500,168,137,9.306469684247197e-11,0.0015312783835671473,1.353337229992402e-06,0.9999876994543646
basis-projected,inertial,all-cells,lat-lon-metres,500,500,168,138,9.2451879037508e-11,0.0015211951329936802,1.3355728444509645e-06,0.9999890350272091
basis-projected,inertial,all-cells,lat-lon-metres,500,500,168,139,8.679798545857348e-11,0.0014281664624649817,1.1772139135631667e-06,0.9999902122411227
basis-projected,inertial,all-cells,lat-lon-metres,500,500,168,140,8.527845044822446e-11,0.001403164166284299,1.1363567504549268e-06,0.9999913485978732
basis-projected,inertial,all-cells,lat-lon-metres,500,500,168,141,8.143307865874287e-11,0.0013398927551284759,1.0361861986359827e-06,0.9999923847840718
basis-projected,inertial,all-cells,lat-lon-metres,500,500,168,142,7.902699545575155e-11,0.001300303272512516,9.7585892133526e-07,0.999993360642993
basis-projected,inertial,all-cells,lat-lon-metres,500,500,168,143,7.822423271496175e-11,0.0012870946845751883,9.561339060460714e-07,0.9999943167768991
basis-projected,inertial,all-cells,lat-lon-metres,500,500,168,144,7.301287974272935e-11,0.0012013475384900789,8.329809156635811e-07,0.9999951497578148
basis-projected,inertial,all-cells,lat-lon-metres,500,500,168,145,6.718191551409387e-11,0.0011054053629755937,7.052463712829059e-07,0.9999958550041861
basis-projected,inertial,all-cells,lat-lon-metres,500,500,168,146,6.61154120452001e-11,0.0010878572081615212,6.830327271451581e-07,0.9999965380369132
basis-projected,inertial,all-cells,lat-lon-metres,500,500,168,147,6.354987467398402e-11,0.0010456440806054662,6.310525009150992e-07,0.9999971690894142
basis-projected,inertial,all-cells,lat-lon-metres,500,500,168,148,5.903938590554115e-11,0.0009714288928406585,5.446528223789866e-07,0.9999977137422366
basis-projected,inertial,all-cells,lat-lon-metres,500,500,168,149,5.419557606267174e-11,0.0008917292692653448,4.589483038823572e-07,0.9999981726905404
basis-projected,inertial,all-cells,lat-lon-metres,500,500,168,150,4.7187056517471616e-11,0.0007764117015464217,3.479219830563518e-07,0.9999985206125235
basis-projected,inertial,all-cells,lat-lon-metres,500,500,168,151,4.4872127121830976e-11,0.0007383220557054337,3.146222337114312e-07,0.9999988352347572
basis-projected,inertial,all-cells,lat-lon-metres,500,500,168,152,4.179006372780415e-11,0.0006876100541389811,2.728865697784234e-07,0.9999991081213271
basis-projected,inertial,all-cells,lat-lon-metres,500,500,168,153,3.617782465047844e-11,0.0005952667631371703,2.045130352544269e-07,0.9999993126343624
basis-projected,inertial,all-cells,lat-lon-metres,500,500,168,154,3.448683207287023e-11,0.0005674433191383475,1.8584149908506706e-07,0.9999994984758614
basis-projected,inertial,all-cells,lat-lon-metres,500,500,168,155,3.244349372947917e-11,0.0005338224087211044,1.644717551076762e-07,0.9999996629476166
basis-projected,inertial,all-cells,lat-lon-metres,500,500,168,156,2.7591257817338043e-11,0.00045398414333883277,1.1895401196002319e-07,0.9999997819016285
basis-projected,inertial,all-cells,lat-lon-metres,500,500,168,157,2.0836987182238725e-11,0.00034284996495326643,6.784314066478547e-08,0.9999998497447693
basis-projected,inertial,all-cells,lat-lon-metres,500,500,168,158,1.854982083136153e-11,0.0003052171298230062,5.376696641014475e-08,0.9999999035117356
basis-projected,inertial,all-cells,lat-lon-metres,500,500,168,159,1.4653446445080825e-11,0.00024110652639950208,3.355178716628369e-08,0.9999999370635227
basis-projected,inertial,all-cells,lat-lon-metres,500,500,168,160,1.146517710296861e-11,0.0001886470214507015,2.0539867170825076e-08,0.9999999576033899
basis-projected,inertial,all-cells,lat-lon-metres,500,500,168,161,1.102882338750158e-11,0.00018146729557446637,1.9006163440429287e-08,0.9999999766095533
basis-projected,inertial,all-cells,lat-lon-metres,500,500,168,162,8.63487225639396e-12,0.00014207743300836113,1.165059027696095e-08,0.9999999882601435
basis-projected,inertial,all-cells,lat-lon-metres,500,500,168,163,5.489596493822571e-12,9.032534065764248e-05,4.708872615243062e-09,0.9999999929690162
basis-projected,inertial,all-cells,lat-lon-metres,500,500,168,164,4.89192039448098e-12,8.04912303843811e-05,3.739339161032703e-09,0.9999999967083554
basis-projected,inertial,all-cells,lat-lon-metres,500,500,168,165,2.9642125489137416e-12,4.87728940667285e-05,1.3729501801722646e-09,0.9999999980813055
basis-projected,inertial,all-cells,lat-lon-metres,500,500,168,166,2.6573571991690578e-12,4.372392297577523e-05,1.1034075896242038e-09,0.9999999991847132
basis-projected,inertial,all-cells,lat-lon-metres,500,500,168,167,2.0409809897983e-12,3.358212272737258e-05,6.508996148970003e-10,0.9999999998356128
basis-projected,inertial,all-cells,lat-lon-metres,500,500,168,168,1.0256893397045216e-12,1.687660270148768e-05,1.6438711700865032e-10,0.9999999999999999
basis-projected,inertial,ocean-land,row-column,50,50,168,1,1.4848693138612305e-07,1.0,0.6432821973895675,0.6432821973895675
basis-projected,inertial,ocean-land,row-column,50,50,168,2,7.33849023376581e-08,0.4942179197361764,0.1571225465510973,0.8004047439406649
basis-projected,inertial,ocean-land,row-column,50,50,168,3,5.585878848100892e-08,0.3761865637572819,0.09103493621234114,0.8914396801530059
basis-projected,inertial,ocean-land,row-column,50,50,168,4,3.828947879572114e-08,0.25786430117647047,0.04277440503165761,0.9342140851846635
basis-projected,inertial,ocean-land,row-column,50,50,168,5,2.8631241248988353e-08,0.1928199403254966,0.02391692936206174,0.9581310145467253
basis-projected,inertial,ocean-land,row-column,50,50,168,6,2.1719198696725374e-08,0.14627010265467144,0.013762985901425986,0.9718940004481512
basis-projected,inertial,ocean-land,row-column,50,50,168,7,1.73219699933408e-08,0.11665652883819806,0.008754263850848862,0.9806482642990001
basis-projected,inertial,ocean-land,row-column,50,50,168,8,1.270245266226363e-08,0.08554593016157344,0.004707607415972223,0.9853558717149723
basis-projected,inertial,ocean-land,row-column,50,50,168,9,1.2182614900345884e-08,0.08204503107863685,0.004330181501053312,0.9896860532160255
basis-projected,inertial,ocean-land,row-column,50,50,168,10,1.0259226418397578e-08,0.06909178014945738,0.003070819554519286,0.9927568727705447
basis-projected,inertial,ocean-land,row-column,50,50,168,11,8.850701446845491e-09,0.059605928711869385,0.0022854959219984977,0.9950423686925433
basis-projected,inertial,ocean-land,row-column,50,50,168,12,7.340062332589831e-09,0.049432379429425,0.0015718987337747794,0.9966142674263181
basis-projected,inertial,ocean-land,row-column,50,50,168,13,5.6961010775073264e-09,0.03836095893648227,0.000946630389933832,0.9975608978162519
basis-projected,inertial,ocean-land,row-column,50,50,168,14,5.493983137085252e-09,0.03699977557485369,0.0008806426449748241,0.9984415404612268
basis-projected,inertial,ocean-land,row-column,50,50,168,15,4.494825857130597e-09,0.030270851550176652,0.0005894552080161261,0.9990309956692429
basis-projected,inertial,ocean-land,row-column,50,50,168,16,2.8944516689982147e-09,0.019492972492451396,0.00024443178117700566,0.9992754274504199
basis-projected,inertial,ocean-land,row-column,50,50,168,17,2.7380734032011125e-09,0.01843982751640998,0.00021873346937005436,0.9994941609197898
basis-projected,inertial,ocean-land,row-column,50,50,168,18,2.3513293473784882e-09,0.01583526122756304,0.00016130654785433504,0.9996554674676442
basis-projected,inertial,ocean-land,row-column,50,50,168,19,2.0193155952133e-09,0.013599281609250204,0.00011896890568010377,0.9997744363733243
basis-projected,inertial,ocean-land,row-column,50,50,168,20,1.5288883114451482e-09,0.010296450315007531,6.81987773738473e-05,0.9998426351506983
basis-projected,inertial,ocean-land,row-column,50,50,168,21,1.3795477206732887e-09,0.009290701261014915,5.55262730082145e-05,0.9998981614237064
basis-projected,inertial,ocean-land,row-column,50,50,168,22,1.1747578222605454e-09,0.007911523332687938,4.026444888413171e-05,0.9999384258725905
basis-projected,inertial,ocean-land,row-column,50,50,168,23,7.786039790626024e-10,0.005243585895367,1.7687168197767124e-05,0.9999561130407884
basis-projected,inertial,ocean-land,row-column,50,50,168,24,6.516158443237859e-10,0.004388371678510443,1.2388203753346725e-05,0.9999685012445417
basis-projected,inertial,ocean-land,row-column,50,50,168,25,6.419682249789331e-10,0.00432339882699555,1.2024087650095886e-05,0.9999805253321917
basis-projected,inertial,ocean-land,row-column,50,50,168,26,4.859271630563397e-10,0.0032725247839673,6.889178240794057e-06,0.9999874145104325
basis-projected,inertial,ocean-land,row-column,50,50,168,27,4.407277170304376e-10,0.0029681246215828667,5.667164195963846e-06,0.9999930816746285
basis-projected,inertial,ocean-land,row-column,50,50,168,28,2.954270127020871e-10,0.001989582584435417,2.546393248278778e-06,0.9999956280678768
basis-projected,inertial,ocean-land,row-column,50,50,168,29,2.2913494395798183e-10,0.0015431320576094537,1.5318199442452538e-06,0.9999971598878211
basis-projected,inertial,ocean-land,row-column,50,50,168,30,1.6157204134354755e-10,0.0010881229737544928,7.616535876503565e-07,0.9999979215414087
basis-projected,inertial,ocean-land,row-column,50,50,168,31,1.2989917416860775e-10,0.0008748189012730016,4.923090826966185e-07,0.9999984138504914
basis-projected,inertial,ocean-land,row-column,50,50,168,32,1.0665189036995258e-10,0.0007182577575976482,3.318655586808615e-07,0.9999987457160501
basis-projected,inertial,ocean-land,row-column,50,50,168,33,9.316164116463527e-11,0.0006274063333047083,2.532207724621303e-07,0.9999989989368224
basis-projected,inertial,ocean-land,row-column,50,50,168,34,8.90745053133917e-11,0.0005998811106262529,2.3148982485172597e-07,0.9999992304266472
basis-projected,inertial,ocean-land,row-column,50,50,168,35,7.926256834333791e-11,0.0005338016457301875,1.8329952916943835e-07,0.9999994137261764
basis-projected,inertial,ocean-land,row-column,50,50,168,36,7.361989875827354e-11,0.000495800526491005,1.581304474538553e-07,0.9999995718566238
basis-projected,inertial,ocean-land,row-column,50,50,168,37,6.884442441781311e-11,0.00046363961983153366,1.3828103285062347e-07,0.9999997101376568
basis-projected,inertial,ocean-land,row-column,50,50,168,38,5.69107706015156e-11,0.00038327124192179404,9.449612516675047e-08,0.9999998046337819
basis-projected,inertial,ocean-land,row-column,50,50,168,39,4.6245317912889306e-11,0.0003114436905739113,6.239655420095197e-08,0.9999998670303362
basis-projected,inertial,ocean-land,row-column,50,50,168,40,4.164327086122094e-11,0.00028045074723062624,5.059583126758972e-08,0.9999999176261675
basis-projected,inertial,ocean-land,row-column,50,50,168,41,3.6485505003674586e-11,0.00024571526034704197,3.88387989811832e-08,0.9999999564649664
basis-projected,inertial,ocean-land,row-column,50,50,168,42,2.335039569779624e-11,0.0001572555610101218,1.5907925821457272e-08,0.9999999723728923
basis-projected,inertial,ocean-land,row-column,50,50,168,43,1.9454017658821748e-11,0.00013101501578097693,1.1041896693206146e-08,0.9999999834147889
basis-projected,inertial,ocean-land,row-column,50,50,168,44,1.8205369165316866e-11,0.000122605868377574,9.669945978984166e-09,0.9999999930847349
basis-projected,inertial,ocean-land,row-column,50,50,168,45,1.2204887128092466e-11,8.219502561040252e-05,4.346028829004513e-09,0.9999999974307636
basis-projected,inertial,ocean-land,row-column,50,50,168,46,7.86896016572676e-12,5.2994294462618e-05,1.806590664721977e-09,0.9999999992373543
basis-projected,inertial,ocean-land,row-column,50,50,168,47,4.199496552624287e-12,2.8281926991298534e-05,5.145404550520366e-10,0.9999999997518948
basis-projected,inertial,ocean-land,row-column,50,50,168,48,2.560404467258065e-12,1.7243298405837682e-05,1.9126795769186747e-10,0.9999999999431628
basis-projected,inertial,ocean-land,row-column,50,50,168,49,1.2100992075264651e-12,8.149533404928023e-06,4.272351941361609e-11,0.9999999999858864
basis-projected,inertial,ocean-land,row-column,50,50,168,50,6.954861974271278e-13,4.683820932487295e-06,1.4112439689963111e-11,0.9999999999999987
basis-projected,inertial,ocean-land,row-column,50,50,168,51,1.9084368793569984e-15,1.285255787524041e-08,1.0626265654233406e-16,0.9999999999999989
basis-projected,inertial,ocean-land,row-column,50,50,168,52,1.589076586997465e-15,1.07017942398261e-08,7.367408078436046e-17,0.9999999999999989
basis-projected,inertial,ocean-land,row-column,50,50,168,53,1.3112230815079112e-15,8.830562186635991e-09,5.0162392167958484e-17,0.9999999999999989
basis-projected,inertial,ocean-land,row-column,50,50,168,54,1.1729208434570876e-15,7.899152016328245e-09,4.0138623615416366e-17,0.9999999999999989
basis-projected,inertial,ocean-land,row-column,50,50,168,55,1.1014179919781904e-15,7.41760895518866e-09,3.539398000030981e-17,0.9999999999999989
basis-projected,inertial,ocean-land,row-column,50,50,168,56,1.0663376113759954e-15,7.181356644802013e-09,3.317527438690943e-17,0.9999999999999989
basis-projected,inertial,ocean-land,row-column,50,50,168,57,1.0540909577391777e-15,7.098880338486734e-09,3.241762870872969e-17,0.9999999999999989
basis-projected,inertial,ocean-land,row-column,50,50,168,58,1.0038974981348181e-15,6.760847495220297e-09,2.940382381996996e-17,0.9999999999999989
basis-projected,inertial,ocean-land,row-column,50,50,168,59,9.76821517710602e-16,6.578501613522412e-09,2.783912004417916e-17,0.9999999999999989
basis-projected,inertial,ocean-land,row-column,50,50,168,60,9.493496107972927e-16,6.393489325526022e-09,2.629525710051892e-17,0.9999999999999989
basis-projected,inertial,ocean-land,row-column,50,50,168,61,9.318485464022198e-16,6.275626667636195e-09,2.5334698034094694e-17,0.9999999999999989
basis-projected,inertial,ocean-land,row-column,50,50,168,62,9.062211817285439e-16,6.10303663271228e-09,2.3960368120178486e-17,0.9999999999999989
basis-projected,inertial,ocean-land,row-column,50,50,168,63,8.791589639123808e-16,5.920783436666421e-09,2.2550692612408836e-17,0.9999999999999989
basis-projected,inertial,ocean-land,row-column,50,50,168,64,8.411296649138443e-16,5.664671342197679e-09,2.0641961701253844e-17,0.9999999999999989
basis-projected,inertial,ocean-land,row-column,50,50,168,65,8.339204498982407e-16,5.616120167031583e-09,2.02896388177785e-17,0.9999999999999989
basis-projected,inertial,ocean-land,row-column,50,50,168,66,7.911353196981959e-16,5.3279794545753004e-09,1.8261086579285094e-17,0.9999999999999989
basis-projected,inertial,ocean-land,row-column,50,50,168,67,7.830424903218259e-16,5.27347749065953e-09,1.7889397981612947e-17,0.9999999999999989
basis-projected,inertial,ocean-land,row-column,50,50,168,68,7.549411120308828e-16,5.0842259650968604e-09,1.6628429026184194e-17,0.9999999999999989
basis-projected,inertial,ocean-land,row-column,50,50,168,69,7.497769222423651e-16,5.049447215611569e-09,1.6401712912299226e-17,0.9999999999999989
basis-projected,inertial,ocean-land,row-column,50,50,168,70,7.307704913292945e-16,4.921446517262927e-09,1.558070383392836e-17,0.9999999999999989
basis-projected,inertial,ocean-land,row-column,50,50,168,71,7.208002744610806e-16,4.854301100658637e-09,1.5158455556857758e-17,0.9999999999999989
basis-projected,inertial,ocean-land,row-column,50,50,168,72,7.058030125544281e-16,4.753300549521555e-09,1.4534231841392305e-17,0.9999999999999989
basis-projected,inertial,ocean-land,row-column,50,50,168,73,6.842679789613901e-16,4.608270725064892e-09,1.3660843074195679e-17,0.9999999999999989
basis-projected,inertial,ocean-land,row-column,50,50,168,74,6.615012676195596e-16,4.454946044372096e-09,1.276692860104703e-17,0.9999999999999989
basis-projected,inertial,ocean-land,row-column,50,50,168,75,6.157316260989269e-16,4.146705843747206e-09,1.1061346326891757e-17,0.9999999999999989
basis-projected,inertial,ocean-land,row-column,50,50,168,76,6.049081435926598e-16,4.073814024883215e-09,1.0675886072892061e-17,0.9999999999999989
basis-projected,inertial,ocean-land,row-column,50,50,168,77,5.865682846273671e-16,3.950302421578531e-09,1.0038347428703398e-17,0.9999999999999989
basis-projected,inertial,ocean-land,row-column,50,50,168,78,5.760105140175172e-16,3.879200065894477e-09,9.68023475706955e-18,0.9999999999999989
basis-projected,inertial,ocean-land,row-column,50,50,168,79,5.622144819718078e-16,3.786289316666086e-09,9.222085083697201e-18,0.9999999999999989
basis-projected,inertial,ocean-land,row-column,50,50,168,80,5.325151227145395e-16,3.586276029435854e-09,8.273494059899407e-18,0.9999999999999989
basis-projected,inertial,ocean-land,row-column,50,50,168,81,5.110665633477948e-16,3.4418285742522716e-09,7.620439232091514e-18,0.9999999999999989
basis-projected,inertial,ocean-land,row-column,50,50,168,82,5.013529454656586e-16,3.376411249027353e-09,7.333515422600499e-18,0.9999999999999989
basis-projected,inertial,ocean-land,row-column,50,50,168,83,4.770169481196827e-16,3.2125180557422624e-09,6.638847416087206e-18,0.9999999999999989
basis-projected,inertial,ocean-land,row-column,50,50,168,84,4.657374034089312e-16,3.1365548406265806e-09,6.328594991711444e-18,0.9999999999999989
basis-projected,inertial,ocean-land,row-column,50,50,168,85,4.460319800858024e-16,3.003846708407947e-09,5.804396409483581e-18,0.9999999999999989
basis-projected,inertial,ocean-land,row-column,50,50,168,86,4.3731931670062486e-16,2.945170410744274e-09,5.5798482734418824e-18,0.9999999999999989
basis-projected,inertial,ocean-land,row-column,50,50,168,87,4.13773580364844e-16,2.786599308789497e-09,4.995173561107108e-18,0.9999999999999989
basis-projected,inertial,ocean-land,row-column,50,50,168,88,4.0266762848774805e-16,2.7118051718683414e-09,4.730624775376982e-18,0.9999999999999989
basis-projected,inertial,ocean-land,row-column,50,50,168,89,3.7447059414199834e-16,2.521909441095735e-09,4.091292291385084e-18,0.9999999999999989
basis-projected,inertial,ocean-land,row-column,50,50,168,90,3.485322387363362e-16,2.3472250081727294e-09,3.544140905379872e-18,0.9999999999999989
basis-projected,inertial,ocean-land,row-column,50,50,168,91,3.3978905775683927e-16,2.2883431867364626e-09,3.36855658013579e-18,0.9999999999999989
basis-projected,inertial,ocean-land,row-column,50,50,168,92,3.1952598209578375e-16,2.1518794894137418e-09,2.9787731107592473e-18,0.9999999999999989
basis-projected,inertial,ocean-land,row-column,50,50,168,93,2.9307387387366676e-16,1.973735137077903e-09,2.5059896783561568e-18,0.9999999999999989
basis-projected,inertial,ocean-land,row-column,50,50,168,94,2.82053558997262e-16,1.8995177310507846e-09,2.321069989081401e-18,0.9999999999999989
basis-projected,inertial,ocean-land,row-column,50,50,168,95,2.406338842139061e-16,1.620572813833465e-09,1.6894238881505778e-18,0.9999999999999989
basis-projected,inertial,ocean-land,row-column,50,50,168,96,2.2962434967390243e-16,1.5464280090534765e-09,1.5383705125688307e-18,0.9999999999999989
basis-projected,inertial,ocean-land,row-column,50,50,168,97,2.012301080173611e-16,1.3552041660426366e-09,1.1814381448678723e-18,0.9999999999999989
basis-projected,inertial,ocean-land,row-column,50,50,168,98,1.8248627009742779e-16,1.2289719263097532e-09,9.715954162422263e-19,0.9999999999999989
basis-projected,inertial,ocean-land,row-column,50,50,168,99,1.7971987459308283e-16,1.2103413607877864e-09,9.423609511466918e-19,0.9999999999999989
basis-projected,inertial,ocean-land,row-column,50,50,168,100,1.4679227214888755e-16,9.885871489065341e-10,6.286826190752653e-19,0.9999999999999989
basis-projected,inertial,ocean-land,row-column,50,50,168,101,1.3696972231847885e-16,9.224362106474204e-10,5.473614643560374e-19,0.9999999999999989
basis-projected,inertial,ocean-land,row-column,50,50,168,102,1.2945891437785537e-16,8.718539279474532e-10,4.889776281847714e-19,0.9999999999999989
basis-projected,inertial,ocean-land,row-column,50,50,168,103,1.0796219107773659e-16,7.270821079667505e-10,3.4007009907555903e-19,0.9999999999999989
basis-projected,inertial,ocean-land,row-column,50,50,168,104,1.0458419877752179e-16,7.043326830262436e-10,3.1912234550657625e-19,0.9999999999999989
basis-projected,inertial,ocean-land,row-column,50,50,168,105,9.078784271016814e-17,6.114197516418793e-10,2.404808294754312e-19,0.9999999999999989
basis-projected,inertial,ocean-land,row-column,50,50,168,106,8.719966888017131e-17,5.872548382956253e-10,2.2184760251885477e-19,0.9999999999999989
basis-projected,inertial,ocean-land,row-column,50,50,168,107,7.92162457316514e-17,5.334896814970116e-10,1.8308534403865637e-19,0.9999999999999989
basis-projected,inertial,ocean-land,row-column,50,50,168,108,5.5422346639686945e-17,3.7324730279170194e-10,8.961792595341417e-20,0.9999999999999989
basis-projected,inertial,ocean-land,row-column,50,50,168,109,4.8865419178212594e-17,3.290890230005746e-10,6.9667195053436e-20,0.9999999999999989
basis-projected,inertial,ocean-land,row-column,50,50,168,110,3.653243957163589e-17,2.4603134586058296e-10,3.893878689245717e-20,0.9999999999999989
basis-projected,inertial,ocean-land,row-column,50,50,168,111,0.0,0.0,0.0,0.9999999999999989
basis-projected,inertial,ocean-land,row-column,50,50,168,112,0.0,0.0,0.0,0.9999999999999989
basis-projected,inertial,ocean-land,row-column,50,50,168,113,0.0,0.0,0.0,0.9999999999999989
basis-projected,inertial,ocean-land,row-column,50,50,168,114,0.0,0.0,0.0,0.9999999999999989
basis-projected,inertial,ocean-land,row-column,50,50,168,115,0.0,0.0,0.0,0.9999999999999989
basis-projected,inertial,ocean-land,row-column,50,50,168,116,0.0,0.0,0.0,0.9999999999999989
basis-projected,inertial,ocean-land,row-column,50,50,168,117,0.0,0.0,0.0,0.9999999999999989
basis-projected,inertial,ocean-land,row-column,50,50,168,118,0.0,0.0,0.0,0.9999999999999989
basis-projected,inertial,ocean-land,row-column,50,50,168,119,0.0,0.0,0.0,0.9999999999999989
basis-projected,inertial,ocean-land,row-column,50,50,168,120,0.0,0.0,0.0,0.9999999999999989
basis-projected,inertial,ocean-land,row-column,50,50,168,121,0.0,0.0,0.0,0.9999999999999989
basis-projected,inertial,ocean-land,row-column,50,50,168,122,0.0,0.0,0.0,0.9999999999999989
basis-projected,inertial,ocean-land,row-column,50,50,168,123,0.0,0.0,0.0,0.9999999999999989
basis-projected,inertial,ocean-land,row-column,50,50,168,124,0.0,0.0,0.0,0.9999999999999989
basis-projected,inertial,ocean-land,row-column,50,50,168,125,0.0,0.0,0.0,0.9999999999999989
basis-projected,inertial,ocean-land,row-column,50,50,168,126,0.0,0.0,0.0,0.9999999999999989
basis-projected,inertial,ocean-land,row-column,50,50,168,127,0.0,0.0,0.0,0.9999999999999989
basis-projected,inertial,ocean-land,row-column,50,50,168,128,0.0,0.0,0.0,0.9999999999999989
basis-projected,inertial,ocean-land,row-column,50,50,168,129,0.0,0.0,0.0,0.9999999999999989
basis-projected,inertial,ocean-land,row-column,50,50,168,130,0.0,0.0,0.0,0.9999999999999989
basis-projected,inertial,ocean-land,row-column,50,50,168,131,0.0,0.0,0.0,0.9999999999999989
basis-projected,inertial,ocean-land,row-column,50,50,168,132,0.0,0.0,0.0,0.9999999999999989
basis-projected,inertial,ocean-land,row-column,50,50,168,133,0.0,0.0,0.0,0.9999999999999989
basis-projected,inertial,ocean-land,row-column,50,50,168,134,0.0,0.0,0.0,0.9999999999999989
basis-projected,inertial,ocean-land,row-column,50,50,168,135,0.0,0.0,0.0,0.9999999999999989
basis-projected,inertial,ocean-land,row-column,50,50,168,136,0.0,0.0,0.0,0.9999999999999989
basis-projected,inertial,ocean-land,row-column,50,50,168,137,0.0,0.0,0.0,0.9999999999999989
basis-projected,inertial,ocean-land,row-column,50,50,168,138,0.0,0.0,0.0,0.9999999999999989
basis-projected,inertial,ocean-land,row-column,50,50,168,139,0.0,0.0,0.0,0.9999999999999989
basis-projected,inertial,ocean-land,row-column,50,50,168,140,0.0,0.0,0.0,0.9999999999999989
basis-projected,inertial,ocean-land,row-column,50,50,168,141,0.0,0.0,0.0,0.9999999999999989
basis-projected,inertial,ocean-land,row-column,50,50,168,142,0.0,0.0,0.0,0.9999999999999989
basis-projected,inertial,ocean-land,row-column,50,50,168,143,0.0,0.0,0.0,0.9999999999999989
basis-projected,inertial,ocean-land,row-column,50,50,168,144,0.0,0.0,0.0,0.9999999999999989
basis-projected,inertial,ocean-land,row-column,50,50,168,145,0.0,0.0,0.0,0.9999999999999989
basis-projected,inertial,ocean-land,row-column,50,50,168,146,0.0,0.0,0.0,0.9999999999999989
basis-projected,inertial,ocean-land,row-column,50,50,168,147,0.0,0.0,0.0,0.9999999999999989
basis-projected,inertial,ocean-land,row-column,50,50,168,148,0.0,0.0,0.0,0.9999999999999989
basis-projected,inertial,ocean-land,row-column,50,50,168,149,0.0,0.0,0.0,0.9999999999999989
basis-projected,inertial,ocean-land,row-column,50,50,168,150,0.0,0.0,0.0,0.9999999999999989
basis-projected,inertial,ocean-land,row-column,50,50,168,151,0.0,0.0,0.0,0.9999999999999989
basis-projected,inertial,ocean-land,row-column,50,50,168,152,0.0,0.0,0.0,0.9999999999999989
basis-projected,inertial,ocean-land,row-column,50,50,168,153,0.0,0.0,0.0,0.9999999999999989
basis-projected,inertial,ocean-land,row-column,50,50,168,154,0.0,0.0,0.0,0.9999999999999989
basis-projected,inertial,ocean-land,row-column,50,50,168,155,0.0,0.0,0.0,0.9999999999999989
basis-projected,inertial,ocean-land,row-column,50,50,168,156,0.0,0.0,0.0,0.9999999999999989
basis-projected,inertial,ocean-land,row-column,50,50,168,157,0.0,0.0,0.0,0.9999999999999989
basis-projected,inertial,ocean-land,row-column,50,50,168,158,0.0,0.0,0.0,0.9999999999999989
basis-projected,inertial,ocean-land,row-column,50,50,168,159,0.0,0.0,0.0,0.9999999999999989
basis-projected,inertial,ocean-land,row-column,50,50,168,160,0.0,0.0,0.0,0.9999999999999989
basis-projected,inertial,ocean-land,row-column,50,50,168,161,0.0,0.0,0.0,0.9999999999999989
basis-projected,inertial,ocean-land,row-column,50,50,168,162,0.0,0.0,0.0,0.9999999999999989
basis-projected,inertial,ocean-land,row-column,50,50,168,163,0.0,0.0,0.0,0.9999999999999989
basis-projected,inertial,ocean-land,row-column,50,50,168,164,0.0,0.0,0.0,0.9999999999999989
basis-projected,inertial,ocean-land,row-column,50,50,168,165,0.0,0.0,0.0,0.9999999999999989
basis-projected,inertial,ocean-land,row-column,50,50,168,166,0.0,0.0,0.0,0.9999999999999989
basis-projected,inertial,ocean-land,row-column,50,50,168,167,0.0,0.0,0.0,0.9999999999999989
basis-projected,inertial,ocean-land,row-column,50,50,168,168,0.0,0.0,0.0,0.9999999999999989
basis-projected,inertial,ocean-land,row-column,100,100,168,1,1.0043374560846242e-07,1.0,0.5267055780254275,0.5267055780254275
basis-projected,inertial,ocean-land,row-column,100,100,168,2,5.3334734668346406e-08,0.531043966798471,0.14853502583039002,0.6752406038558175
basis-projected,inertial,ocean-land,row-column,100,100,168,3,4.48535043070937e-08,0.4465979441009158,0.10505128199533942,0.780291885851157
basis-projected,inertial,ocean-land,row-column,100,100,168,4,3.728885055684343e-08,0.3712781031010509,0.07260501021441587,0.8528968960655728
basis-projected,inertial,ocean-land,row-column,100,100,168,5,2.936303149457115e-08,0.2923622067132888,0.04502050686224717,0.89791740292782
basis-projected,inertial,ocean-land,row-column,100,100,168,6,2.1230062789936953e-08,0.211383760122834,0.023534834876234596,0.9214522378040546
basis-projected,inertial,ocean-land,row-column,100,100,168,7,1.8614287644181076e-08,0.18533897676930472,0.018092619082585557,0.9395448568866402
basis-projected,inertial,ocean-land,row-column,100,100,168,8,1.4491269317616668e-08,0.14428685527781063,0.010965323629578099,0.9505101805162183
basis-projected,inertial,ocean-land,row-column,100,100,168,9,1.352778444383283e-08,0.13469361679061978,0.009555687690463088,0.9600658682066814
basis-projected,inertial,ocean-land,row-column,100,100,168,10,1.168246677811609e-08,0.11632013430684736,0.007126523271675593,0.967192391478357
basis-projected,inertial,ocean-land,row-column,100,100,168,11,1.0424378258368262e-08,0.10379358247781925,0.005674255951746555,0.9728666474301035
basis-projected,inertial,ocean-land,row-column,100,100,168,12,9.583779548932545e-09,0.09542389852007101,0.004796033731238507,0.9776626811613421
basis-projected,inertial,ocean-land,row-column,100,100,168,13,9.042259474366989e-09,0.09003208453081032,0.004269357562448003,0.9819320387237902
basis-projected,inertial,ocean-land,row-column,100,100,168,14,7.781093137621981e-09,0.0774748874542259,0.003161475537896472,0.9850935142616867
basis-projected,inertial,ocean-land,row-column,100,100,168,15,7.706092623254654e-09,0.07672812137562404,0.003100823506975786,0.9881943377686624
basis-projected,inertial,ocean-land,row-column,100,100,168,16,6.660779498486937e-09,0.06632013431475275,0.0023166408596831107,0.9905109786283455
basis-projected,inertial,ocean-land,row-column,100,100,168,17,5.740085089734216e-09,0.057152952475871446,0.0017204626901295545,0.9922314413184751
basis-projected,inertial,ocean-land,row-column,100,100,168,18,5.233120769973604e-09,0.052105203667049814,0.0014299804937182837,0.9936614218121935
basis-projected,inertial,ocean-land,row-column,100,100,168,19,4.742533049094485e-09,0.04722051358696798,0.0011744359327820132,0.9948358577449754
basis-projected,inertial,ocean-land,row-column,100,100,168,20,4.4476554380597245e-09,0.044284472426217775,0.0010329299452791851,0.9958687876902547
basis-projected,inertial,ocean-land,row-column,100,100,168,21,4.077115239295421e-09,0.0405950730463635,0.0008679897009979071,0.9967367773912525
basis-projected,inertial,ocean-land,row-column,100,100,168,22,3.4866250113042623e-09,0.034715672408522455,0.0006347739281186697,0.9973715513193713
basis-projected,inertial,ocean-land,row-column,100,100,168,23,3.363771986048897e-09,0.033492447838821514,0.0005908288546966983,0.9979623801740681
basis-projected,inertial,ocean-land,row-column,100,100,168,24,2.8027753819762166e-09,0.027906709692006728,0.00041019011170017884,0.9983725702857683
basis-projected,inertial,ocean-land,row-column,100,100,168,25,2.573257532211952e-09,0.025621443436389495,0.00034576028193599996,0.9987183305677042
basis-projected,inertial,ocean-land,row-column,100,100,168,26,2.212421442967043e-09,0.022028666058040824,0.00025559026977835193,0.9989739208374826
basis-projected,inertial,ocean-land,row-column,100,100,168,27,1.9820968394827416e-09,0.019735367106688217,0.0002051437718596332,0.9991790646093421
basis-projected,inertial,ocean-land,row-column,100,100,168,28,1.7537104893541666e-09,0.017461366981083706,0.0001605921814541377,0.9993396567907963
basis-projected,inertial,ocean-land,row-column,100,100,168,29,1.65420924013722e-09,0.01647065167305518,0.00014288593567398383,0.9994825427264703
basis-projected,inertial,ocean-land,row-column,100,100,168,30,1.4468981037345313e-09,0.014406493504436397,0.00010931619162042768,0.9995918589180907
basis-projected,inertial,ocean-land,row-column,100,100,168,31,1.3574349777683577e-09,0.013515725910096714,9.621586081498283e-05,0.9996880747789058
basis-projected,inertial,ocean-land,row-column,100,100,168,32,1.0755319478736199e-09,0.010708870224421829,6.0402543798770386e-05,0.9997484773227046
basis-projected,inertial,ocean-land,row-column,100,100,168,33,1.0227497688353558e-09,0.010183327950572623,5.461945700620757e-05,0.9998030967797108
basis-projected,inertial,ocean-land,row-column,100,100,168,34,9.116256172297543e-10,0.009076885579710389,4.339519453005069e-05,0.9998464919742409
basis-projected,inertial,ocean-land,row-column,100,100,168,35,8.291160038960516e-10,0.008255352808689744,3.5895432840036654e-05,0.999882387407081
basis-projected,inertial,ocean-land,row-column,100,100,168,36,7.75263933031731e-10,0.0077191578222530035,3.138396122413263e-05,0.9999137713683051
basis-projected,inertial,ocean-land,row-column,100,100,168,37,5.751000348511752e-10,0.005726163366376709,1.7270121228985064e-05,0.999931041489534
basis-projected,inertial,ocean-land,row-column,100,100,168,38,4.846045991375387e-10,0.004825117257169252,1.2262631038709321e-05,0.9999433041205728
basis-projected,inertial,ocean-land,row-column,100,100,168,39,4.508586947022525e-10,0.004489115605226056,1.0614254510883054e-05,0.9999539183750835
basis-projected,inertial,ocean-land,row-column,100,100,168,40,4.0806494955276967e-10,0.004063026297392085,8.694951907623743e-06,0.9999626133269911
basis-projected,inertial,ocean-land,row-column,100,100,168,41,3.943425198806334e-10,0.00392639463450825,8.119995954845372e-06,0.999970733322946
basis-projected,inertial,ocean-land,row-column,100,100,168,42,3.244491542934812e-10,0.003230479480057782,5.496698185615255e-06,0.9999762300211316
basis-projected,inertial,ocean-land,row-column,100,100,168,43,2.90871675159593e-10,0.0028961548073049713,4.417855049044669e-06,0.9999806478761806
basis-projected,inertial,ocean-land,row-column,100,100,168,44,2.601602004360201e-10,0.002590366403840457,3.534193431046806e-06,0.9999841820696116
basis-projected,inertial,ocean-land,row-column,100,100,168,45,2.349698778765261e-10,0.0023395510787036487,2.882922586221049e-06,0.9999870649921977
basis-projected,inertial,ocean-land,row-column,100,100,168,46,1.931928458987401e-10,0.0019235849935528234,1.9489050387767817e-06,0.9999890138972364
basis-projected,inertial,ocean-land,row-column,100,100,168,47,1.8878057952370107e-10,0.001879652883400922,1.8609008242197026e-06,0.9999908747980606
basis-projected,inertial,ocean-land,row-column,100,100,168,48,1.6299116031456086e-10,0.0016228724650973031,1.387192401428775e-06,0.999992261990462
basis-projected,inertial,ocean-land,row-column,100,100,168,49,1.546664631514383e-10,0.0015399850141445514,1.249110638111728e-06,0.9999935111011001
basis-projected,inertial,ocean-land,row-column,100,100,168,50,1.4281006307324223e-10,0.001421933058535748,1.0649426493854015e-06,0.9999945760437494
basis-projected,inertial,ocean-land,row-column,100,100,168,51,1.2704773864794584e-10,0.0012649905455407106,8.428348349602146e-07,0.9999954188785843
basis-projected,inertial,ocean-land,row-column,100,100,168,52,1.1903707263906635e-10,0.0011852298439921614,7.39900080594906e-07,0.999996158778665
basis-projected,inertial,ocean-land,row-column,100,100,168,53,1.1204666751266471e-10,0.0011156276890187376,6.555510040548171e-07,0.999996814329669
basis-projected,inertial,ocean-land,row-column,100,100,168,54,9.961835895290737e-11,0.0009918813477420845,5.181880156538828e-07,0.9999973325176847
basis-projected,inertial,ocean-land,row-column,100,100,168,55,9.453996199779018e-11,0.0009413167001293672,4.667017669014453e-07,0.9999977992194518
basis-projected,inertial,ocean-land,row-column,100,100,168,56,8.114825249216596e-11,0.0008079779560200781,3.4384834787744464e-07,0.9999981430677995
basis-projected,inertial,ocean-land,row-column,100,100,168,57,7.648817138827023e-11,0.0007615784010133087,3.0549011005476914e-07,0.9999984485579096
basis-projected,inertial,ocean-land,row-column,100,100,168,58,6.883345202792435e-11,0.0006853617935974353,2.4740455921893337e-07,0.9999986959624689
basis-projected,inertial,ocean-land,row-column,100,100,168,59,6.732908819519239e-11,0.0006703831245891453,2.3670861505776665e-07,0.999998932671084
basis-projected,inertial,ocean-land,row-column,100,100,168,60,6.0855727369355e-11,0.0006059290829060484,1.9337998115677011e-07,0.9999991260510651
basis-projected,inertial,ocean-land,row-column,100,100,168,61,5.878104595827245e-11,0.0005852718685552999,1.8041939315082636e-07,0.9999993064704583
basis-projected,inertial,ocean-land,row-column,100,100,168,62,4.881179234924022e-11,0.000486009876994246,1.244108073631372e-07,0.9999994308812657
basis-projected,inertial,ocean-land,row-column,100,100,168,63,4.247423342623169e-11,0.0004229079894303261,9.420190757125144e-08,0.9999995250831734
basis-projected,inertial,ocean-land,row-column,100,100,168,64,4.202657841857253e-11,0.0004184507723371359,9.222669915769259e-08,0.9999996173098725
basis-projected,inertial,ocean-land,row-column,100,100,168,65,3.854169993355165e-11,0.00038375248976380076,7.756580964307999e-08,0.9999996948756823
basis-projected,inertial,ocean-land,row-column,100,100,168,66,3.312861477083816e-11,0.00032985541433443047,5.7307986767228635e-08,0.999999752183669
basis-projected,inertial,ocean-land,row-column,100,100,168,67,3.0461668003176455e-11,0.000303301124722862,4.845247423969841e-08,0.9999998006361432
basis-projected,inertial,ocean-land,row-column,100,100,168,68,2.8259695281521654e-11,0.00028137649462652844,4.17007194288131e-08,0.9999998423368627
basis-projected,inertial,ocean-land,row-column,100,100,168,69,2.5221468589819532e-11,0.0002511254403290362,3.3216153609786057e-08,0.9999998755530163
basis-projected,inertial,ocean-land,row-column,100,100,168,70,2.3204606247637165e-11,0.0002310439196213944,2.8116224676817495e-08,0.999999903669241
basis-projected,inertial,ocean-land,row-column,100,100,168,71,2.195044314344529e-11,0.00021855645242006957,2.5159104733615276e-08,0.9999999288283457
basis-projected,inertial,ocean-land,row-column,100,100,168,72,1.7728804894872742e-11,0.00017652239083054705,1.6412227168603144e-08,0.9999999452405728
basis-projected,inertial,ocean-land,row-column,100,100,168,73,1.4759148547958848e-11,0.00014695407861713025,1.1374470953992788e-08,0.9999999566150437
basis-projected,inertial,ocean-land,row-column,100,100,168,74,1.2158853668303469e-11,0.00012106342937466805,7.719583369475732e-09,0.999999964334627
basis-projected,inertial,ocean-land,row-column,100,100,168,75,1.2035178420511389e-11,0.00011983201808912044,7.563340703831041e-09,0.9999999718979676
basis-projected,inertial,ocean-land,row-column,100,100,168,76,1.1394273111128446e-11,0.00011345064392548533,6.7792530963998026e-09,0.9999999786772208
basis-projected,inertial,ocean-land,row-column,100,100,168,77,9.946830446095872e-12,9.903872832616694e-05,5.1662810484571915e-09,0.9999999838435019
basis-projected,inertial,ocean-land,row-column,100,100,168,78,9.506606397896532e-12,9.46554999049594e-05,4.719104828142897e-09,0.9999999885626066
basis-projected,inertial,ocean-land,row-column,100,100,168,79,8.596421755700714e-12,8.559296184385649e-05,3.858726765710811e-09,0.9999999924213334
basis-projected,inertial,ocean-land,row-column,100,100,168,80,6.5835789146735e-12,6.55514625566128e-05,2.2632508366950603e-09,0.9999999946845842
basis-projected,inertial,ocean-land,row-column,100,100,168,81,6.136694104126077e-12,6.110191417185387e-05,1.966425735520296e-09,0.99999999665101
basis-projected,inertial,ocean-land,row-column,100,100,168,82,4.826870959005716e-12,4.806025036468429e-05,1.2165780472709975e-09,0.999999997867588
basis-projected,inertial,ocean-land,row-column,100,100,168,83,4.0138066050833935e-12,3.996472082930257e-05,8.412430415093641e-10,0.999999998708831
basis-projected,inertial,ocean-land,row-column,100,100,168,84,3.439715820424224e-12,3.4248606378117574e-05,6.178082821987005e-10,0.9999999993266393
basis-projected,inertial,ocean-land,row-column,100,100,168,85,2.158447963831037e-12,2.1491262232175168e-05,2.4327179772020853e-10,0.9999999995699113
basis-projected,inertial,ocean-land,row-column,100,100,168,86,1.6712116841120628e-12,1.6639941824207427e-05,1.4583827706941094e-10,0.9999999997157495
basis-projected,inertial,ocean-land,row-column,100,100,168,87,1.62885372613798e-12,1.621819156768295e-05,1.385392300468823e-10,0.9999999998542887
basis-projected,inertial,ocean-land,row-column,100,100,168,88,1.2060558943853224e-12,1.2008472720783419e-05,7.595274414941784e-11,0.9999999999302415
basis-projected,inertial,ocean-land,row-column,100,100,168,89,9.382623099575263e-13,9.342102141797144e-06,4.5968162129164456e-11,0.9999999999762097
basis-projected,inertial,ocean-land,row-column,100,100,168,90,5.511253794911252e-13,5.48745221192555e-06,1.5860227773797092e-11,0.9999999999920699
basis-projected,inertial,ocean-land,row-column,100,100,168,91,3.158858798122268e-13,3.1452165594191543e-06,5.2103755212003104e-12,0.9999999999972804
basis-projected,inertial,ocean-land,row-column,100,100,168,92,1.6696180616621483e-13,1.6624074423860463e-06,1.4556027477431511e-12,0.9999999999987359
basis-projected,inertial,ocean-land,row-column,100,100,168,93,1.2161071448127372e-13,1.210855113931218e-06,7.722399736559502e-13,0.9999999999995082
basis-projected,inertial,ocean-land,row-column,100,100,168,94,9.613316477821152e-14,9.57179921905765e-07,4.825641758572783e-13,0.9999999999999908
basis-projected,inertial,ocean-land,row-column,100,100,168,95,1.1810440017286914e-14,1.1759433988780541e-07,7.283510570408093e-15,0.999999999999998
basis-projected,inertial,ocean-land,row-column,100,100,168,96,5.0805430955869675e-15,5.058601633153556e-08,1.3478106307971978e-15,0.9999999999999993
basis-projected,inertial,ocean-land,row-column,100,100,168,97,2.989441648242075e-15,2.9765310754179305e-08,4.666473025690128e-16,0.9999999999999999
basis-projected,inertial,ocean-land,row-column,100,100,168,98,1.797565322170584e-15,1.789802134014131e-08,1.6872442658882133e-16,1.0
basis-projected,inertial,ocean-land,row-column,100,100,168,99,9.589044220220016e-16,9.547631786633331e-09,4.8013044026125405e-17,1.0
basis-projected,inertial,ocean-land,row-column,100,100,168,100,8.305960625417684e-16,8.270089475501782e-09,3.602370141619893e-17,1.0
basis-projected,inertial,ocean-land,row-column,100,100,168,101,7.495408198673591e-16,7.463037600822126e-09,2.93358838317108e-17,1.0
basis-projected,inertial,ocean-land,row-column,100,100,168,102,7.10462571203967e-16,7.073942795817667e-09,2.635669826767744e-17,1.0
basis-projected,inertial,ocean-land,row-column,100,100,168,103,6.436896913800028e-16,6.409097733837443e-09,2.1635239458332122e-17,1.0
basis-projected,inertial,ocean-land,row-column,100,100,168,104,6.147182611199091e-16,6.120634627293177e-09,1.973153297736706e-17,1.0
basis-projected,inertial,ocean-land,row-column,100,100,168,105,5.845192161596085e-16,5.8199483910351905e-09,1.7840465615538338e-17,1.0
basis-projected,inertial,ocean-land,row-column,100,100,168,106,5.715611915921203e-16,5.690927766652579e-09,1.7058233867403578e-17,1.0
basis-projected,inertial,ocean-land,row-column,100,100,168,107,5.408536062409487e-16,5.385178088940825e-09,1.5274537107764053e-17,1.0
basis-projected,inertial,ocean-land,row-column,100,100,168,108,5.058909087859068e-16,5.037061056729931e-09,1.3363565545367336e-17,1.0
basis-projected,inertial,ocean-land,row-column,100,100,168,109,4.914463839941645e-16,4.893239627943895e-09,1.2611329888640362e-17,1.0
basis-projected,inertial,ocean-land,row-column,100,100,168,110,4.759593153701034e-16,4.739037785423385e-09,1.1829006232618557e-17,1.0
basis-projected,inertial,ocean-land,row-column,100,100,168,111,4.703867596386864e-16,4.683552891400399e-09,1.1553638528215398e-17,1.0
basis-projected,inertial,ocean-land,row-column,100,100,168,112,4.505316982391958e-16,4.485859762669596e-09,1.0598863590963873e-17,1.0
basis-projected,inertial,ocean-land,row-column,100,100,168,113,4.3198241722062346e-16,4.3011680446997606e-09,9.744077710954766e-18,1.0
basis-projected,inertial,ocean-land,row-column,100,100,168,114,4.088936620098591e-16,4.07127763216078e-09,8.730303788122048e-18,1.0
basis-projected,inertial,ocean-land,row-column,100,100,168,115,3.915693344456294e-16,3.89878254637788e-09,8.006190953458935e-18,1.0
basis-projected,inertial,ocean-land,row-column,100,100,168,116,3.6826771401757445e-16,3.6667726747268167e-09,7.081673345195866e-18,1.0
basis-projected,inertial,ocean-land,row-column,100,100,168,117,3.6152753252597776e-16,3.599661949633748e-09,6.824822369702807e-18,1.0
basis-projected,inertial,ocean-land,row-column,100,100,168,118,3.47904463943814e-16,3.4640196065185882e-09,6.320167680285501e-18,1.0
basis-projected,inertial,ocean-land,row-column,100,100,168,119,3.08309186501851e-16,3.069776842773384e-09,4.963425744283284e-18,1.0
basis-projected,inertial,ocean-land,row-column,100,100,168,120,2.96187102504556e-16,2.949079522128264e-09,4.580795296139123e-18,1.0
basis-projected,inertial,ocean-land,row-column,100,100,168,121,2.8487862523920645e-16,2.836483131374948e-09,4.23768165205974e-18,1.0
basis-projected,inertial,ocean-land,row-column,100,100,168,122,2.6327727519789696e-16,2.6214025336093165e-09,3.619389710603634e-18,1.0
basis-projected,inertial,ocean-land,row-column,100,100,168,123,2.4709254005338594e-16,2.4602541561744385e-09,3.188070128137264e-18,1.0
basis-projected,inertial,ocean-land,row-column,100,100,168,124,2.2683821588245016e-16,2.2585856427855565e-09,2.686835290697407e-18,1.0
basis-projected,inertial,ocean-land,row-column,100,100,168,125,2.0293449439590556e-16,2.020580763631368e-09,2.15040541965997e-18,1.0
basis-projected,inertial,ocean-land,row-column,100,100,168,126,1.7936877678377718e-16,1.7859413257675394e-09,1.6799729585258586e-18,1.0
basis-projected,inertial,ocean-land,row-column,100,100,168,127,1.4208784437443274e-16,1.414742062178557e-09,1.0541986348758691e-18,1.0
basis-projected,inertial,ocean-land,row-column,100,100,168,128,1.3623986299144587e-16,1.3565148065130656e-09,9.692080100717415e-19,1.0
basis-projected,inertial,ocean-land,row-column,100,100,168,129,1.1763854162948572e-16,1.1713049325880528e-09,7.226164803981002e-19,1.0
basis-projected,inertial,ocean-land,row-column,100,100,168,130,1.094861876361334e-16,1.0901334703074961e-09,6.2593215966581435e-19,1.0
basis-projected,inertial,ocean-land,row-column,100,100,168,131,9.290198899269673e-17,9.250077096086012e-10,4.506699725129439e-19,1.0
basis-projected,inertial,ocean-land,row-column,100,100,168,132,9.17738781014379e-17,9.137753206896741e-10,4.397914344101286e-19,1.0
basis-projected,inertial,ocean-land,row-column,100,100,168,133,6.624880801730494e-17,6.596269771275253e-10,2.2917367841636816e-19,1.0
basis-projected,inertial,ocean-land,row-column,100,100,168,134,4.550536778831195e-17,4.530884267297278e-10,1.0812692589520731e-19,1.0
basis-projected,inertial,ocean-land,row-column,100,100,168,135,1.8485090429013898e-17,1.840525842885259e-10,1.7842337795240942e-20,1.0
basis-projected,inertial,ocean-land,row-column,100,100,168,136,0.0,0.0,0.0,1.0
basis-projected,inertial,ocean-land,row-column,100,100,168,137,0.0,0.0,0.0,1.0
basis-projected,inertial,ocean-land,row-column,100,100,168,138,0.0,0.0,0.0,1.0
basis-projected,inertial,ocean-land,row-column,100,100,168,139,0.0,0.0,0.0,1.0
basis-projected,inertial,ocean-land,row-column,100,100,168,140,0.0,0.0,0.0,1.0
basis-projected,inertial,ocean-land,row-column,100,100,168,141,0.0,0.0,0.0,1.0
basis-projected,inertial,ocean-land,row-column,100,100,168,142,0.0,0.0,0.0,1.0
basis-projected,inertial,ocean-land,row-column,100,100,168,143,0.0,0.0,0.0,1.0
basis-projected,inertial,ocean-land,row-column,100,100,168,144,0.0,0.0,0.0,1.0
basis-projected,inertial,ocean-land,row-column,100,100,168,145,0.0,0.0,0.0,1.0
basis-projected,inertial,ocean-land,row-column,100,100,168,146,0.0,0.0,0.0,1.0
basis-projected,inertial,ocean-land,row-column,100,100,168,147,0.0,0.0,0.0,1.0
basis-projected,inertial,ocean-land,row-column,100,100,168,148,0.0,0.0,0.0,1.0
basis-projected,inertial,ocean-land,row-column,100,100,168,149,0.0,0.0,0.0,1.0
basis-projected,inertial,ocean-land,row-column,100,100,168,150,0.0,0.0,0.0,1.0
basis-projected,inertial,ocean-land,row-column,100,100,168,151,0.0,0.0,0.0,1.0
basis-projected,inertial,ocean-land,row-column,100,100,168,152,0.0,0.0,0.0,1.0
basis-projected,inertial,ocean-land,row-column,100,100,168,153,0.0,0.0,0.0,1.0
basis-projected,inertial,ocean-land,row-column,100,100,168,154,0.0,0.0,0.0,1.0
basis-projected,inertial,ocean-land,row-column,100,100,168,155,0.0,0.0,0.0,1.0
basis-projected,inertial,ocean-land,row-column,100,100,168,156,0.0,0.0,0.0,1.0
basis-projected,inertial,ocean-land,row-column,100,100,168,157,0.0,0.0,0.0,1.0
basis-projected,inertial,ocean-land,row-column,100,100,168,158,0.0,0.0,0.0,1.0
basis-projected,inertial,ocean-land,row-column,100,100,168,159,0.0,0.0,0.0,1.0
basis-projected,inertial,ocean-land,row-column,100,100,168,160,0.0,0.0,0.0,1.0
basis-projected,inertial,ocean-land,row-column,100,100,168,161,0.0,0.0,0.0,1.0
basis-projected,inertial,ocean-land,row-column,100,100,168,162,0.0,0.0,0.0,1.0
basis-projected,inertial,ocean-land,row-column,100,100,168,163,0.0,0.0,0.0,1.0
basis-projected,inertial,ocean-land,row-column,100,100,168,164,0.0,0.0,0.0,1.0
basis-projected,inertial,ocean-land,row-column,100,100,168,165,0.0,0.0,0.0,1.0
basis-projected,inertial,ocean-land,row-column,100,100,168,166,0.0,0.0,0.0,1.0
basis-projected,inertial,ocean-land,row-column,100,100,168,167,0.0,0.0,0.0,1.0
basis-projected,inertial,ocean-land,row-column,100,100,168,168,0.0,0.0,0.0,1.0
basis-projected,inertial,ocean-land,row-column,250,250,168,1,6.668965103214503e-08,1.0,0.4798322657538417,0.4798322657538417
basis-projected,inertial,ocean-land,row-column,250,250,168,2,3.5651730309496396e-08,0.5345916458958816,0.1371304129006392,0.6169626786544808
basis-projected,inertial,ocean-land,row-column,250,250,168,3,3.143777648113385e-08,0.4714041233471225,0.1066292125900894,0.7235918912445702
basis-projected,inertial,ocean-land,row-column,250,250,168,4,2.3627540324774442e-08,0.35429095757879653,0.060229545306703464,0.7838214365512737
basis-projected,inertial,ocean-land,row-column,250,250,168,5,2.1872197280147755e-08,0.327969886506156,0.05161279609054051,0.8354342326418143
basis-projected,inertial,ocean-land,row-column,250,250,168,6,1.6209845313994704e-08,0.24306387967424523,0.028348514061519024,0.8637827467033332
basis-projected,inertial,ocean-land,row-column,250,250,168,7,1.419850159213841e-08,0.21290412188983565,0.0217499161708816,0.8855326628742147
basis-projected,inertial,ocean-land,row-column,250,250,168,8,1.1837921734196803e-08,0.17750762751016366,0.015119014624369877,0.9006516774985847
basis-projected,inertial,ocean-land,row-column,250,250,168,9,1.1315418645179704e-08,0.16967278235907346,0.013813820598697325,0.914465498097282
basis-projected,inertial,ocean-land,row-column,250,250,168,10,1.024766381600309e-08,0.15366197989345634,0.011329801409390858,0.9257952995066728
basis-projected,inertial,ocean-land,row-column,250,250,168,11,9.588855592299525e-09,0.1437832623787101,0.009919873064164107,0.935715172570837
basis-projected,inertial,ocean-land,row-column,250,250,168,12,8.574703753983362e-09,0.12857622766462334,0.007932513277043056,0.9436476858478801
basis-projected,inertial,ocean-land,row-column,250,250,168,13,7.88505780758099e-09,0.11823510373116691,0.006707834234511173,0.9503555200823913
basis-projected,inertial,ocean-land,row-column,250,250,168,14,7.818407080630155e-09,0.11723568739116073,0.0065949136969781965,0.9569504337793694
basis-projected,inertial,ocean-land,row-column,250,250,168,15,6.717646933523375e-09,0.10072997578417986,0.004868631530082294,0.9618190653094517
basis-projected,inertial,ocean-land,row-column,250,250,168,16,6.4615315357735305e-09,0.09688956885767797,0.004504467885555571,0.9663235331950073
basis-projected,inertial,ocean-land,row-column,250,250,168,17,5.810375328901182e-09,0.08712559203676934,0.003642343769469831,0.9699658769644771
basis-projected,inertial,ocean-land,row-column,250,250,168,18,5.607345535374129e-09,0.08408119473696656,0.003392244886068053,0.9733581218505452
basis-projected,inertial,ocean-land,row-column,250,250,168,19,5.100874578956125e-09,0.0764867486935485,0.002807125625642066,0.9761652474761872
basis-projected,inertial,ocean-land,row-column,250,250,168,20,4.9304582096688635e-09,0.0739313841557266,0.0026226909801710836,0.9787879384563584
basis-projected,inertial,ocean-land,row-column,250,250,168,21,4.5148502228377326e-09,0.06769941292182699,0.0021991722834209444,0.9809871107397792
basis-projected,inertial,ocean-land,row-column,250,250,168,22,4.374499830370823e-09,0.06559488260423305,0.0020645688312215175,0.9830516795710007
basis-projected,inertial,ocean-land,row-column,250,250,168,23,4.043842720520053e-09,0.060636735354498754,0.0017642538361667805,0.9848159334071674
basis-projected,inertial,ocean-land,row-column,250,250,168,24,3.9216665237888515e-09,0.058804724017802575,0.0016592578477891474,0.9864751912549565
basis-projected,inertial,ocean-land,row-column,250,250,168,25,3.8364233253947315e-09,0.057526516723644866,0.0015879089776887746,0.9880631002326454
basis-projected,inertial,ocean-land,row-column,250,250,168,26,3.6506204327073568e-09,0.054740433878529726,0.0014378246303790453,0.9895009248630245
basis-projected,inertial,ocean-land,row-column,250,250,168,27,3.3809915129410314e-09,0.05069739398263401,0.001233277248302854,0.9907342021113273
basis-projected,inertial,ocean-land,row-column,250,250,168,28,3.218009461331204e-09,0.048253505776782266,0.0011172418409237256,0.9918514439522511
basis-projected,inertial,ocean-land,row-column,250,250,168,29,2.8804252100630983e-09,0.043191487217030214,0.0008951292836466431,0.9927465732358979
basis-projected,inertial,ocean-land,row-column,250,250,168,30,2.7365813362610947e-09,0.041034572739659964,0.000807958919775754,0.9935545321556737
basis-projected,inertial,ocean-land,row-column,250,250,168,31,2.3822012862081673e-09,0.035720704027374865,0.0006122509505340505,0.9941667831062078
basis-projected,inertial,ocean-land,row-column,250,250,168,32,2.3389050721542644e-09,0.03507148464499972,0.0005901980222598486,0.9947569811284676
basis-projected,inertial,ocean-land,row-column,250,250,168,33,2.2254675486083218e-09,0.03337050822976455,0.0005343368060494963,0.995291317934517
basis-projected,inertial,ocean-land,row-column,250,250,168,34,2.039595948502787e-09,0.03058339512857374,0.00044880825841302603,0.9957401261929301
basis-projected,inertial,ocean-land,row-column,250,250,168,35,1.9254582122079264e-09,0.028871919141994575,0.00039998228196512633,0.9961401084748953
basis-projected,inertial,ocean-land,row-column,250,250,168,36,1.870902282641006e-09,0.02805386223627432,0.0003776371993885538,0.9965177456742839
basis-projected,inertial,ocean-land,row-column,250,250,168,37,1.7900478296384818e-09,0.026841463434493937,0.0003457019499538869,0.9968634476242377
basis-projected,inertial,ocean-land,row-column,250,250,168,38,1.7697896470083723e-09,0.026537695423766983,0.00033792152691239835,0.9972013691511501
basis-projected,inertial,ocean-land,row-column,250,250,168,39,1.5942580413564844e-09,0.023905628784712595,0.00027421410543043755,0.9974755832565805
basis-projected,inertial,ocean-land,row-column,250,250,168,40,1.5171681995287086e-09,0.022749679688643436,0.00024833619393801266,0.9977239194505185
basis-projected,inertial,ocean-land,row-column,250,250,168,41,1.426551786241403e-09,0.02139090194899643,0.0002195571790978456,0.9979434766296164
basis-projected,inertial,ocean-land,row-column,250,250,168,42,1.4050951906048598e-09,0.021069163938608568,0.0002130021823008384,0.9981564788119172
basis-projected,inertial,ocean-land,row-column,250,250,168,43,1.3039658400963019e-09,0.019552746489373263,0.000183444623271212,0.9983399234351884
basis-projected,inertial,ocean-land,row-column,250,250,168,44,1.1624270336870034e-09,0.01743039610638692,0.00014578201924223666,0.9984857054544305
basis-projected,inertial,ocean-land,row-column,250,250,168,45,1.1296234913708034e-09,0.016938512556113308,0.00013767021448393997,0.9986233756689146
basis-projected,inertial,ocean-land,row-column,250,250,168,46,1.0970869337376764e-09,0.016450632395855095,0.00012985379419104515,0.9987532294631056
basis-projected,inertial,ocean-land,row-column,250,250,168,47,1.0678430087597722e-09,0.016012124703502526,0.00012302330093887667,0.9988762527640446
basis-projected,inertial,ocean-land,row-column,250,250,168,48,9.518339871611951e-10,0.014272589111351059,9.774509536537377e-05,0.9989739978594098
basis-projected,inertial,ocean-land,row-column,250,250,168,49,9.017255242922518e-10,0.01352122121403232,8.772457734796596e-05,0.9990617224367578
basis-projected,inertial,ocean-land,row-column,250,250,168,50,8.793139029334395e-10,0.0131851627550068,8.341812775056495e-05,0.9991451405645083
basis-projected,inertial,ocean-land,row-column,250,250,168,51,8.494394534004077e-10,0.012737200453950043,7.784619961461606e-05,0.999222986764123
basis-projected,inertial,ocean-land,row-column,250,250,168,52,8.010616116572396e-10,0.012011782926726073,6.92316047694757e-05,0.9992922183688925
basis-projected,inertial,ocean-land,row-column,250,250,168,53,7.60292893518799e-10,0.01140046291668749,6.236406575007012e-05,0.9993545824346426
basis-projected,inertial,ocean-land,row-column,250,250,168,54,7.240725304083946e-10,0.010857344718438921,5.656355564341513e-05,0.9994111459902859
basis-projected,inertial,ocean-land,row-column,250,250,168,55,7.034305140741069e-10,0.010547821186454354,5.338447372459082e-05,0.9994645304640105
basis-projected,inertial,ocean-land,row-column,250,250,168,56,6.395988858961051e-10,0.009590676754146044,4.413549031199261e-05,0.9995086659543224
basis-projected,inertial,ocean-land,row-column,250,250,168,57,6.040149604636417e-10,0.00905710183087479,3.936116549227872e-05,0.9995480271198147
basis-projected,inertial,ocean-land,row-column,250,250,168,58,5.876015631958456e-10,0.00881098572419604,3.725104353588165e-05,0.9995852781633505
basis-projected,inertial,ocean-land,row-column,250,250,168,59,5.546538005250381e-10,0.008316939614179265,3.3190710155218125e-05,0.9996184688735058
basis-projected,inertial,ocean-land,row-column,250,250,168,60,5.41539487462671e-10,0.008120292715306666,3.163973356123402e-05,0.999650108607067
basis-projected,inertial,ocean-land,row-column,250,250,168,61,5.208967951840502e-10,0.0078107590476515325,2.9273586188565372e-05,0.9996793821932556
basis-projected,inertial,ocean-land,row-column,250,250,168,62,5.025428948276543e-10,0.007535545426462405,2.7247008843599157e-05,0.9997066292020991
basis-projected,inertial,ocean-land,row-column,250,250,168,63,4.56417802304313e-10,0.006843907491498424,2.247489696499472e-05,0.999729104099064
basis-projected,inertial,ocean-land,row-column,250,250,168,64,4.4305127471208327e-10,0.006643478678551315,2.1177785210492436e-05,0.9997502818842745
basis-projected,inertial,ocean-land,row-column,250,250,168,65,4.253481114347127e-10,0.006378022749432157,1.9519180321674097e-05,0.9997698010645961
basis-projected,inertial,ocean-land,row-column,250,250,168,66,4.1609467660666826e-10,0.006239269064492582,1.8679140021395952e-05,0.9997884802046175
basis-projected,inertial,ocean-land,row-column,250,250,168,67,4.018658010085496e-10,0.0060259094895375375,1.7423470188160978e-05,0.9998059036748058
basis-projected,inertial,ocean-land,row-column,250,250,168,68,3.7117477690754383e-10,0.0055657027914066326,1.4863786918169291e-05,0.999820767461724
basis-projected,inertial,ocean-land,row-column,250,250,168,69,3.671645533702999e-10,0.005505570170000187,1.4544341146920556e-05,0.9998353118028709
basis-projected,inertial,ocean-land,row-column,250,250,168,70,3.432599587219103e-10,0.005147124829854872,1.2712145361166093e-05,0.9998480239482321
basis-projected,inertial,ocean-land,row-column,250,250,168,71,3.294940816946291e-10,0.004940707839898725,1.17129906078576e-05,0.99985973693884
basis-projected,inertial,ocean-land,row-column,250,250,168,72,3.123166665750413e-10,0.00468313541518611,1.0523564805365293e-05,0.9998702605036454
basis-projected,inertial,ocean-land,row-column,250,250,168,73,3.059576351422421e-10,0.004587782817978275,1.0099390140091272e-05,0.9998803598937854
basis-projected,inertial,ocean-land,row-column,250,250,168,74,2.9577929339856804e-10,0.004435160310795444,9.438611110435417e-06,0.9998897985048959
basis-projected,inertial,ocean-land,row-column,250,250,168,75,2.92092260719595e-10,0.004379873881463314,9.204764008849624e-06,0.9998990032689047
basis-projected,inertial,ocean-land,row-column,250,250,168,76,2.8376708409760084e-10,0.00425503927079814,8.687535525320324e-06,0.9999076908044301
basis-projected,inertial,ocean-land,row-column,250,250,168,77,2.610658868626958e-10,0.003914638670651607,7.353139616447502e-06,0.9999150439440466
basis-projected,inertial,ocean-land,row-column,250,250,168,78,2.5687368916858687e-10,0.0038517773776439667,7.11888216715409e-06,0.9999221628262137
basis-projected,inertial,ocean-land,row-column,250,250,168,79,2.464304886971124e-10,0.0036951833587842682,6.551812119272079e-06,0.999928714638333
basis-projected,inertial,ocean-land,row-column,250,250,168,80,2.354990472378426e-10,0.0035312682491670236,5.983438993032863e-06,0.999934698077326
basis-projected,inertial,ocean-land,row-column,250,250,168,81,2.326553107706906e-10,0.00348862690342387,5.839807069613602e-06,0.9999405378843957
basis-projected,inertial,ocean-land,row-column,250,250,168,82,2.2071867937683573e-10,0.0033096391413181526,5.255944085459235e-06,0.9999457938284813
basis-projected,inertial,ocean-land,row-column,250,250,168,83,2.091574724761655e-10,0.0031362808057782405,4.719753623290636e-06,0.9999505135821045
basis-projected,inertial,ocean-land,row-column,250,250,168,84,2.050993279103957e-10,0.0030754296166812436,4.538381841696783e-06,0.9999550519639462
basis-projected,inertial,ocean-land,row-column,250,250,168,85,1.9493196260780696e-10,0.002922971699369786,4.099573424812708e-06,0.999959151537371
basis-projected,inertial,ocean-land,row-column,250,250,168,86,1.899664723255649e-10,0.002848515015230763,3.893377138145315e-06,0.9999630449145092
basis-projected,inertial,ocean-land,row-column,250,250,168,87,1.800677575579841e-10,0.002700085467101781,3.4981986741652136e-06,0.9999665431131832
basis-projected,inertial,ocean-land,row-column,250,250,168,88,1.7129697097034003e-10,0.002568569010621652,3.165715811383756e-06,0.9999697088289946
basis-projected,inertial,ocean-land,row-column,250,250,168,89,1.650345237188149e-10,0.002474664676821696,2.938476127403494e-06,0.999972647305122
basis-projected,inertial,ocean-land,row-column,250,250,168,90,1.5510303556771294e-10,0.002325743697368454,2.595452909423045e-06,0.9999752427580315
basis-projected,inertial,ocean-land,row-column,250,250,168,91,1.496159617848397e-10,0.0022434659571501344,2.415062730567961e-06,0.999977657820762
basis-projected,inertial,ocean-land,row-column,250,250,168,92,1.4412951684073813e-10,0.0021611976462624816,2.241188678812783e-06,0.9999798990094408
basis-projected,inertial,ocean-land,row-column,250,250,168,93,1.3643127446646184e-10,0.0020457638082511586,2.0081697954857725e-06,0.9999819071792364
basis-projected,inertial,ocean-land,row-column,250,250,168,94,1.297760573805899e-10,0.001945969957438173,1.817028380232684e-06,0.9999837242076166
basis-projected,inertial,ocean-land,row-column,250,250,168,95,1.2182589117105032e-10,0.0018267585642685266,1.6012227519834991e-06,0.9999853254303687
basis-projected,inertial,ocean-land,row-column,250,250,168,96,1.196265360842647e-10,0.0017937796079725112,1.5439300260436705e-06,0.9999868693603947
basis-projected,inertial,ocean-land,row-column,250,250,168,97,1.128309017664791e-10,0.0016918802245957706,1.3735000409502918e-06,0.9999882428604356
basis-projected,inertial,ocean-land,row-column,250,250,168,98,1.0405011414687422e-10,0.0015602138043385636,1.1680399053598104e-06,0.9999894109003411
basis-projected,inertial,ocean-land,row-column,250,250,168,99,1.015462628167766e-10,0.0015226689785470665,1.1125010974085439e-06,0.9999905234014385
basis-projected,inertial,ocean-land,row-column,250,250,168,100,9.939108387895123e-11,0.0014903524361080222,1.0657796212450626e-06,0.9999915891810598
basis-projected,inertial,ocean-land,row-column,250,250,168,101,8.861560935461317e-11,0.0013287760242125066,8.472137875563082e-07,0.9999924363948474
basis-projected,inertial,ocean-land,row-column,250,250,168,102,8.357175743696621e-11,0.0012531443206485493,7.535145254757794e-07,0.9999931899093729
basis-projected,inertial,ocean-land,row-column,250,250,168,103,7.91579754255457e-11,0.0011869604084056584,6.760236887508911e-07,0.9999938659330617
basis-projected,inertial,ocean-land,row-column,250,250,168,104,7.611043158596724e-11,0.0011412630056990597,6.249725284147826e-07,0.9999944909055902
basis-projected,inertial,ocean-land,row-column,250,250,168,105,7.293075904858803e-11,0.0010935843555911653,5.738442386703343e-07,0.9999950647498289
basis-projected,inertial,ocean-land,row-column,250,250,168,106,7.047018907308825e-11,0.0010566885263670214,5.357762175531771e-07,0.9999956005260464
basis-projected,inertial,ocean-land,row-column,250,250,168,107,6.748851300918736e-11,0.001011978799778953,4.913967469524616e-07,0.9999960919227934
basis-projected,inertial,ocean-land,row-column,250,250,168,108,6.401466861019233e-11,0.0009598890925270649,4.4211124541156896e-07,0.9999965340340389
basis-projected,inertial,ocean-land,row-column,250,250,168,109,5.906911414269065e-11,0.0008857313425469685,3.7643801448895686e-07,0.9999969104720534
basis-projected,inertial,ocean-land,row-column,250,250,168,110,5.342436186542767e-11,0.000801089240063299,3.0792946342056704e-07,0.9999972184015169
basis-projected,inertial,ocean-land,row-column,250,250,168,111,5.277764898320016e-11,0.000791391890141408,3.005194872682978e-07,0.9999975189210041
basis-projected,inertial,ocean-land,row-column,250,250,168,112,4.9593458882330036e-11,0.0007436454999355976,2.6535138371014244e-07,0.9999977842723878
basis-projected,inertial,ocean-land,row-column,250,250,168,113,4.6443702619103214e-11,0.0006964154392818297,2.327159925728281e-07,0.9999980169883805
basis-projected,inertial,ocean-land,row-column,250,250,168,114,4.41142037608815e-11,0.0006614849992185151,2.099565598117228e-07,0.9999982269449403
basis-projected,inertial,ocean-land,row-column,250,250,168,115,4.246485165122359e-11,0.0006367532442290804,1.9455024449994872e-07,0.9999984214951848
basis-projected,inertial,ocean-land,row-column,250,250,168,116,3.9866938299835954e-11,0.0005977979743906549,1.7147401881325402e-07,0.9999985929692038
basis-projected,inertial,ocean-land,row-column,250,250,168,117,3.771238670903321e-11,0.0005654908389137542,1.5344070863118267e-07,0.9999987464099124
basis-projected,inertial,ocean-land,row-column,250,250,168,118,3.363621548375905e-11,0.0005043693431166116,1.2206377880016883e-07,0.9999988684736911
basis-projected,inertial,ocean-land,row-column,250,250,168,119,3.31062042928883e-11,0.0004964219152523501,1.182473290709081e-07,0.9999989867210202
basis-projected,inertial,ocean-land,row-column,250,250,168,120,3.175443985885264e-11,0.0004761524369582726,1.0878811984617847e-07,0.99999909550914
basis-projected,inertial,ocean-land,row-column,250,250,168,121,3.02909311764231e-11,0.0004542073726225166,9.899147762292813e-08,0.9999991945006176
basis-projected,inertial,ocean-land,row-column,250,250,168,122,2.834928480610675e-11,0.000425092714796815,8.670752154481287e-08,0.9999992812081392
basis-projected,inertial,ocean-land,row-column,250,250,168,123,2.6640870584739458e-11,0.00039947533346513256,7.657189306067604e-08,0.9999993577800323
basis-projected,inertial,ocean-land,row-column,250,250,168,124,2.541937802472604e-11,0.00038115925981489486,6.97111742137519e-08,0.9999994274912066
basis-projected,inertial,ocean-land,row-column,250,250,168,125,2.4851849018051334e-11,0.0003726492586694225,6.663309276330352e-08,0.9999994941242993
basis-projected,inertial,ocean-land,row-column,250,250,168,126,2.3676991902887456e-11,0.0003550324756006734,6.048192561483753e-08,0.999999554606225
basis-projected,inertial,ocean-land,row-column,250,250,168,127,2.0919595602596575e-11,0.0003136857860076841,4.7214905880862215e-08,0.9999996018211309
basis-projected,inertial,ocean-land,row-column,250,250,168,128,1.9651879152045726e-11,0.00029467659296302716,4.166589624642421e-08,0.9999996434870272
basis-projected,inertial,ocean-land,row-column,250,250,168,129,1.9247088764612736e-11,0.0002886068297963572,3.9967101818553707e-08,0.9999996834541289
basis-projected,inertial,ocean-land,row-column,250,250,168,130,1.8733720418858165e-11,0.00028090895857032356,3.786348875939968e-08,0.9999997213176177
basis-projected,inertial,ocean-land,row-column,250,250,168,131,1.7603764944962153e-11,0.00026396546799258214,3.3433641432482054e-08,0.9999997547512591
basis-projected,inertial,ocean-land,row-column,250,250,168,132,1.721029313041598e-11,0.0002580654249055893,3.19557557695553e-08,0.9999997867070148
basis-projected,inertial,ocean-land,row-column,250,250,168,133,1.6109291091291973e-11,0.00024155608616885916,2.7997897344281753e-08,0.9999998147049122
basis-projected,inertial,ocean-land,row-column,250,250,168,134,1.5380225060783558e-11,0.0002306238647638169,2.5521014816419008e-08,0.9999998402259269
basis-projected,inertial,ocean-land,row-column,250,250,168,135,1.3290794776819263e-11,0.00019929321223187952,1.905787449938406e-08,0.9999998592838014
basis-projected,inertial,ocean-land,row-column,250,250,168,136,1.3197861542331989e-11,0.0001978996941515033,1.8792289501241544e-08,0.9999998780760908
basis-projected,inertial,ocean-land,row-column,250,250,168,137,1.2212338447015057e-11,0.0001831219425803952,1.60905252693121e-08,0.999999894166616
basis-projected,inertial,ocean-land,row-column,250,250,168,138,1.1832376761347895e-11,0.00017742448158327562,1.5104854217989324e-08,0.9999999092714703
basis-projected,inertial,ocean-land,row-column,250,250,168,139,1.0912412201295497e-11,0.00016362976912318242,1.284736561044094e-08,0.9999999221188359
basis-projected,inertial,ocean-land,row-column,250,250,168,140,1.0397964787264552e-11,0.00015591571745146238,1.1664583684193785e-08,0.9999999337834197
basis-projected,inertial,ocean-land,row-column,250,250,168,141,9.452971132660842e-12,0.00014174569796600707,9.640714497976442e-09,0.9999999434241342
basis-projected,inertial,ocean-land,row-column,250,250,168,142,8.964390136371574e-12,0.000134419508838795,8.669899367371323e-09,0.9999999520940336
basis-projected,inertial,ocean-land,row-column,250,250,168,143,8.471378780122039e-12,0.00012702688721581037,7.742491905060448e-09,0.9999999598365255
basis-projected,inertial,ocean-land,row-column,250,250,168,144,8.184230549240292e-12,0.00012272114822276423,7.226504347837888e-09,0.99999996706303
basis-projected,inertial,ocean-land,row-column,250,250,168,145,7.579663572911587e-12,0.00011365576900766985,6.1982975082154975e-09,0.9999999732613274
basis-projected,inertial,ocean-land,row-column,250,250,168,146,6.713034701618528e-12,0.00010066081614946198,4.861948371773205e-09,0.9999999781232758
basis-projected,inertial,ocean-land,row-column,250,250,168,147,6.320086978705969e-12,9.476863172757686e-05,4.30941847161032e-09,0.9999999824326944
basis-projected,inertial,ocean-land,row-column,250,250,168,148,5.639190497213759e-12,8.455870453566501e-05,3.4308844369881526e-09,0.9999999858635789
basis-projected,inertial,ocean-land,row-column,250,250,168,149,5.49506983229258e-12,8.239763962243414e-05,3.2577592773381454e-09,0.999999989121338
basis-projected,inertial,ocean-land,row-column,250,250,168,150,4.921937903600265e-12,7.380362361212304e-05,2.613634287752667e-09,0.9999999917349724
basis-projected,inertial,ocean-land,row-column,250,250,168,151,4.488770425684165e-12,6.730835078924818e-05,2.173838855673378e-09,0.9999999939088112
basis-projected,inertial,ocean-land,row-column,250,250,168,152,3.7012579180869914e-12,5.549973437862121e-05,1.4779891892605356e-09,0.9999999953868004
basis-projected,inertial,ocean-land,row-column,250,250,168,153,3.6421876114564685e-12,5.461398515492156e-05,1.4311896409426688e-09,0.99999999681799
basis-projected,inertial,ocean-land,row-column,250,250,168,154,3.0231580754588065e-12,4.533174231188608e-05,9.860394049776812e-10,0.9999999978040295
basis-projected,inertial,ocean-land,row-column,250,250,168,155,2.7154739399517954e-12,4.071807091392503e-05,7.955433266080461e-10,0.9999999985995728
basis-projected,inertial,ocean-land,row-column,250,250,168,156,2.3192676020077397e-12,3.4777024112629275e-05,5.803290102000611e-10,0.9999999991799019
basis-projected,inertial,ocean-land,row-column,250,250,168,157,1.7499907680399583e-12,2.6240814593503368e-05,3.304030697486816e-10,0.999999999510305
basis-projected,inertial,ocean-land,row-column,250,250,168,158,1.4376845098324419e-12,2.1557835250021993e-05,2.2299737226292118e-10,0.9999999997333024
basis-projected,inertial,ocean-land,row-column,250,250,168,159,1.1918752537563964e-12,1.7871967168967512e-05,1.5326188550688443e-10,0.9999999998865643
basis-projected,inertial,ocean-land,row-column,250,250,168,160,7.866114989025626e-13,1.1795105938152361e-05,6.675643561710307e-11,0.9999999999533207
basis-projected,inertial,ocean-land,row-column,250,250,168,161,4.728677679745567e-13,7.0905719351662225e-06,2.4124147934282358e-11,0.9999999999774449
basis-projected,inertial,ocean-land,row-column,250,250,168,162,3.2957538495004386e-13,4.941926968416515e-06,1.171877172388588e-11,0.9999999999891637
basis-projected,inertial,ocean-land,row-column,250,250,168,163,2.1139434188049642e-13,3.1698222828996717e-06,4.821245830799385e-12,0.9999999999939849
basis-projected,inertial,ocean-land,row-column,250,250,168,164,1.577070627448236e-13,2.3647906429860805e-06,2.6833346875881415e-12,0.9999999999966682
basis-projected,inertial,ocean-land,row-column,250,250,168,165,1.233180600969759e-13,1.8491333840918652e-06,1.640687717891121e-12,0.9999999999983089
basis-projected,inertial,ocean-land,row-column,250,250,168,166,1.1435587670279208e-13,1.7147469649776918e-06,1.4108782352814527e-12,0.9999999999997198
basis-projected,inertial,ocean-land,row-column,250,250,168,167,4.7111393143690537e-14,7.064273453910024e-07,2.394552992416099e-13,0.9999999999999594
basis-projected,inertial,ocean-land,row-column,250,250,168,168,1.9707466131508916e-14,2.955101102869729e-07,4.1901940536705576e-14,1.000000000000001
basis-projected,inertial,ocean-land,row-column,500,500,168,1,6.180672203959133e-08,1.0,0.5418921832299662,0.5418921832299662
basis-projected,inertial,ocean-land,row-column,500,500,168,2,3.01739833388212e-08,0.4881990557514561,0.1291536715082185,0.6710458547381848
basis-projected,inertial,ocean-land,row-column,500,500,168,3,2.2666515201795056e-08,0.36673220086442443,0.07288043832805384,0.7439262930662387
basis-projected,inertial,ocean-land,row-column,500,500,168,4,1.973853214362549e-08,0.31935898705292354,0.05526767188550842,0.7991939649517471
basis-projected,inertial,ocean-land,row-column,500,500,168,5,1.5792746470563684e-08,0.2555182664508138,0.03537991548147921,0.8345738804332262
basis-projected,inertial,ocean-land,row-column,500,500,168,6,1.4204899948167419e-08,0.22982775140652553,0.028623176094044554,0.8631970565272709
basis-projected,inertial,ocean-land,row-column,500,500,168,7,1.2826881747979708e-08,0.20753214738945766,0.023339075348125446,0.8865361318753963
basis-projected,inertial,ocean-land,row-column,500,500,168,8,1.0428313029809837e-08,0.16872457696639867,0.015426577390927,0.9019627092663232
basis-projected,inertial,ocean-land,row-column,500,500,168,9,9.948691002215052e-09,0.160964546798684,0.014040201758946533,0.9160029110252697
basis-projected,inertial,ocean-land,row-column,500,500,168,10,8.966387847329013e-09,0.14507140245336816,0.011404506720234223,0.927407417745504
basis-projected,inertial,ocean-land,row-column,500,500,168,11,7.545136074235383e-09,0.12207630214400013,0.008075615208737374,0.9354830329542413
basis-projected,inertial,ocean-land,row-column,500,500,168,12,6.839433432945117e-09,0.11065840748784579,0.0066356232192012615,0.9421186561734426
basis-projected,inertial,ocean-land,row-column,500,500,168,13,6.43301469039002e-09,0.10408276766836534,0.005870438605762993,0.9479890947792056
basis-projected,inertial,ocean-land,row-column,500,500,168,14,6.1008976877078264e-09,0.09870929061404995,0.005279939521720504,0.9532690343009261
basis-projected,inertial,ocean-land,row-column,500,500,168,15,5.918342106247993e-09,0.09575563807536824,0.004968686497687247,0.9582377207986132
basis-projected,inertial,ocean-land,row-column,500,500,168,16,5.548684751818366e-09,0.08977477802922573,0.004367385887027345,0.9626051066856406
basis-projected,inertial,ocean-land,row-column,500,500,168,17,5.099289035259724e-09,0.08250379355166723,0.0036885928697465474,0.9662936995553871
basis-projected,inertial,ocean-land,row-column,500,500,168,18,4.7671141147717274e-09,0.0771293794179551,0.003223684718192186,0.9695173842735794
basis-projected,inertial,ocean-land,row-column,500,500,168,19,4.6255667804164175e-09,0.07483921857971101,0.003035088609712433,0.9725524728832917
basis-projected,inertial,ocean-land,row-column,500,500,168,20,4.4927282457431105e-09,0.07268996150394803,0.0028632664473291457,0.9754157393306209
basis-projected,inertial,ocean-land,row-column,500,500,168,21,4.302181733839609e-09,0.06960701994653228,0.0026255419893575624,0.9780412813199785
basis-projected,inertial,ocean-land,row-column,500,500,168,22,4.101665921691311e-09,0.06636278039569743,0.002386503265978403,0.9804277845859569
basis-projected,inertial,ocean-land,row-column,500,500,168,23,3.6568246503514227e-09,0.059165484427551145,0.0018969231462857207,0.9823247077322426
basis-projected,inertial,ocean-land,row-column,500,500,168,24,3.550172701060504e-09,0.057439912422250466,0.001787888473615471,0.984112596205858
basis-projected,inertial,ocean-land,row-column,500,500,168,25,3.2155666287559724e-09,0.05202616354085544,0.0014667513274963751,0.9855793475333544
basis-projected,inertial,ocean-land,row-column,500,500,168,26,3.133107756260415e-09,0.05069202269380101,0.0013924901365923459,0.9869718376699468
basis-projected,inertial,ocean-land,row-column,500,500,168,27,2.9993964122942997e-09,0.048528644026340474,0.0012761719640896226,0.9882480096340364
basis-projected,inertial,ocean-land,row-column,500,500,168,28,2.848765879667681e-09,0.04609152185490207,0.0011512111366934524,0.98939922077073
basis-projected,inertial,ocean-land,row-column,500,500,168,29,2.5851932515985543e-09,0.04182705644772045,0.000948041811160785,0.9903472625818907
basis-projected,inertial,ocean-land,row-column,500,500,168,30,2.521760175181444e-09,0.04080074289599258,0.0009020882538647551,0.9912493508357554
basis-projected,inertial,ocean-land,row-column,500,500,168,31,2.469918270323987e-09,0.03996196835583417,0.0008653795529089207,0.9921147303886644
basis-projected,inertial,ocean-land,row-column,500,500,168,32,2.228539916221487e-09,0.0360565945366583,0.0007045021109811048,0.9928192324996454
basis-projected,inertial,ocean-land,row-column,500,500,168,33,2.1580478923739835e-09,0.034916070957324186,0.0006606381071388373,0.9934798706067842
basis-projected,inertial,ocean-land,row-column,500,500,168,34,2.108283060851802e-09,0.034110902362712366,0.0006305206331218029,0.9941103912399061
basis-projected,inertial,ocean-land,row-column,500,500,168,35,1.8736153586370144e-09,0.03031410333388719,0.0004979690369614287,0.9946083602768674
basis-projected,inertial,ocean-land,row-column,500,500,168,36,1.8454228891320709e-09,0.02985796412160403,0.0004830958092087823,0.9950914560860763
basis-projected,inertial,ocean-land,row-column,500,500,168,37,1.6809641600868145e-09,0.027197109062183315,0.0004008282956024183,0.9954922843816787
basis-projected,inertial,ocean-land,row-column,500,500,168,38,1.6286582815851678e-09,0.026350827674405764,0.0003762715722542309,0.995868555953933
basis-projected,inertial,ocean-land,row-column,500,500,168,39,1.5898629235791643e-09,0.025723139346570605,0.00035855916444157244,0.9962271151183745
basis-projected,inertial,ocean-land,row-column,500,500,168,40,1.5012228035089247e-09,0.02428898919032288,0.0003196920007289692,0.9965468071191034
basis-projected,inertial,ocean-land,row-column,500,500,168,41,1.3814187994556655e-09,0.022350623910628597,0.00027070245103391264,0.9968175095701373
basis-projected,inertial,ocean-land,row-column,500,500,168,42,1.318607061248005e-09,0.021334363281769728,0.0002466449673500089,0.9970641545374873
basis-projected,inertial,ocean-land,row-column,500,500,168,43,1.2129835814781566e-09,0.019625431368147296,0.00020871386911745245,0.9972728684066048
basis-projected,inertial,ocean-land,row-column,500,500,168,44,1.189593770373666e-09,0.019246996622983046,0.00020074226803481207,0.9974736106746396
basis-projected,inertial,ocean-land,row-column,500,500,168,45,1.1555142984184286e-09,0.01869560883164528,0.00018940529321387738,0.9976630159678535
basis-projected,inertial,ocean-land,row-column,500,500,168,46,1.1048271902392573e-09,0.017875518289605163,0.00017315306039371585,0.9978361690282472
basis-projected,inertial,ocean-land,row-column,500,500,168,47,1.0380135719430564e-09,0.01679450936223635,0.00015284369491948686,0.9979890127231668
basis-projected,inertial,ocean-land,row-column,500,500,168,48,1.0075569709023622e-09,0.016301737701879006,0.00014400603349299122,0.9981330187566597
basis-projected,inertial,ocean-land,row-column,500,500,168,49,8.869759792567882e-10,0.01435080117480783,0.0001116002535645005,0.9982446190102242
basis-projected,inertial,ocean-land,row-column,500,500,168,50,8.438850005751722e-10,0.013653611981470358,0.00010102014779313898,0.9983456391580173
basis-projected,inertial,ocean-land,row-column,500,500,168,51,8.180723941941874e-10,0.013235977693011408,9.493469063639086e-05,0.9984405738486537
basis-projected,inertial,ocean-land,row-column,500,500,168,52,8.107931274414036e-10,0.013118203015556084,9.325273580218334e-05,0.9985338265844559
basis-projected,inertial,ocean-land,row-column,500,500,168,53,7.859365917084574e-10,0.012716037443387024,8.762266996395353e-05,0.9986214492544199
basis-projected,inertial,ocean-land,row-column,500,500,168,54,7.546967855797192e-10,0.012210593939867667,8.079536823552938e-05,0.9987022446226553
basis-projected,inertial,ocean-land,row-column,500,500,168,55,7.506896738983842e-10,0.01214576099695948,7.993966944872587e-05,0.9987821842921041
basis-projected,inertial,ocean-land,row-column,500,500,168,56,7.15781143000662e-10,0.011580959471401127,7.267783303814822e-05,0.9988548621251422
basis-projected,inertial,ocean-land,row-column,500,500,168,57,6.833404807126063e-10,0.011056086751775659,6.623930420606271e-05,0.9989211014293483
basis-projected,inertial,ocean-land,row-column,500,500,168,58,6.554804657485154e-10,0.010605326477735487,6.094821226689896e-05,0.9989820496416151
basis-projected,inertial,ocean-land,row-column,500,500,168,59,6.473264787408298e-10,0.010473399290228886,5.944128759223892e-05,0.9990414909292074
basis-projected,inertial,ocean-land,row-column,500,500,168,60,6.279246847496382e-10,0.010159488547983674,5.593151416538627e-05,0.9990974224433727
basis-projected,inertial,ocean-land,row-column,500,500,168,61,5.844738808972682e-10,0.009456477574120072,4.845869120430906e-05,0.9991458811345771
basis-projected,inertial,ocean-land,row-column,500,500,168,62,5.638126332243898e-10,0.009122189538918277,4.509320145372775e-05,0.9991909743360309
basis-projected,inertial,ocean-land,row-column,500,500,168,63,5.457467558751877e-10,0.008829893219795744,4.224971558431513e-05,0.9992332240516152
basis-projected,inertial,ocean-land,row-column,500,500,168,64,5.380960165586635e-10,0.008706108313169838,4.107343438805534e-05,0.9992742974860032
basis-projected,inertial,ocean-land,row-column,500,500,168,65,5.243194442629685e-10,0.008483210676131748,3.899719693046945e-05,0.9993132946829336
basis-projected,inertial,ocean-land,row-column,500,500,168,66,5.113319957304393e-10,0.008273080643281762,3.708919452871901e-05,0.9993503838774623
basis-projected,inertial,ocean-land,row-column,500,500,168,67,4.783351624840345e-10,0.007739209372366147,3.245682832201195e-05,0.9993828407057843
basis-projected,inertial,ocean-land,row-column,500,500,168,68,4.664933929631498e-10,0.0075476158186213085,3.0869703519142206e-05,0.9994137104093035
basis-projected,inertial,ocean-land,row-column,500,500,168,69,4.620389878460713e-10,0.007475545905024772,3.0282987115981788e-05,0.9994439933964194
basis-projected,inertial,ocean-land,row-column,500,500,168,70,4.482522143034851e-10,0.007252483217219474,2.850272294453877e-05,0.999472496119364
basis-projected,inertial,ocean-land,row-column,500,500,168,71,4.4168371979260214e-10,0.007146208457870881,2.7673510046600272e-05,0.9995001696294106
basis-projected,inertial,ocean-land,row-column,500,500,168,72,4.193104541694648e-10,0.006784220879742959,2.494094155902682e-05,0.9995251105709696
basis-projected,inertial,ocean-land,row-column,500,500,168,73,4.179758047278129e-10,0.006762626959250023,2.4782422079719104e-05,0.9995498929930493
basis-projected,inertial,ocean-land,row-column,500,500,168,74,4.0439615674137737e-10,0.006542915453149815,2.3198264895694102e-05,0.999573091257945
basis-projected,inertial,ocean-land,row-column,500,500,168,75,3.8787924134162195e-10,0.006275680517293239,2.134197167411884e-05,0.9995944332296192
basis-projected,inertial,ocean-land,row-column,500,500,168,76,3.8416811612851605e-10,0.006215636478544045,2.0935536755860403e-05,0.9996153687663751
basis-projected,inertial,ocean-land,row-column,500,500,168,77,3.710686975445129e-10,0.006003694829614465,1.9532152385501348e-05,0.9996349009187605
basis-projected,inertial,ocean-land,row-column,500,500,168,78,3.6276759503669783e-10,0.005869387391298975,1.8668027668950743e-05,0.9996535689464294
basis-projected,inertial,ocean-land,row-column,500,500,168,79,3.5835170117880587e-10,0.00579794056946197,1.8216309866157157e-05,0.9996717852562956
basis-projected,inertial,ocean-land,row-column,500,500,168,80,3.397875618080532e-10,0.005497582634950234,1.6377832245867493e-05,0.9996881630885415
basis-projected,inertial,ocean-land,row-column,500,500,168,81,3.262136117145267e-10,0.005277963317736946,1.5095434615955875e-05,0.9997032585231574
basis-projected,inertial,ocean-land,row-column,500,500,168,82,3.1842402594506617e-10,0.005151931949102467,1.4383120605895336e-05,0.9997176416437634
basis-projected,inertial,ocean-land,row-column,500,500,168,83,3.1123596143705483e-10,0.005035632875622937,1.3741084389903995e-05,0.9997313827281534
basis-projected,inertial,ocean-land,row-column,500,500,168,84,3.097814893396056e-10,0.005012100288074975,1.36129544381881e-05,0.9997449956825916
basis-projected,inertial,ocean-land,row-column,500,500,168,85,3.0227742060314515e-10,0.004890688433687137,1.2961428827272064e-05,0.9997579571114188
basis-projected,inertial,ocean-land,row-column,500,500,168,86,2.9518256300082157e-10,0.004775897398534377,1.236012499720385e-05,0.999770317236416
basis-projected,inertial,ocean-land,row-column,500,500,168,87,2.9187134152341793e-10,0.004722323590247269,1.208437997868591e-05,0.9997824016163946
basis-projected,inertial,ocean-land,row-column,500,500,168,88,2.7657869605829944e-10,0.004474896692970262,1.0851228625194458e-05,0.9997932528450197
basis-projected,inertial,ocean-land,row-column,500,500,168,89,2.7498695467945596e-10,0.004449143161213249,1.0726687959510484e-05,0.9998039795329793
basis-projected,inertial,ocean-land,row-column,500,500,168,90,2.699936769283771e-10,0.0043683545740450065,1.0340669337190194e-05,0.9998143202023165
basis-projected,inertial,ocean-land,row-column,500,500,168,91,2.634914236752741e-10,0.004263151563134027,9.848598485927532e-06,0.9998241688008024
basis-projected,inertial,ocean-land,row-column,500,500,168,92,2.6058660030527207e-10,0.004216153060800554,9.632646529446889e-06,0.9998338014473318
basis-projected,inertial,ocean-land,row-column,500,500,168,93,2.5572237907614154e-10,0.00413745253974696,9.276388664277583e-06,0.999843077835996
basis-projected,inertial,ocean-land,row-column,500,500,168,94,2.473262974301187e-10,0.0040016083893219525,8.67724892231839e-06,0.9998517550849184
basis-projected,inertial,ocean-land,row-column,500,500,168,95,2.435865472264801e-10,0.003941101213399518,8.416820455519759e-06,0.9998601719053739
basis-projected,inertial,ocean-land,row-column,500,500,168,96,2.337294600595047e-10,0.003781618768097512,7.749405306048316e-06,0.99986792131068
basis-projected,inertial,ocean-land,row-column,500,500,168,97,2.2887886165826332e-10,0.0037031386571779548,7.431095348739885e-06,0.9998753524060288
basis-projected,inertial,ocean-land,row-column,500,500,168,98,2.2605795682239602e-10,0.0036574979122431183,7.249049413804966e-06,0.9998826014554426
basis-projected,inertial,ocean-land,row-column,500,500,168,99,2.230520137851861e-10,0.0036088633472958877,7.057546711169537e-06,0.9998896590021539
basis-projected,inertial,ocean-land,row-column,500,500,168,100,2.1045445262446363e-10,0.0034050414854496494,6.282864613769841e-06,0.9998959418667676
basis-projected,inertial,ocean-land,row-column,500,500,168,101,2.0792551043146868e-10,0.003364124541312489,6.132774791378175e-06,0.999902074641559
basis-projected,inertial,ocean-land,row-column,500,500,168,102,2.0392454584226119e-10,0.003299391055096465,5.899028191926079e-06,0.9999079736697509
basis-projected,inertial,ocean-land,row-column,500,500,168,103,1.9583740325920813e-10,0.0031685453749474243,5.440424002013122e-06,0.999913414093753
basis-projected,inertial,ocean-land,row-column,500,500,168,104,1.9551289265508705e-10,0.0031632949653898164,5.422408929123467e-06,0.9999188365026821
basis-projected,inertial,ocean-land,row-column,500,500,168,105,1.9069302544179623e-10,0.0030853120688012644,5.158353280477733e-06,0.9999239948559625
basis-projected,inertial,ocean-land,row-column,500,500,168,106,1.846305226730166e-10,0.002987223987623036,4.8355787727903906e-06,0.9999288304347353
basis-projected,inertial,ocean-land,row-column,500,500,168,107,1.8255816884345494e-10,0.002953694401177177,4.727635726634269e-06,0.999933558070462
basis-projected,inertial,ocean-land,row-column,500,500,168,108,1.7434340553328335e-10,0.0028207838853127457,4.3117394975625105e-06,0.9999378698099595
basis-projected,inertial,ocean-land,row-column,500,500,168,109,1.734439742364892e-10,0.002806231563702517,4.267366039183746e-06,0.9999421371759988
basis-projected,inertial,ocean-land,row-column,500,500,168,110,1.6858576314410006e-10,0.0027276282834755358,4.031654028595301e-06,0.9999461688300274
basis-projected,inertial,ocean-land,row-column,500,500,168,111,1.6308970498835956e-10,0.0026387049758744645,3.77306735802036e-06,0.9999499418973854
basis-projected,inertial,ocean-land,row-column,500,500,168,112,1.6104189776086042e-10,0.002605572540438277,3.678910509866698e-06,0.9999536208078952
basis-projected,inertial,ocean-land,row-column,500,500,168,113,1.5683821088774451e-10,0.0025375591151279497,3.4893555399999344e-06,0.9999571101634352
basis-projected,inertial,ocean-land,row-column,500,500,168,114,1.4560249617151775e-10,0.0023557712068640307,3.0073162784684723e-06,0.9999601174797137
basis-projected,inertial,ocean-land,row-column,500,500,168,115,1.4049273792960043e-10,0.0022730980270981764,2.7999431687956947e-06,0.9999629174228825
basis-projected,inertial,ocean-land,row-column,500,500,168,116,1.3675054946394014e-10,0.002212551401388708,2.6527701629936097e-06,0.9999655701930455
basis-projected,inertial,ocean-land,row-column,500,500,168,117,1.3281622142984427e-10,0.0021488960593115847,2.5023249450082703e-06,0.9999680725179906
basis-projected,inertial,ocean-land,row-column,500,500,168,118,1.313474570276706e-10,0.0021251322298492677,2.4472864302399153e-06,0.9999705198044208
basis-projected,inertial,ocean-land,row-column,500,500,168,119,1.249105409016265e-10,0.0020209863390200982,2.213296728835534e-06,0.9999727331011496
basis-projected,inertial,ocean-land,row-column,500,500,168,120,1.218788777011818e-10,0.001971935635465512,2.1071640927659775e-06,0.9999748402652424
basis-projected,inertial,ocean-land,row-column,500,500,168,121,1.1589047040352795e-10,0.0018750463797334597,1.9051839558898364e-06,0.9999767454491983
basis-projected,inertial,ocean-land,row-column,500,500,168,122,1.1480162112529579e-10,0.0018574293755905336,1.8695518132480103e-06,0.9999786150010115
basis-projected,inertial,ocean-land,row-column,500,500,168,123,1.1155341635669795e-10,0.0018048751442479112,1.7652540420498674e-06,0.9999803802550535
basis-projected,inertial,ocean-land,row-column,500,500,168,124,1.0717432032535269e-10,0.0017340236917385845,1.6293820970440008e-06,0.9999820096371506
basis-projected,inertial,ocean-land,row-column,500,500,168,125,1.0351978373473792e-10,0.0016748952269047142,1.5201560638566258e-06,0.9999835297932145
basis-projected,inertial,ocean-land,row-column,500,500,168,126,1.0150420785710695e-10,0.0016422842776241512,1.461536133147132e-06,0.9999849913293475
basis-projected,inertial,ocean-land,row-column,500,500,168,127,9.716340770779172e-11,0.0015720524321861315,1.3392046236013593e-06,0.9999863305339711
basis-projected,inertial,ocean-land,row-column,500,500,168,128,9.450101631267706e-11,0.001528976350697629,1.2668185744297398e-06,0.9999875973525455
basis-projected,inertial,ocean-land,row-column,500,500,168,129,9.287561058780477e-11,0.0015026781476667173,1.2236151008339094e-06,0.9999888209676464
basis-projected,inertial,ocean-land,row-column,500,500,168,130,8.72941097028115e-11,0.001412372421997947,1.0809642828174966e-06,0.9999899019319292
basis-projected,inertial,ocean-land,row-column,500,500,168,131,8.681288092665358e-11,0.0014045863954901885,1.069079007068529e-06,0.9999909710109363
basis-projected,inertial,ocean-land,row-column,500,500,168,132,8.290870945191701e-11,0.001341418970558064,9.750834251591934e-07,0.9999919460943615
basis-projected,inertial,ocean-land,row-column,500,500,168,133,7.765130671577201e-11,0.0012563569811392225,8.553404307859176e-07,0.9999928014347922
basis-projected,inertial,ocean-land,row-column,500,500,168,134,7.559018381873605e-11,0.0012230091052283195,8.105359220666212e-07,0.9999936119707142
basis-projected,inertial,ocean-land,row-column,500,500,168,135,7.351677865791713e-11,0.0011894625088000094,7.666804729968727e-07,0.9999943786511872
basis-projected,inertial,ocean-land,row-column,500,500,168,136,6.836574773258536e-11,0.0011061215588943957,6.630077431068573e-07,0.9999950416589304
basis-projected,inertial,ocean-land,row-column,500,500,168,137,6.664714891954757e-11,0.0010783155410968993,6.300929426421519e-07,0.999995671751873
basis-projected,inertial,ocean-land,row-column,500,500,168,138,6.442362880766719e-11,0.0010423401643335744,5.887512358436059e-07,0.9999962605031089
basis-projected,inertial,ocean-land,row-column,500,500,168,139,5.990527086881371e-11,0.0009692355279809272,5.090630047541518e-07,0.9999967695661135
basis-projected,inertial,ocean-land,row-column,500,500,168,140,5.688155072181637e-11,0.0009203133388206535,4.589700214674882e-07,0.999997228536135
basis-projected,inertial,ocean-land,row-column,500,500,168,141,5.303667208273041e-11,0.00085810524053932,3.990193849850281e-07,0.99999762755552
basis-projected,inertial,ocean-land,row-column,500,500,168,142,5.0364230025244835e-11,0.0008148665446613264,3.5982046605731644e-07,0.9999979873759861
basis-projected,inertial,ocean-land,row-column,500,500,168,143,4.9345189216579205e-11,0.0007983790045518078,3.4540697353741726e-07,0.9999983327829597
basis-projected,inertial,ocean-land,row-column,500,500,168,144,4.7473820731681926e-11,0.0007681012544440033,3.1970529940844695e-07,0.9999986524882591
basis-projected,inertial,ocean-land,row-column,500,500,168,145,3.862118748468676e-11,0.0006248703411248264,2.1158881677050614e-07,0.9999988640770758
basis-projected,inertial,ocean-land,row-column,500,500,168,146,3.632122895931787e-11,0.0005876582313498474,1.8713823702506784e-07,0.9999990512153129
basis-projected,inertial,ocean-land,row-column,500,500,168,147,3.399485985915862e-11,0.0005500188124745176,1.6393359938502258e-07,0.9999992151489122
basis-projected,inertial,ocean-land,row-column,500,500,168,148,3.14556645175876e-11,0.0005089359778284011,1.403586533541304e-07,0.9999993555075656
basis-projected,inertial,ocean-land,row-column,500,500,168,149,3.0231667186086054e-11,0.0004891323498230606,1.296479517473819e-07,0.9999994851555173
basis-projected,inertial,ocean-land,row-column,500,500,168,150,2.8235122346397164e-11,0.00045682931264839905,1.1308911671754487e-07,0.999999598244634
basis-projected,inertial,ocean-land,row-column,500,500,168,151,2.6026907429813458e-11,0.00042110156583197357,9.609185980683716e-08,0.9999996943364938
basis-projected,inertial,ocean-land,row-column,500,500,168,152,2.3142783394482648e-11,0.00037443796776114664,7.597533878202714e-08,0.9999997703118326
basis-projected,inertial,ocean-land,row-column,500,500,168,153,2.0476888333570276e-11,0.0003313051988172656,5.947978473507559e-08,0.9999998297916174
basis-projected,inertial,ocean-land,row-column,500,500,168,154,1.813964203648853e-11,0.0002934897926615309,4.6676565117744454e-08,0.9999998764681826
basis-projected,inertial,ocean-land,row-column,500,500,168,155,1.5786571440274302e-11,0.000255418357734001,3.535225349901202e-08,0.999999911820436
basis-projected,inertial,ocean-land,row-column,500,500,168,156,1.3062528828091014e-11,0.00021134479223349837,2.4204492881861004e-08,0.9999999360249289
basis-projected,inertial,ocean-land,row-column,500,500,168,157,1.2265190047358123e-11,0.0001984442734157856,2.13397844327408e-08,0.9999999573647134
basis-projected,inertial,ocean-land,row-column,500,500,168,158,1.0137652344695855e-11,0.0001640218411551095,1.4578614479457594e-08,0.9999999719433278
basis-projected,inertial,ocean-land,row-column,500,500,168,159,7.628637304783743e-12,0.00012342730779181415,8.255348254281481e-09,0.999999980198676
basis-projected,inertial,ocean-land,row-column,500,500,168,160,7.065579179601472e-12,0.00011431732579306661,7.08169143107752e-09,0.9999999872803674
basis-projected,inertial,ocean-land,row-column,500,500,168,161,6.0582587607309504e-12,9.801941537767092e-05,5.2063948561238775e-09,0.9999999924867623
basis-projected,inertial,ocean-land,row-column,500,500,168,162,5.16104058014342e-12,8.350290081453324e-05,3.778470291181339e-09,0.9999999962652326
basis-projected,inertial,ocean-land,row-column,500,500,168,163,3.85472022559104e-12,6.236732993414268e-05,2.107789269819484e-09,0.9999999983730219
basis-projected,inertial,ocean-land,row-column,500,500,168,164,2.268936262940522e-12,3.671018601321579e-05,7.302743664115495e-10,0.9999999991032962
basis-projected,inertial,ocean-land,row-column,500,500,168,165,1.997941824669307e-12,3.2325639651128756e-05,5.662485997310917e-10,0.9999999996695448
basis-projected,inertial,ocean-land,row-column,500,500,168,166,1.0949506828075788e-12,1.7715721634714582e-05,1.7007112387946147e-10,0.999999999839616
basis-projected,inertial,ocean-land,row-column,500,500,168,167,8.329582415350378e-13,1.3476822812273922e-05,9.842103399323845e-11,0.999999999938037
basis-projected,inertial,ocean-land,row-column,500,500,168,168,6.609142812370044e-13,1.0693242731974117e-05,6.19629001916828e-11,1.0
basis-projected,inertial,ocean-land,lat-lon-metres,50,50,168,1,1.2739370890271936e-07,1.0,0.5214907842284545,0.5214907842284545
basis-projected,inertial,ocean-land,lat-lon-metres,50,50,168,2,8.251971327778171e-08,0.6477534407982075,0.21880946041929472,0.7403002446477492
basis-projected,inertial,ocean-land,lat-lon-metres,50,50,168,3,5.634798577284918e-08,0.4423137237952444,0.10202520289262053,0.8423254475403698
basis-projected,inertial,ocean-land,lat-lon-metres,50,50,168,4,4.533536447972161e-08,0.35586815762103835,0.06604271182979887,0.9083681593701687
basis-projected,inertial,ocean-land,lat-lon-metres,50,50,168,5,2.9875553583169454e-08,0.23451357088585187,0.028680227849564886,0.9370483872197336
basis-projected,inertial,ocean-land,lat-lon-metres,50,50,168,6,2.1534063657453037e-08,0.16903553435199004,0.014900562369765355,0.9519489495894989
basis-projected,inertial,ocean-land,lat-lon-metres,50,50,168,7,1.815644920095183e-08,0.14252233769892433,0.010592842435125791,0.9625417920246248
basis-projected,inertial,ocean-land,lat-lon-metres,50,50,168,8,1.7523598059419285e-08,0.13755465799964023,0.009867275199122935,0.9724090672237476
basis-projected,inertial,ocean-land,lat-lon-metres,50,50,168,9,1.4417516532112616e-08,0.113172908272277,0.0066793098508993445,0.9790883770746469
basis-projected,inertial,ocean-land,lat-lon-metres,50,50,168,10,1.3058613007129685e-08,0.10250594883850606,0.005479548534468914,0.9845679256091158
basis-projected,inertial,ocean-land,lat-lon-metres,50,50,168,11,1.0688122141960831e-08,0.08389835129239008,0.0036707388726049703,0.9882386644817207
basis-projected,inertial,ocean-land,lat-lon-metres,50,50,168,12,1.0158144788638857e-08,0.0797381980329644,0.003315732392084922,0.9915543968738056
basis-projected,inertial,ocean-land,lat-lon-metres,50,50,168,13,9.043480549396355e-09,0.07098843912537436,0.002627979010675241,0.994182375884481
basis-projected,inertial,ocean-land,lat-lon-metres,50,50,168,14,7.756953743723136e-09,0.06088961386347984,0.0019334505894769579,0.9961158264739579
basis-projected,inertial,ocean-land,lat-lon-metres,50,50,168,15,6.194873822768818e-09,0.04862778449679458,0.0012331491409928055,0.9973489756149507
basis-projected,inertial,ocean-land,lat-lon-metres,50,50,168,16,5.687730566953584e-09,0.04464687162296892,0.001039510080296825,0.9983884856952475
basis-projected,inertial,ocean-land,lat-lon-metres,50,50,168,17,4.49326452726092e-09,0.03527069402376907,0.0006487459337616828,0.9990372316290091
basis-projected,inertial,ocean-land,lat-lon-metres,50,50,168,18,3.267350583206141e-09,0.025647660401355937,0.0003430379332815861,0.9993802695622906
basis-projected,inertial,ocean-land,lat-lon-metres,50,50,168,19,2.5119263150385692e-09,0.019717820736004563,0.00020275168203957587,0.9995830212443303
basis-projected,inertial,ocean-land,lat-lon-metres,50,50,168,20,2.1113835300144835e-09,0.0165736875721766,0.00014324680149073116,0.999726268045821
basis-projected,inertial,ocean-land,lat-lon-metres,50,50,168,21,1.7666158046118952e-09,0.013867370844512596,0.00010028475028411965,0.999826552796105
basis-projected,inertial,ocean-land,lat-lon-metres,50,50,168,22,1.6585155721927287e-09,0.013018818483879825,8.838728252675116e-05,0.9999149400786318
basis-projected,inertial,ocean-land,lat-lon-metres,50,50,168,23,1.4895132781948312e-09,0.011692204356278348,7.129177580632641e-05,0.9999862318544381
basis-projected,inertial,ocean-land,lat-lon-metres,50,50,168,24,3.9123399073355115e-10,0.003071062096420366,4.9183998638022395e-06,0.9999911502543019
basis-projected,inertial,ocean-land,lat-lon-metres,50,50,168,25,3.056902385670016e-10,0.0023995709144509904,3.002712945204486e-06,0.9999941529672471
basis-projected,inertial,ocean-land,lat-lon-metres,50,50,168,26,2.5780251550663594e-10,0.002023667555699313,2.135624900371231e-06,0.9999962885921475
basis-projected,inertial,ocean-land,lat-lon-metres,50,50,168,27,2.1122120143624105e-10,0.0016580190910175493,1.4335924057645457e-06,0.9999977221845532
basis-projected,inertial,ocean-land,lat-lon-metres,50,50,168,28,1.757689721597381e-10,0.001379730393860808,9.927390393477048e-07,0.9999987149235926
basis-projected,inertial,ocean-land,lat-lon-metres,50,50,168,29,1.0391970818647634e-10,0.000815736578215426,3.470136126521186e-07,0.9999990619372052
basis-projected,inertial,ocean-land,lat-lon-metres,50,50,168,30,9.765429421032803e-11,0.0007665550760037845,3.064314707423846e-07,0.9999993683686759
basis-projected,inertial,ocean-land,lat-lon-metres,50,50,168,31,7.241565462953716e-11,0.0005684398017239246,1.685060881327248e-07,0.999999536874764
basis-projected,inertial,ocean-land,lat-lon-metres,50,50,168,32,6.731102801650114e-11,0.0005283701102375575,1.4558717581138595e-07,0.9999996824619398
basis-projected,inertial,ocean-land,lat-lon-metres,50,50,168,33,6.23314223098495e-11,0.0004892817930079039,1.2484315872830195e-07,0.9999998073050986
basis-projected,inertial,ocean-land,lat-lon-metres,50,50,168,34,4.966467267145955e-11,0.0003898518466825123,7.925849646757688e-08,0.9999998865635951
basis-projected,inertial,ocean-land,lat-lon-metres,50,50,168,35,4.1306885212175384e-11,0.00032424587970602403,5.482713724531262e-08,0.9999999413907323
basis-projected,inertial,ocean-land,lat-lon-metres,50,50,168,36,3.279289656434002e-11,0.00025741378319852037,3.455494713544473e-08,0.9999999759456795
basis-projected,inertial,ocean-land,lat-lon-metres,50,50,168,37,2.2759819756735973e-11,0.0001786573289432673,1.664517292498993e-08,0.9999999925908524
basis-projected,inertial,ocean-land,lat-lon-metres,50,50,168,38,1.256489949013309e-11,9.863045513281918e-05,5.073044972748709e-09,0.9999999976638974
basis-projected,inertial,ocean-land,lat-lon-metres,50,50,168,39,7.0780587128075374e-12,5.5560504311971154e-05,1.6098262181404303e-09,0.9999999992737236
basis-projected,inertial,ocean-land,lat-lon-metres,50,50,168,40,3.2274158386017327e-12,2.5334185387963375e-05,3.3470371016994837e-10,0.9999999996084273
basis-projected,inertial,ocean-land,lat-lon-metres,50,50,168,41,2.594739579785772e-12,2.0367878462249435e-05,2.1634069852993577e-10,0.9999999998247681
basis-projected,inertial,ocean-land,lat-lon-metres,50,50,168,42,1.7662889556437523e-12,1.3864805184316672e-05,1.0024764551592843e-10,0.9999999999250156
basis-projected,inertial,ocean-land,lat-lon-metres,50,50,168,43,1.1498704102548594e-12,9.026116125820041e-06,4.248625694717995e-11,0.9999999999675019
basis-projected,inertial,ocean-land,lat-lon-metres,50,50,168,44,7.931415920298407e-13,6.225908632862718e-06,2.021399360476141e-11,0.9999999999877159
basis-projected,inertial,ocean-land,lat-lon-metres,50,50,168,45,5.014772461730352e-13,3.936436504537082e-06,8.080777319456329e-12,0.9999999999957968
basis-projected,inertial,ocean-land,lat-lon-metres,50,50,168,46,3.4339554462695e-13,2.695545546045562e-06,3.789134198424578e-12,0.9999999999995859
basis-projected,inertial,ocean-land,lat-lon-metres,50,50,168,47,9.188337841321245e-14,7.212552268446522e-07,2.712842526955139e-13,0.9999999999998572
basis-projected,inertial,ocean-land,lat-lon-metres,50,50,168,48,6.238472148405183e-14,4.897001745328741e-07,1.2505675507920455e-13,0.9999999999999823
basis-projected,inertial,ocean-land,lat-lon-metres,50,50,168,49,2.0583482619979556e-14,1.615737762662798e-07,1.361408283206032e-14,0.9999999999999959
basis-projected,inertial,ocean-land,lat-lon-metres,50,50,168,50,1.0565279162188097e-14,8.293407306522472e-08,3.586845151176544e-15,0.9999999999999996
basis-projected,inertial,ocean-land,lat-lon-metres,50,50,168,51,1.4398650425593497e-15,1.1302481535087909e-08,6.661840805702744e-17,0.9999999999999996
basis-projected,inertial,ocean-land,lat-lon-metres,50,50,168,52,1.1092830067756886e-15,8.70751794833732e-09,3.9539884342146106e-17,0.9999999999999996
basis-projected,inertial,ocean-land,lat-lon-metres,50,50,168,53,1.1018036347790626e-15,8.64880726269163e-09,3.9008484318620203e-17,0.9999999999999996
basis-projected,inertial,ocean-land,lat-lon-metres,50,50,168,54,1.0448700743808583e-15,8.201896964776684e-09,3.5081265902337383e-17,0.9999999999999996
basis-projected,inertial,ocean-land,lat-lon-metres,50,50,168,55,1.0109079125990873e-15,7.935304822399345e-09,3.283778585012604e-17,0.9999999999999996
basis-projected,inertial,ocean-land,lat-lon-metres,50,50,168,56,9.900531547912282e-16,7.771601622394513e-09,3.149689179956156e-17,0.9999999999999996
basis-projected,inertial,ocean-land,lat-lon-metres,50,50,168,57,9.526438943145636e-16,7.47795085424527e-09,2.916163374866023e-17,0.9999999999999996
basis-projected,inertial,ocean-land,lat-lon-metres,50,50,168,58,9.226264225535181e-16,7.242323270908581e-09,2.7352841598215647e-17,0.9999999999999996
basis-projected,inertial,ocean-land,lat-lon-metres,50,50,168,59,9.063840449141e-16,7.114825784735059e-09,2.6398252502198625e-17,0.9999999999999996
basis-projected,inertial,ocean-land,lat-lon-metres,50,50,168,60,8.857731759002251e-16,6.953037034007865e-09,2.5211328030130785e-17,0.9999999999999996
basis-projected,inertial,ocean-land,lat-lon-metres,50,50,168,61,8.591999380835974e-16,6.744445589065166e-09,2.3721336194628386e-17,0.9999999999999996
basis-projected,inertial,ocean-land,lat-lon-metres,50,50,168,62,8.127934607321082e-16,6.380169536886434e-09,2.1228097628686265e-17,0.9999999999999996
basis-projected,inertial,ocean-land,lat-lon-metres,50,50,168,63,7.792763659724365e-16,6.117071028739018e-09,1.9513433140806018e-17,0.9999999999999996
basis-projected,inertial,ocean-land,lat-lon-metres,50,50,168,64,7.729353726536483e-16,6.067296252783398e-09,1.919716245987449e-17,0.9999999999999996
basis-projected,inertial,ocean-land,lat-lon-metres,50,50,168,65,7.497536998454788e-16,5.885327511878999e-09,1.8062917971949077e-17,0.9999999999999996
basis-projected,inertial,ocean-land,lat-lon-metres,50,50,168,66,7.341239977550472e-16,5.762639333435534e-09,1.7317672266052347e-17,0.9999999999999996
basis-projected,inertial,ocean-land,lat-lon-metres,50,50,168,67,7.075715740934613e-16,5.554211272974072e-09,1.6087606284251114e-17,0.9999999999999996
basis-projected,inertial,ocean-land,lat-lon-metres,50,50,168,68,6.918842534444035e-16,5.43107080721499e-09,1.5382168620637668e-17,0.9999999999999996
basis-projected,inertial,ocean-land,lat-lon-metres,50,50,168,69,6.77281232944259e-16,5.3164417519349074e-09,1.4739703858582887e-17,0.9999999999999996
basis-projected,inertial,ocean-land,lat-lon-metres,50,50,168,70,6.615418029817536e-16,5.1928922446784354e-09,1.406258821082251e-17,0.9999999999999996
basis-projected,inertial,ocean-land,lat-lon-metres,50,50,168,71,6.505866022272417e-16,5.1068974114258965e-09,1.3600688859568069e-17,0.9999999999999996
basis-projected,inertial,ocean-land,lat-lon-metres,50,50,168,72,6.307671635732661e-16,4.951321136704904e-09,1.2784649560870367e-17,0.9999999999999996
basis-projected,inertial,ocean-land,lat-lon-metres,50,50,168,73,5.999788358499049e-16,4.709642579823639e-09,1.1567047966712062e-17,0.9999999999999996
basis-projected,inertial,ocean-land,lat-lon-metres,50,50,168,74,5.837058864721378e-16,4.581905115250773e-09,1.0948101639444772e-17,0.9999999999999996
basis-projected,inertial,ocean-land,lat-lon-metres,50,50,168,75,5.740072364701225e-16,4.505773804799475e-09,1.058730463940732e-17,0.9999999999999996
basis-projected,inertial,ocean-land,lat-lon-metres,50,50,168,76,5.703090225313531e-16,4.476744004422178e-09,1.0451320338048666e-17,0.9999999999999996
basis-projected,inertial,ocean-land,lat-lon-metres,50,50,168,77,5.348989666801226e-16,4.198786355208351e-09,9.193781803488232e-18,0.9999999999999996
basis-projected,inertial,ocean-land,lat-lon-metres,50,50,168,78,5.144882599932891e-16,4.038568814933896e-09,8.505534545462075e-18,0.9999999999999996
basis-projected,inertial,ocean-land,lat-lon-metres,50,50,168,79,4.891270627492608e-16,3.83949150207071e-09,7.687658083524511e-18,0.9999999999999996
basis-projected,inertial,ocean-land,lat-lon-metres,50,50,168,80,4.853957976332955e-16,3.810202260489601e-09,7.570816128870308e-18,0.9999999999999996
basis-projected,inertial,ocean-land,lat-lon-metres,50,50,168,81,4.788442898539019e-16,3.7587750131331675e-09,7.367824972052384e-18,0.9999999999999996
basis-projected,inertial,ocean-land,lat-lon-metres,50,50,168,82,4.705380169355536e-16,3.6935734188794735e-09,7.114429993219148e-18,0.9999999999999996
basis-projected,inertial,ocean-land,lat-lon-metres,50,50,168,83,4.4166125189068836e-16,3.4669000195916315e-09,6.2680041134525745e-18,0.9999999999999996
basis-projected,inertial,ocean-land,lat-lon-metres,50,50,168,84,4.16335565453451e-16,3.2681014552404154e-09,5.569775605060458e-18,0.9999999999999996
basis-projected,inertial,ocean-land,lat-lon-metres,50,50,168,85,3.960152212546996e-16,3.1085932316885875e-09,5.0393489502289095e-18,0.9999999999999996
basis-projected,inertial,ocean-land,lat-lon-metres,50,50,168,86,3.7275304220533717e-16,2.9259925424573326e-09,4.464708074761337e-18,0.9999999999999996
basis-projected,inertial,ocean-land,lat-lon-metres,50,50,168,87,3.5222224263842726e-16,2.7648323113615596e-09,3.986430807637033e-18,0.9999999999999996
basis-projected,inertial,ocean-land,lat-lon-metres,50,50,168,88,3.4013474999589304e-16,2.669949347778448e-09,3.717514598703799e-18,0.9999999999999996
basis-projected,inertial,ocean-land,lat-lon-metres,50,50,168,89,3.123506414788139e-16,2.4518529538796277e-09,3.134985084859564e-18,0.9999999999999996
basis-projected,inertial,ocean-land,lat-lon-metres,50,50,168,90,3.007572530063129e-16,2.360848550503995e-09,2.906584100515909e-18,0.9999999999999996
basis-projected,inertial,ocean-land,lat-lon-metres,50,50,168,91,2.8236818641360504e-16,2.216500240441446e-09,2.562018158311738e-18,0.9999999999999996
basis-projected,inertial,ocean-land,lat-lon-metres,50,50,168,92,2.67442764090889e-16,2.0993404336403627e-09,2.2983299626422846e-18,0.9999999999999996
basis-projected,inertial,ocean-land,lat-lon-metres,50,50,168,93,2.516952482243886e-16,1.9757274546154285e-09,2.035638741666604e-18,0.9999999999999996
basis-projected,inertial,ocean-land,lat-lon-metres,50,50,168,94,2.2759754899585115e-16,1.7865681983531043e-09,1.664507805983152e-18,0.9999999999999996
basis-projected,inertial,ocean-land,lat-lon-metres,50,50,168,95,2.1967818012135502e-16,1.7244036774932592e-09,1.550688330675853e-18,0.9999999999999996
basis-projected,inertial,ocean-land,lat-lon-metres,50,50,168,96,1.8501360625052826e-16,1.4522978241555768e-09,1.0999121802601435e-18,0.9999999999999996
basis-projected,inertial,ocean-land,lat-lon-metres,50,50,168,97,1.650746917529975e-16,1.2957837021532371e-09,8.756119187514383e-19,0.9999999999999996
basis-projected,inertial,ocean-land,lat-lon-metres,50,50,168,98,1.5388076733231796e-16,1.207914964229707e-09,7.608855931120754e-19,0.9999999999999996
basis-projected,inertial,ocean-land,lat-lon-metres,50,50,168,99,1.3573294372104163e-16,1.0654603346597774e-09,5.9199932365181265e-19,0.9999999999999996
basis-projected,inertial,ocean-land,lat-lon-metres,50,50,168,100,1.2541984934490982e-16,9.845058317650768e-10,5.0545584624194175e-19,0.9999999999999996
basis-projected,inertial,ocean-land,lat-lon-metres,50,50,168,101,1.2210987953659463e-16,9.585236240342168e-10,4.791288038274935e-19,0.9999999999999996
basis-projected,inertial,ocean-land,lat-lon-metres,50,50,168,102,1.1160192435324199e-16,8.760395259271686e-10,4.0021562578945633e-19,0.9999999999999996
basis-projected,inertial,ocean-land,lat-lon-metres,50,50,168,103,9.185590027435087e-17,7.210395322150017e-10,2.7112201939801647e-19,0.9999999999999996
basis-projected,inertial,ocean-land,lat-lon-metres,50,50,168,104,8.15823075292594e-17,6.403951045302986e-10,2.138664421439822e-19,0.9999999999999996
basis-projected,inertial,ocean-land,lat-lon-metres,50,50,168,105,6.615880458430623e-17,5.193255236396841e-10,1.4064554275677869e-19,0.9999999999999996
basis-projected,inertial,ocean-land,lat-lon-metres,50,50,168,106,5.390244096247174e-17,4.231169767074827e-10,9.336143959164209e-20,0.9999999999999996
basis-projected,inertial,ocean-land,lat-lon-metres,50,50,168,107,4.5607159576679005e-17,3.580016624800965e-10,6.683696562042026e-20,0.9999999999999996
basis-projected,inertial,ocean-land,lat-lon-metres,50,50,168,108,3.650764064471917e-17,2.8657333991741466e-10,4.282705473887162e-20,0.9999999999999996
basis-projected,inertial,ocean-land,lat-lon-metres,50,50,168,109,0.0,0.0,0.0,0.9999999999999996
basis-projected,inertial,ocean-land,lat-lon-metres,50,50,168,110,0.0,0.0,0.0,0.9999999999999996
basis-projected,inertial,ocean-land,lat-lon-metres,50,50,168,111,0.0,0.0,0.0,0.9999999999999996
basis-projected,inertial,ocean-land,lat-lon-metres,50,50,168,112,0.0,0.0,0.0,0.9999999999999996
basis-projected,inertial,ocean-land,lat-lon-metres,50,50,168,113,0.0,0.0,0.0,0.9999999999999996
basis-projected,inertial,ocean-land,lat-lon-metres,50,50,168,114,0.0,0.0,0.0,0.9999999999999996
basis-projected,inertial,ocean-land,lat-lon-metres,50,50,168,115,0.0,0.0,0.0,0.9999999999999996
basis-projected,inertial,ocean-land,lat-lon-metres,50,50,168,116,0.0,0.0,0.0,0.9999999999999996
basis-projected,inertial,ocean-land,lat-lon-metres,50,50,168,117,0.0,0.0,0.0,0.9999999999999996
basis-projected,inertial,ocean-land,lat-lon-metres,50,50,168,118,0.0,0.0,0.0,0.9999999999999996
basis-projected,inertial,ocean-land,lat-lon-metres,50,50,168,119,0.0,0.0,0.0,0.9999999999999996
basis-projected,inertial,ocean-land,lat-lon-metres,50,50,168,120,0.0,0.0,0.0,0.9999999999999996
basis-projected,inertial,ocean-land,lat-lon-metres,50,50,168,121,0.0,0.0,0.0,0.9999999999999996
basis-projected,inertial,ocean-land,lat-lon-metres,50,50,168,122,0.0,0.0,0.0,0.9999999999999996
basis-projected,inertial,ocean-land,lat-lon-metres,50,50,168,123,0.0,0.0,0.0,0.9999999999999996
basis-projected,inertial,ocean-land,lat-lon-metres,50,50,168,124,0.0,0.0,0.0,0.9999999999999996
basis-projected,inertial,ocean-land,lat-lon-metres,50,50,168,125,0.0,0.0,0.0,0.9999999999999996
basis-projected,inertial,ocean-land,lat-lon-metres,50,50,168,126,0.0,0.0,0.0,0.9999999999999996
basis-projected,inertial,ocean-land,lat-lon-metres,50,50,168,127,0.0,0.0,0.0,0.9999999999999996
basis-projected,inertial,ocean-land,lat-lon-metres,50,50,168,128,0.0,0.0,0.0,0.9999999999999996
basis-projected,inertial,ocean-land,lat-lon-metres,50,50,168,129,0.0,0.0,0.0,0.9999999999999996
basis-projected,inertial,ocean-land,lat-lon-metres,50,50,168,130,0.0,0.0,0.0,0.9999999999999996
basis-projected,inertial,ocean-land,lat-lon-metres,50,50,168,131,0.0,0.0,0.0,0.9999999999999996
basis-projected,inertial,ocean-land,lat-lon-metres,50,50,168,132,0.0,0.0,0.0,0.9999999999999996
basis-projected,inertial,ocean-land,lat-lon-metres,50,50,168,133,0.0,0.0,0.0,0.9999999999999996
basis-projected,inertial,ocean-land,lat-lon-metres,50,50,168,134,0.0,0.0,0.0,0.9999999999999996
basis-projected,inertial,ocean-land,lat-lon-metres,50,50,168,135,0.0,0.0,0.0,0.9999999999999996
basis-projected,inertial,ocean-land,lat-lon-metres,50,50,168,136,0.0,0.0,0.0,0.9999999999999996
basis-projected,inertial,ocean-land,lat-lon-metres,50,50,168,137,0.0,0.0,0.0,0.9999999999999996
basis-projected,inertial,ocean-land,lat-lon-metres,50,50,168,138,0.0,0.0,0.0,0.9999999999999996
basis-projected,inertial,ocean-land,lat-lon-metres,50,50,168,139,0.0,0.0,0.0,0.9999999999999996
basis-projected,inertial,ocean-land,lat-lon-metres,50,50,168,140,0.0,0.0,0.0,0.9999999999999996
basis-projected,inertial,ocean-land,lat-lon-metres,50,50,168,141,0.0,0.0,0.0,0.9999999999999996
basis-projected,inertial,ocean-land,lat-lon-metres,50,50,168,142,0.0,0.0,0.0,0.9999999999999996
basis-projected,inertial,ocean-land,lat-lon-metres,50,50,168,143,0.0,0.0,0.0,0.9999999999999996
basis-projected,inertial,ocean-land,lat-lon-metres,50,50,168,144,0.0,0.0,0.0,0.9999999999999996
basis-projected,inertial,ocean-land,lat-lon-metres,50,50,168,145,0.0,0.0,0.0,0.9999999999999996
basis-projected,inertial,ocean-land,lat-lon-metres,50,50,168,146,0.0,0.0,0.0,0.9999999999999996
basis-projected,inertial,ocean-land,lat-lon-metres,50,50,168,147,0.0,0.0,0.0,0.9999999999999996
basis-projected,inertial,ocean-land,lat-lon-metres,50,50,168,148,0.0,0.0,0.0,0.9999999999999996
basis-projected,inertial,ocean-land,lat-lon-metres,50,50,168,149,0.0,0.0,0.0,0.9999999999999996
basis-projected,inertial,ocean-land,lat-lon-metres,50,50,168,150,0.0,0.0,0.0,0.9999999999999996
basis-projected,inertial,ocean-land,lat-lon-metres,50,50,168,151,0.0,0.0,0.0,0.9999999999999996
basis-projected,inertial,ocean-land,lat-lon-metres,50,50,168,152,0.0,0.0,0.0,0.9999999999999996
basis-projected,inertial,ocean-land,lat-lon-metres,50,50,168,153,0.0,0.0,0.0,0.9999999999999996
basis-projected,inertial,ocean-land,lat-lon-metres,50,50,168,154,0.0,0.0,0.0,0.9999999999999996
basis-projected,inertial,ocean-land,lat-lon-metres,50,50,168,155,0.0,0.0,0.0,0.9999999999999996
basis-projected,inertial,ocean-land,lat-lon-metres,50,50,168,156,0.0,0.0,0.0,0.9999999999999996
basis-projected,inertial,ocean-land,lat-lon-metres,50,50,168,157,0.0,0.0,0.0,0.9999999999999996
basis-projected,inertial,ocean-land,lat-lon-metres,50,50,168,158,0.0,0.0,0.0,0.9999999999999996
basis-projected,inertial,ocean-land,lat-lon-metres,50,50,168,159,0.0,0.0,0.0,0.9999999999999996
basis-projected,inertial,ocean-land,lat-lon-metres,50,50,168,160,0.0,0.0,0.0,0.9999999999999996
basis-projected,inertial,ocean-land,lat-lon-metres,50,50,168,161,0.0,0.0,0.0,0.9999999999999996
basis-projected,inertial,ocean-land,lat-lon-metres,50,50,168,162,0.0,0.0,0.0,0.9999999999999996
basis-projected,inertial,ocean-land,lat-lon-metres,50,50,168,163,0.0,0.0,0.0,0.9999999999999996
basis-projected,inertial,ocean-land,lat-lon-metres,50,50,168,164,0.0,0.0,0.0,0.9999999999999996
basis-projected,inertial,ocean-land,lat-lon-metres,50,50,168,165,0.0,0.0,0.0,0.9999999999999996
basis-projected,inertial,ocean-land,lat-lon-metres,50,50,168,166,0.0,0.0,0.0,0.9999999999999996
basis-projected,inertial,ocean-land,lat-lon-metres,50,50,168,167,0.0,0.0,0.0,0.9999999999999996
basis-projected,inertial,ocean-land,lat-lon-metres,50,50,168,168,0.0,0.0,0.0,0.9999999999999996
basis-projected,inertial,ocean-land,lat-lon-metres,100,100,168,1,1.0720796831797664e-07,1.0,0.510442533428994,0.510442533428994
basis-projected,inertial,ocean-land,lat-lon-metres,100,100,168,2,5.864489353542041e-08,0.5470199133098097,0.1527401202599039,0.663182653688898
basis-projected,inertial,ocean-land,lat-lon-metres,100,100,168,3,5.227135265670577e-08,0.487569659949809,0.12134452927838872,0.7845271829672866
basis-projected,inertial,ocean-land,lat-lon-metres,100,100,168,4,4.237408262834325e-08,0.3952512419847617,0.07974314172889775,0.8642703246961844
basis-projected,inertial,ocean-land,lat-lon-metres,100,100,168,5,2.972914319689792e-08,0.27730348465071075,0.0392516131173048,0.9035219378134892
basis-projected,inertial,ocean-land,lat-lon-metres,100,100,168,6,1.998988447687145e-08,0.18645894321569328,0.01774652365967746,0.9212684614731667
basis-projected,inertial,ocean-land,lat-lon-metres,100,100,168,7,1.798418690624714e-08,0.1677504684437859,0.014363965016086062,0.9356324264892527
basis-projected,inertial,ocean-land,lat-lon-metres,100,100,168,8,1.769314403847002e-08,0.1650357181099871,0.013902815197860331,0.9495352416871131
basis-projected,inertial,ocean-land,lat-lon-metres,100,100,168,9,1.4817025162345633e-08,0.13820824510356022,0.009750227758157473,0.9592854694452706
basis-projected,inertial,ocean-land,lat-lon-metres,100,100,168,10,1.4085727472248733e-08,0.13138694532920123,0.008811529241828433,0.968096998687099
basis-projected,inertial,ocean-land,lat-lon-metres,100,100,168,11,1.2060589667139121e-08,0.11249713856499602,0.006459959683310261,0.9745569583704093
basis-projected,inertial,ocean-land,lat-lon-metres,100,100,168,12,1.0707179623925773e-08,0.09987298324848856,0.005091466618903694,0.979648424989313
basis-projected,inertial,ocean-land,lat-lon-metres,100,100,168,13,9.677359688771534e-09,0.09026716801561507,0.004159168260897619,0.9838075932502106
basis-projected,inertial,ocean-land,lat-lon-metres,100,100,168,14,9.386770046803146e-09,0.08755664522027111,0.003913137257117804,0.9877207305073284
basis-projected,inertial,ocean-land,lat-lon-metres,100,100,168,15,7.858757195062464e-09,0.07330385342023786,0.0027428399458244773,0.990463570453153
basis-projected,inertial,ocean-land,lat-lon-metres,100,100,168,16,6.723776282165803e-09,0.0627171318294478,0.0020077943767877102,0.9924713648299407
basis-projected,inertial,ocean-land,lat-lon-metres,100,100,168,17,6.305284013143941e-09,0.05881357619279378,0.0017656394791302332,0.9942370043090709
basis-projected,inertial,ocean-land,lat-lon-metres,100,100,168,18,5.770902284093129e-09,0.0538290425108771,0.0014790408367323,0.9957160451458031
basis-projected,inertial,ocean-land,lat-lon-metres,100,100,168,19,4.868008252985698e-09,0.04540714957443541,0.0010524351280719053,0.996768480273875
basis-projected,inertial,ocean-land,lat-lon-metres,100,100,168,20,4.424288520193582e-09,0.04126828061018033,0.0008693198679480987,0.9976378001418231
basis-projected,inertial,ocean-land,lat-lon-metres,100,100,168,21,3.789321809742483e-09,0.03534552393067866,0.0006376989512818814,0.998275499093105
basis-projected,inertial,ocean-land,lat-lon-metres,100,100,168,22,2.990414169254546e-09,0.02789358119710877,0.00039715076868269825,0.9986726498617877
basis-projected,inertial,ocean-land,lat-lon-metres,100,100,168,23,2.3407428142289094e-09,0.021833664520964656,0.0002433325018981431,0.9989159823636858
basis-projected,inertial,ocean-land,lat-lon-metres,100,100,168,24,2.0918773523851637e-09,0.01951233089485194,0.0001943413252647554,0.9991103236889506
basis-projected,inertial,ocean-land,lat-lon-metres,100,100,168,25,2.0218274178878525e-09,0.01885892858160649,0.00018154357657521367,0.9992918672655258
basis-projected,inertial,ocean-land,lat-lon-metres,100,100,168,26,1.801155235741262e-09,0.016800572420130867,0.0001440771183050013,0.9994359443838309
basis-projected,inertial,ocean-land,lat-lon-metres,100,100,168,27,1.5818765669789864e-09,0.014755214484497766,0.00011113168755149934,0.9995470760713824
basis-projected,inertial,ocean-land,lat-lon-metres,100,100,168,28,1.4696126450432813e-09,0.0137080542435469,9.591763987250094e-05,0.999642993711255
basis-projected,inertial,ocean-land,lat-lon-metres,100,100,168,29,1.3652720431558495e-09,0.012734800076674158,8.278108574405956e-05,0.999725774796999
basis-projected,inertial,ocean-land,lat-lon-metres,100,100,168,30,1.2267000003695625e-09,0.01144224650103615,6.682969123654123e-05,0.9997926044882355
basis-projected,inertial,ocean-land,lat-lon-metres,100,100,168,31,1.0016180754156478e-09,0.009342757736485307,4.4555059752014544e-05,0.9998371595479876
basis-projected,inertial,ocean-land,lat-lon-metres,100,100,168,32,9.85785998798965e-10,0.00919508143158859,4.315767248223467e-05,0.9998803172204698
basis-projected,inertial,ocean-land,lat-lon-metres,100,100,168,33,8.153828708793892e-10,0.007605618161338347,2.9526766619635216e-05,0.9999098439870894
basis-projected,inertial,ocean-land,lat-lon-metres,100,100,168,34,7.218571272802971e-10,0.0067332413682095315,2.31416979887149e-05,0.9999329856850782
basis-projected,inertial,ocean-land,lat-lon-metres,100,100,168,35,6.507750301393673e-10,0.006070211387731758,1.880851404439947e-05,0.9999517941991226
basis-projected,inertial,ocean-land,lat-lon-metres,100,100,168,36,5.221073367675347e-10,0.0048700422641997565,1.2106324647350114e-05,0.9999639005237699
basis-projected,inertial,ocean-land,lat-lon-metres,100,100,168,37,4.368870034221927e-10,0.004075135554536345,8.47678122487898e-06,0.9999723773049948
basis-projected,inertial,ocean-land,lat-lon-metres,100,100,168,38,4.075747857062742e-10,0.0038017210110485047,7.377468121605109e-06,0.9999797547731164
basis-projected,inertial,ocean-land,lat-lon-metres,100,100,168,39,2.8754619000658683e-10,0.0026821344953924576,3.6720446972960672e-06,0.9999834268178137
basis-projected,inertial,ocean-land,lat-lon-metres,100,100,168,40,2.5121787453568774e-10,0.0023432761433420757,2.8028108986889715e-06,0.9999862296287125
basis-projected,inertial,ocean-land,lat-lon-metres,100,100,168,41,2.3371495434029385e-10,0.0021800147694908283,2.4258599659160347e-06,0.9999886554886784
basis-projected,inertial,ocean-land,lat-lon-metres,100,100,168,42,2.2122453235366786e-10,0.0020635082990988173,2.1734982519986723e-06,0.9999908289869305
basis-projected,inertial,ocean-land,lat-lon-metres,100,100,168,43,1.991920588663995e-10,0.001857996770124399,1.7621252115352682e-06,0.9999925911121421
basis-projected,inertial,ocean-land,lat-lon-metres,100,100,168,44,1.7217877442586887e-10,0.0016060259057907912,1.3165942321107797e-06,0.9999939077063742
basis-projected,inertial,ocean-land,lat-lon-metres,100,100,168,45,1.5308407703677464e-10,0.0014279169677269734,1.0407652041769905e-06,0.9999949484715784
basis-projected,inertial,ocean-land,lat-lon-metres,100,100,168,46,1.432983441172392e-10,0.0013366389305337757,9.119584834463332e-07,0.9999958604300618
basis-projected,inertial,ocean-land,lat-lon-metres,100,100,168,47,1.3263665178745863e-10,0.0012371902375209745,7.813035979746087e-07,0.9999966417336599
basis-projected,inertial,ocean-land,lat-lon-metres,100,100,168,48,1.2077345283510636e-10,0.0011265342933922111,6.47792162345311e-07,0.9999972895258221
basis-projected,inertial,ocean-land,lat-lon-metres,100,100,168,49,1.0475324568637844e-10,0.0009771031699405258,4.873351086092572e-07,0.9999977768609308
basis-projected,inertial,ocean-land,lat-lon-metres,100,100,168,50,1.0225297411902203e-10,0.0009537814746730561,4.6434911399175817e-07,0.9999982412100449
basis-projected,inertial,ocean-land,lat-lon-metres,100,100,168,51,8.756884016501117e-11,0.000816812794225181,3.4055865265614307e-07,0.9999985817686976
basis-projected,inertial,ocean-land,lat-lon-metres,100,100,168,52,8.396865900665145e-11,0.0007832315109041348,3.1313178867324384e-07,0.9999988949004862
basis-projected,inertial,ocean-land,lat-lon-metres,100,100,168,53,6.888618656660196e-11,0.0006425472625531615,2.1074486959584628e-07,0.9999991056453559
basis-projected,inertial,ocean-land,lat-lon-metres,100,100,168,54,6.167210875062499e-11,0.0005752567623304527,1.6891581804346433e-07,0.9999992745611739
basis-projected,inertial,ocean-land,lat-lon-metres,100,100,168,55,5.893708233596622e-11,0.0005497453525204398,1.5426591826703196e-07,0.9999994288270921
basis-projected,inertial,ocean-land,lat-lon-metres,100,100,168,56,5.2139428867805514e-11,0.00048633911905839906,1.207327972967188e-07,0.9999995495598895
basis-projected,inertial,ocean-land,lat-lon-metres,100,100,168,57,4.839073592812793e-11,0.0004513725676117842,1.0399612986357703e-07,0.9999996535560193
basis-projected,inertial,ocean-land,lat-lon-metres,100,100,168,58,4.0075899910737826e-11,0.0003738145637819899,7.132787576767545e-08,0.999999724883895
basis-projected,inertial,ocean-land,lat-lon-metres,100,100,168,59,3.3532011652801644e-11,0.00031277536715691116,4.9935791803785524e-08,0.9999997748196868
basis-projected,inertial,ocean-land,lat-lon-metres,100,100,168,60,3.30676386736853e-11,0.0003084438516324399,4.8562282473632785e-08,0.9999998233819692
basis-projected,inertial,ocean-land,lat-lon-metres,100,100,168,61,2.648461592881716e-11,0.00024703962162835074,3.115158025809051e-08,0.9999998545335494
basis-projected,inertial,ocean-land,lat-lon-metres,100,100,168,62,2.4828017167485087e-11,0.00023158742355648131,2.7376429000274866e-08,0.9999998819099785
basis-projected,inertial,ocean-land,lat-lon-metres,100,100,168,63,2.4375945159961307e-11,0.0002273706473726165,2.6388557588874576e-08,0.999999908298536
basis-projected,inertial,ocean-land,lat-lon-metres,100,100,168,64,2.220092972465904e-11,0.00020708283230227382,2.18894600050544e-08,0.999999930187996
basis-projected,inertial,ocean-land,lat-lon-metres,100,100,168,65,1.982306936366554e-11,0.0001849029477442453,1.7451570862795282e-08,0.999999947639567
basis-projected,inertial,ocean-land,lat-lon-metres,100,100,168,66,1.5854911940607887e-11,0.00014788930514551439,1.1164014511719605e-08,0.9999999588035815
basis-projected,inertial,ocean-land,lat-lon-metres,100,100,168,67,1.5174203586992253e-11,0.00014153988574791267,1.022597053216393e-08,0.999999969029552
basis-projected,inertial,ocean-land,lat-lon-metres,100,100,168,68,1.4090738748207178e-11,0.00013143368883191905,8.817800108504978e-09,0.9999999778473521
basis-projected,inertial,ocean-land,lat-lon-metres,100,100,168,69,1.122592206108749e-11,0.00010471163885683977,5.596761099032186e-09,0.9999999834441131
basis-projected,inertial,ocean-land,lat-lon-metres,100,100,168,70,1.0355514126612058e-11,9.659276534275713e-05,4.7625116901691e-09,0.9999999882066248
basis-projected,inertial,ocean-land,lat-lon-metres,100,100,168,71,8.969144633258667e-12,8.366117532100196e-05,3.5726854271559046e-09,0.9999999917793102
basis-projected,inertial,ocean-land,lat-lon-metres,100,100,168,72,7.480553610805065e-12,6.977609713317107e-05,2.485193467037136e-09,0.9999999942645037
basis-projected,inertial,ocean-land,lat-lon-metres,100,100,168,73,6.7584130689085986e-12,6.304021216840229e-05,2.028533516715047e-09,0.9999999962930372
basis-projected,inertial,ocean-land,lat-lon-metres,100,100,168,74,5.56533448692486e-12,5.191157499056593e-05,1.3755464694063933e-09,0.9999999976685836
basis-projected,inertial,ocean-land,lat-lon-metres,100,100,168,75,4.743714666922579e-12,4.424778065799007e-05,9.993781287060923e-10,0.9999999986679617
basis-projected,inertial,ocean-land,lat-lon-metres,100,100,168,76,3.311052909061529e-12,3.088439190677519e-05,4.868833969523315e-10,0.9999999991548452
basis-projected,inertial,ocean-land,lat-lon-metres,100,100,168,77,2.6209964962601543e-12,2.4447776945892047e-05,3.0508833625974495e-10,0.9999999994599335
basis-projected,inertial,ocean-land,lat-lon-metres,100,100,168,78,1.887013647657258e-12,1.7601430912862877e-05,1.5814039023739907e-10,0.9999999996180738
basis-projected,inertial,ocean-land,lat-lon-metres,100,100,168,79,1.6857111313780504e-12,1.5723748503266714e-05,1.2619990647993546e-10,0.9999999997442738
basis-projected,inertial,ocean-land,lat-lon-metres,100,100,168,80,1.6424554254287139e-12,1.532027377440103e-05,1.1980636951659276e-10,0.9999999998640802
basis-projected,inertial,ocean-land,lat-lon-metres,100,100,168,81,1.1276109193779686e-12,1.0517976761144263e-05,5.64691524406953e-11,0.9999999999205492
basis-projected,inertial,ocean-land,lat-lon-metres,100,100,168,82,9.093592334494126e-13,8.482198177212646e-06,3.6725159074087125e-11,0.9999999999572744
basis-projected,inertial,ocean-land,lat-lon-metres,100,100,168,83,6.243920232625428e-13,5.824119541288282e-06,1.7314398796874778e-11,0.9999999999745888
basis-projected,inertial,ocean-land,lat-lon-metres,100,100,168,84,5.30317625407851e-13,4.9466250851330355e-06,1.2490069258371562e-11,0.9999999999870788
basis-projected,inertial,ocean-land,lat-lon-metres,100,100,168,85,3.409796849103024e-13,3.1805442287551204e-06,5.163566018361551e-12,0.9999999999922424
basis-projected,inertial,ocean-land,lat-lon-metres,100,100,168,86,2.878675013696614e-13,2.6851315801065484e-06,3.680255753022459e-12,0.9999999999959227
basis-projected,inertial,ocean-land,lat-lon-metres,100,100,168,87,2.6357348028746146e-13,2.458525093076178e-06,3.08529109797459e-12,0.999999999999008
basis-projected,inertial,ocean-land,lat-lon-metres,100,100,168,88,1.203315427117116e-13,1.1224123038579625e-06,6.430602914891316e-13,0.9999999999996511
basis-projected,inertial,ocean-land,lat-lon-metres,100,100,168,89,5.4986231162706536e-14,5.128931368200029e-07,1.3427669116144707e-13,0.9999999999997853
basis-projected,inertial,ocean-land,lat-lon-metres,100,100,168,90,4.992266291922767e-14,4.6566186919201825e-07,1.1068485735473748e-13,0.999999999999896
basis-projected,inertial,ocean-land,lat-lon-metres,100,100,168,91,3.890128458585026e-14,3.628581456787787e-07,6.720794390303268e-14,0.9999999999999633
basis-projected,inertial,ocean-land,lat-lon-metres,100,100,168,92,2.3491116876584103e-14,2.1911726567665131e-07,2.4507558901419696e-14,0.9999999999999878
basis-projected,inertial,ocean-land,lat-lon-metres,100,100,168,93,1.523461097246371e-14,1.4210334559534014e-07,1.0307550260198966e-14,0.9999999999999982
basis-projected,inertial,ocean-land,lat-lon-metres,100,100,168,94,6.288994767791576e-15,5.866163557114101e-08,1.756528459318315e-15,1.0
basis-projected,inertial,ocean-land,lat-lon-metres,100,100,168,95,2.149566101221668e-15,2.005043221084182e-08,2.0520802145390568e-16,1.0000000000000002
basis-projected,inertial,ocean-land,lat-lon-metres,100,100,168,96,1.1531541408617263e-15,1.0756235370877422e-08,5.905646528322937e-17,1.0000000000000002
basis-projected,inertial,ocean-land,lat-lon-metres,100,100,168,97,9.600532941928567e-16,8.955055386791384e-09,4.093392675084146e-17,1.0000000000000002
basis-projected,inertial,ocean-land,lat-lon-metres,100,100,168,98,8.418972498620458e-16,7.852935402758457e-09,3.147827357890627e-17,1.0000000000000002
basis-projected,inertial,ocean-land,lat-lon-metres,100,100,168,99,7.488026199379072e-16,6.9845798935110306e-09,2.4901610415777428e-17,1.0000000000000002
basis-projected,inertial,ocean-land,lat-lon-metres,100,100,168,100,6.982870738956757e-16,6.513387809239799e-09,2.1655126720194823e-17,1.0000000000000002
basis-projected,inertial,ocean-land,lat-lon-metres,100,100,168,101,6.880372748328028e-16,6.417781118583447e-09,2.1024063416914184e-17,1.0000000000000002
basis-projected,inertial,ocean-land,lat-lon-metres,100,100,168,102,6.531585493118102e-16,6.092444055786556e-09,1.894654193248507e-17,1.0000000000000002
basis-projected,inertial,ocean-land,lat-lon-metres,100,100,168,103,6.155521666599491e-16,5.74166432138919e-09,1.682761055240779e-17,1.0000000000000002
basis-projected,inertial,ocean-land,lat-lon-metres,100,100,168,104,5.744645660959647e-16,5.358412952963669e-09,1.4656126861620492e-17,1.0000000000000002
basis-projected,inertial,ocean-land,lat-lon-metres,100,100,168,105,5.263375196975182e-16,4.909499992914817e-09,1.2303293459419842e-17,1.0000000000000002
basis-projected,inertial,ocean-land,lat-lon-metres,100,100,168,106,5.156909110165289e-16,4.810191995122976e-09,1.1810592300311075e-17,1.0000000000000002
basis-projected,inertial,ocean-land,lat-lon-metres,100,100,168,107,5.040262471038869e-16,4.7013879193098355e-09,1.1282336005379993e-17,1.0000000000000002
basis-projected,inertial,ocean-land,lat-lon-metres,100,100,168,108,4.82393259578325e-16,4.499602661506993e-09,1.0334636016321715e-17,1.0000000000000002
basis-projected,inertial,ocean-land,lat-lon-metres,100,100,168,109,4.757430668156164e-16,4.43757189208709e-09,1.005165697958196e-17,1.0000000000000002
basis-projected,inertial,ocean-land,lat-lon-metres,100,100,168,110,4.450695379087112e-16,4.1514594940242135e-09,8.797281018252259e-18,1.0000000000000002
basis-projected,inertial,ocean-land,lat-lon-metres,100,100,168,111,4.1892640264510962e-16,3.907605089601013e-09,7.794139753500359e-18,1.0000000000000002
basis-projected,inertial,ocean-land,lat-lon-metres,100,100,168,112,4.150964003665667e-16,3.871880111890557e-09,7.65227657668801e-18,1.0000000000000002
basis-projected,inertial,ocean-land,lat-lon-metres,100,100,168,113,3.974713751385535e-16,3.707479783215941e-09,7.016240036708874e-18,1.0000000000000002
basis-projected,inertial,ocean-land,lat-lon-metres,100,100,168,114,3.7480393351397733e-16,3.49604548425278e-09,6.238799145649476e-18,1.0000000000000002
basis-projected,inertial,ocean-land,lat-lon-metres,100,100,168,115,3.484996481644541e-16,3.2506879258341254e-09,5.393831953842854e-18,1.0000000000000002
basis-projected,inertial,ocean-land,lat-lon-metres,100,100,168,116,3.27786080370546e-16,3.0574787071641836e-09,4.771706663228736e-18,1.0000000000000002
basis-projected,inertial,ocean-land,lat-lon-metres,100,100,168,117,3.1708679785034065e-16,2.957679385452653e-09,4.4652835707706185e-18,1.0000000000000002
basis-projected,inertial,ocean-land,lat-lon-metres,100,100,168,118,2.9844873820598547e-16,2.7838298112393346e-09,3.95578079819176e-18,1.0000000000000002
basis-projected,inertial,ocean-land,lat-lon-metres,100,100,168,119,2.6454385553856895e-16,2.4675764282178848e-09,3.1080506054285266e-18,1.0000000000000002
basis-projected,inertial,ocean-land,lat-lon-metres,100,100,168,120,2.5035974457588904e-16,2.3352717946610757e-09,2.7836954745760672e-18,1.0000000000000002
basis-projected,inertial,ocean-land,lat-lon-metres,100,100,168,121,2.350534716984712e-16,2.1925000108322863e-09,2.453725994831483e-18,1.0000000000000002
basis-projected,inertial,ocean-land,lat-lon-metres,100,100,168,122,2.0925457039564825e-16,1.951856505432539e-09,1.9446552860729344e-18,1.0000000000000002
basis-projected,inertial,ocean-land,lat-lon-metres,100,100,168,123,1.9299589668729215e-16,1.8002010458296372e-09,1.6542032693751499e-18,1.0000000000000002
basis-projected,inertial,ocean-land,lat-lon-metres,100,100,168,124,1.8488787424308705e-16,1.7245721297013427e-09,1.5181321659455639e-18,1.0000000000000002
basis-projected,inertial,ocean-land,lat-lon-metres,100,100,168,125,1.6649764032904503e-16,1.5530341908468636e-09,1.2311441040520665e-18,1.0000000000000002
basis-projected,inertial,ocean-land,lat-lon-metres,100,100,168,126,1.4177296502838659e-16,1.3224107055913127e-09,8.926466270913675e-19,1.0000000000000002
basis-projected,inertial,ocean-land,lat-lon-metres,100,100,168,127,1.259117723268188e-16,1.174462815612428e-09,7.040854958769888e-19,1.0000000000000002
basis-projected,inertial,ocean-land,lat-lon-metres,100,100,168,128,1.2211058855916335e-16,1.1390066473136199e-09,6.622155473503061e-19,1.0000000000000002
basis-projected,inertial,ocean-land,lat-lon-metres,100,100,168,129,1.0612696869691665e-16,9.899167978087808e-10,5.002006400715487e-19,1.0000000000000002
basis-projected,inertial,ocean-land,lat-lon-metres,100,100,168,130,9.647405771355265e-17,8.998776791237436e-10,4.133460717145872e-19,1.0000000000000002
basis-projected,inertial,ocean-land,lat-lon-metres,100,100,168,131,8.323845056296832e-17,7.764203712552857e-10,3.077093541834115e-19,1.0000000000000002
basis-projected,inertial,ocean-land,lat-lon-metres,100,100,168,132,7.012994132179666e-17,6.541485900916683e-10,2.1842365738549053e-19,1.0000000000000002
basis-projected,inertial,ocean-land,lat-lon-metres,100,100,168,133,5.3425468973409435e-17,4.983348701744873e-10,1.2676209555286043e-19,1.0000000000000002
basis-projected,inertial,ocean-land,lat-lon-metres,100,100,168,134,1.3661544565043517e-17,1.2743030932666922e-10,8.28881277678516e-21,1.0000000000000002
basis-projected,inertial,ocean-land,lat-lon-metres,100,100,168,135,0.0,0.0,0.0,1.0000000000000002
basis-projected,inertial,ocean-land,lat-lon-metres,100,100,168,136,0.0,0.0,0.0,1.0000000000000002
basis-projected,inertial,ocean-land,lat-lon-metres,100,100,168,137,0.0,0.0,0.0,1.0000000000000002
basis-projected,inertial,ocean-land,lat-lon-metres,100,100,168,138,0.0,0.0,0.0,1.0000000000000002
basis-projected,inertial,ocean-land,lat-lon-metres,100,100,168,139,0.0,0.0,0.0,1.0000000000000002
basis-projected,inertial,ocean-land,lat-lon-metres,100,100,168,140,0.0,0.0,0.0,1.0000000000000002
basis-projected,inertial,ocean-land,lat-lon-metres,100,100,168,141,0.0,0.0,0.0,1.0000000000000002
basis-projected,inertial,ocean-land,lat-lon-metres,100,100,168,142,0.0,0.0,0.0,1.0000000000000002
basis-projected,inertial,ocean-land,lat-lon-metres,100,100,168,143,0.0,0.0,0.0,1.0000000000000002
basis-projected,inertial,ocean-land,lat-lon-metres,100,100,168,144,0.0,0.0,0.0,1.0000000000000002
basis-projected,inertial,ocean-land,lat-lon-metres,100,100,168,145,0.0,0.0,0.0,1.0000000000000002
basis-projected,inertial,ocean-land,lat-lon-metres,100,100,168,146,0.0,0.0,0.0,1.0000000000000002
basis-projected,inertial,ocean-land,lat-lon-metres,100,100,168,147,0.0,0.0,0.0,1.0000000000000002
basis-projected,inertial,ocean-land,lat-lon-metres,100,100,168,148,0.0,0.0,0.0,1.0000000000000002
basis-projected,inertial,ocean-land,lat-lon-metres,100,100,168,149,0.0,0.0,0.0,1.0000000000000002
basis-projected,inertial,ocean-land,lat-lon-metres,100,100,168,150,0.0,0.0,0.0,1.0000000000000002
basis-projected,inertial,ocean-land,lat-lon-metres,100,100,168,151,0.0,0.0,0.0,1.0000000000000002
basis-projected,inertial,ocean-land,lat-lon-metres,100,100,168,152,0.0,0.0,0.0,1.0000000000000002
basis-projected,inertial,ocean-land,lat-lon-metres,100,100,168,153,0.0,0.0,0.0,1.0000000000000002
basis-projected,inertial,ocean-land,lat-lon-metres,100,100,168,154,0.0,0.0,0.0,1.0000000000000002
basis-projected,inertial,ocean-land,lat-lon-metres,100,100,168,155,0.0,0.0,0.0,1.0000000000000002
basis-projected,inertial,ocean-land,lat-lon-metres,100,100,168,156,0.0,0.0,0.0,1.0000000000000002
basis-projected,inertial,ocean-land,lat-lon-metres,100,100,168,157,0.0,0.0,0.0,1.0000000000000002
basis-projected,inertial,ocean-land,lat-lon-metres,100,100,168,158,0.0,0.0,0.0,1.0000000000000002
basis-projected,inertial,ocean-land,lat-lon-metres,100,100,168,159,0.0,0.0,0.0,1.0000000000000002
basis-projected,inertial,ocean-land,lat-lon-metres,100,100,168,160,0.0,0.0,0.0,1.0000000000000002
basis-projected,inertial,ocean-land,lat-lon-metres,100,100,168,161,0.0,0.0,0.0,1.0000000000000002
basis-projected,inertial,ocean-land,lat-lon-metres,100,100,168,162,0.0,0.0,0.0,1.0000000000000002
basis-projected,inertial,ocean-land,lat-lon-metres,100,100,168,163,0.0,0.0,0.0,1.0000000000000002
basis-projected,inertial,ocean-land,lat-lon-metres,100,100,168,164,0.0,0.0,0.0,1.0000000000000002
basis-projected,inertial,ocean-land,lat-lon-metres,100,100,168,165,0.0,0.0,0.0,1.0000000000000002
basis-projected,inertial,ocean-land,lat-lon-metres,100,100,168,166,0.0,0.0,0.0,1.0000000000000002
basis-projected,inertial,ocean-land,lat-lon-metres,100,100,168,167,0.0,0.0,0.0,1.0000000000000002
basis-projected,inertial,ocean-land,lat-lon-metres,100,100,168,168,0.0,0.0,0.0,1.0000000000000002
basis-projected,inertial,ocean-land,lat-lon-metres,250,250,168,1,6.733209905551777e-08,1.0,0.48397113357847826,0.48397113357847826
basis-projected,inertial,ocean-land,lat-lon-metres,250,250,168,2,3.5720665439259284e-08,0.5305146570554157,0.13621164352056533,0.6201827770990436
basis-projected,inertial,ocean-land,lat-lon-metres,250,250,168,3,3.165356467909115e-08,0.47011106326852564,0.10695975570830306,0.7271425328073466
basis-projected,inertial,ocean-land,lat-lon-metres,250,250,168,4,2.348898500303646e-08,0.3488527066959391,0.05889842111717987,0.7860409539245264
basis-projected,inertial,ocean-land,lat-lon-metres,250,250,168,5,2.2072304926088956e-08,0.32781251788822946,0.05200804467608633,0.8380489986006128
basis-projected,inertial,ocean-land,lat-lon-metres,250,250,168,6,1.5625434772184423e-08,0.23206516641194688,0.02606389828827866,0.8641128968888915
basis-projected,inertial,ocean-land,lat-lon-metres,250,250,168,7,1.4064178752693098e-08,0.20887777078057035,0.021115623353358155,0.8852285202422497
basis-projected,inertial,ocean-land,lat-lon-metres,250,250,168,8,1.2091277633846133e-08,0.17957672200114294,0.01560700387842155,0.9008355241206712
basis-projected,inertial,ocean-land,lat-lon-metres,250,250,168,9,1.142543476078911e-08,0.16968778518798922,0.013935437931792968,0.9147709620524642
basis-projected,inertial,ocean-land,lat-lon-metres,250,250,168,10,1.0026718020315113e-08,0.14891438349557048,0.010732298780997015,0.9255032608334613
basis-projected,inertial,ocean-land,lat-lon-metres,250,250,168,11,9.661495693556962e-09,0.14349019010369343,0.009964692030201462,0.9354679528636628
basis-projected,inertial,ocean-land,lat-lon-metres,250,250,168,12,8.226879182114422e-09,0.12218361372235048,0.007225125421672953,0.9426930782853358
basis-projected,inertial,ocean-land,lat-lon-metres,250,250,168,13,8.073670108230863e-09,0.11990818972647545,0.006958524357667472,0.9496516026430033
basis-projected,inertial,ocean-land,lat-lon-metres,250,250,168,14,7.503082661280907e-09,0.1114339633923241,0.006009725197900564,0.9556613278409037
basis-projected,inertial,ocean-land,lat-lon-metres,250,250,168,15,7.0507029571867215e-09,0.10471532977715665,0.005306888811543625,0.9609682166524475
basis-projected,inertial,ocean-land,lat-lon-metres,250,250,168,16,6.686679099116369e-09,0.09930893575147508,0.004773051436233283,0.9657412680886808
basis-projected,inertial,ocean-land,lat-lon-metres,250,250,168,17,6.1998977387158095e-09,0.09207937708289426,0.0041034033078645475,0.9698446713965453
basis-projected,inertial,ocean-land,lat-lon-metres,250,250,168,18,5.725218032927175e-09,0.08502954925267552,0.0034991230301912755,0.9733437944267366
basis-projected,inertial,ocean-land,lat-lon-metres,250,250,168,19,5.416246986575658e-09,0.08044078623049855,0.0031316417367266416,0.9764754361634633
basis-projected,inertial,ocean-land,lat-lon-metres,250,250,168,20,4.887665016299378e-09,0.07259041504512313,0.002550222176700718,0.979025658340164
basis-projected,inertial,ocean-land,lat-lon-metres,250,250,168,21,4.839746388440045e-09,0.0718787392095039,0.002500462584867318,0.9815261209250312
basis-projected,inertial,ocean-land,lat-lon-metres,250,250,168,22,4.5048602170876735e-09,0.06690509103797955,0.0021663957295825318,0.9836925166546137
basis-projected,inertial,ocean-land,lat-lon-metres,250,250,168,23,4.13686469506178e-09,0.061439710822779846,0.0018269126578708277,0.9855194293124845
basis-projected,inertial,ocean-land,lat-lon-metres,250,250,168,24,3.866225136982911e-09,0.057420237764978455,0.0015956933382055218,0.9871151226506901
basis-projected,inertial,ocean-land,lat-lon-metres,250,250,168,25,3.7011718481539113e-09,0.054968906362211585,0.0014623578204410858,0.9885774804711313
basis-projected,inertial,ocean-land,lat-lon-metres,250,250,168,26,3.6667954584157843e-09,0.05445835656174001,0.0014353192886023092,0.9900127997597336
basis-projected,inertial,ocean-land,lat-lon-metres,250,250,168,27,3.375957305128657e-09,0.05013889886820634,0.0012166594754206032,0.9912294592351542
basis-projected,inertial,ocean-land,lat-lon-metres,250,250,168,28,3.0991018369472078e-09,0.046027108621578626,0.0010252902950204854,0.9922547495301747
basis-projected,inertial,ocean-land,lat-lon-metres,250,250,168,29,2.9196329485521815e-09,0.04336168023136837,0.0009099796155788319,0.9931647291457535
basis-projected,inertial,ocean-land,lat-lon-metres,250,250,168,30,2.6151097880012125e-09,0.038838976130017265,0.0007300540323274404,0.993894783178081
basis-projected,inertial,ocean-land,lat-lon-metres,250,250,168,31,2.4705574771260285e-09,0.03669212027815981,0.0006515759950046043,0.9945463591730856
basis-projected,inertial,ocean-land,lat-lon-metres,250,250,168,32,2.3164750108631896e-09,0.03440372487055797,0.0005728361151584179,0.9951191952882441
basis-projected,inertial,ocean-land,lat-lon-metres,250,250,168,33,2.1225368224244944e-09,0.031523401946438434,0.00048093415193294976,0.9956001294401771
basis-projected,inertial,ocean-land,lat-lon-metres,250,250,168,34,1.9924982102391023e-09,0.029592100026411102,0.00042380983573751097,0.9960239392759146
basis-projected,inertial,ocean-land,lat-lon-metres,250,250,168,35,1.9138154098224018e-09,0.028423522163543293,0.00039099863921166227,0.9964149379151263
basis-projected,inertial,ocean-land,lat-lon-metres,250,250,168,36,1.890784202427188e-09,0.02808146825881913,0.00038164456487129687,0.9967965824799976
basis-projected,inertial,ocean-land,lat-lon-metres,250,250,168,37,1.7280000498434187e-09,0.02566383751706032,0.0003187591447884109,0.997115341624786
basis-projected,inertial,ocean-land,lat-lon-metres,250,250,168,38,1.6090059444237132e-09,0.023896565932053138,0.0002763697138083624,0.9973917113385944
basis-projected,inertial,ocean-land,lat-lon-metres,250,250,168,39,1.5405149154177806e-09,0.02287935378559296,0.0002533418669923979,0.9976450532055868
basis-projected,inertial,ocean-land,lat-lon-metres,250,250,168,40,1.4354239380367178e-09,0.021318568085233143,0.00021995585182900062,0.9978650090574158
basis-projected,inertial,ocean-land,lat-lon-metres,250,250,168,41,1.3317588191465796e-09,0.019778958889258687,0.0001893329991832418,0.9980543420565992
basis-projected,inertial,ocean-land,lat-lon-metres,250,250,168,42,1.276468291386094e-09,0.01895779738477482,0.00017393829699765282,0.9982282803535968
basis-projected,inertial,ocean-land,lat-lon-metres,250,250,168,43,1.2392067732829103e-09,0.018404398357774934,0.00016393161170471233,0.9983922119653016
basis-projected,inertial,ocean-land,lat-lon-metres,250,250,168,44,1.1706886867107037e-09,0.01738678435890478,0.00014630460451900922,0.9985385165698206
basis-projected,inertial,ocean-land,lat-lon-metres,250,250,168,45,1.0874237613099747e-09,0.016150153887425286,0.00012623296660864831,0.9986647495364293
basis-projected,inertial,ocean-land,lat-lon-metres,250,250,168,46,1.048740852166521e-09,0.01557564470553333,0.00011741173965431768,0.9987821612760835
basis-projected,inertial,ocean-land,lat-lon-metres,250,250,168,47,1.0014953101586749e-09,0.014873965377685693,0.00010707127923306932,0.9988892325553167
basis-projected,inertial,ocean-land,lat-lon-metres,250,250,168,48,9.886574659639646e-10,0.014683300830244139,0.00010434384888243559,0.9989935764041991
basis-projected,inertial,ocean-land,lat-lon-metres,250,250,168,49,9.691972286786435e-10,0.01439428210725326,0.00010027657198494103,0.999093852976184
basis-projected,inertial,ocean-land,lat-lon-metres,250,250,168,50,8.591006389019184e-10,0.012759154265984765,7.878857317180187e-05,0.9991726415493558
basis-projected,inertial,ocean-land,lat-lon-metres,250,250,168,51,8.378784623625429e-10,0.012443967648649742,7.494405809421476e-05,0.99924758560745
basis-projected,inertial,ocean-land,lat-lon-metres,250,250,168,52,8.121451510434578e-10,0.012061782751994921,7.041131625004747e-05,0.9993179969237
basis-projected,inertial,ocean-land,lat-lon-metres,250,250,168,53,7.542467747736001e-10,0.01120189011412961,6.072983136427136e-05,0.9993787267550642
basis-projected,inertial,ocean-land,lat-lon-metres,250,250,168,54,7.241293847272788e-10,0.010754593943821769,5.597672606632336e-05,0.9994347034811306
basis-projected,inertial,ocean-land,lat-lon-metres,250,250,168,55,6.978891517331108e-10,0.010364880369430868,5.199337947397321e-05,0.9994866968606045
basis-projected,inertial,ocean-land,lat-lon-metres,250,250,168,56,6.274920991916379e-10,0.009319360423833628,4.20331246327814e-05,0.9995287299852373
basis-projected,inertial,ocean-land,lat-lon-metres,250,250,168,57,5.914045175380299e-10,0.008783396416178788,3.733743047200527e-05,0.9995660674157094
basis-projected,inertial,ocean-land,lat-lon-metres,250,250,168,58,5.617795107583404e-10,0.008343413002691816,3.3690460153269415e-05,0.9995997578758626
basis-projected,inertial,ocean-land,lat-lon-metres,250,250,168,59,5.565143594064924e-10,0.008265216252171583,3.306190707752031e-05,0.9996328197829402
basis-projected,inertial,ocean-land,lat-lon-metres,250,250,168,60,5.403103105262296e-10,0.008024557649401722,3.116460751613925e-05,0.9996639843904562
basis-projected,inertial,ocean-land,lat-lon-metres,250,250,168,61,5.206679047103706e-10,0.007732833403590477,2.8939882707572257e-05,0.9996929242731638
basis-projected,inertial,ocean-land,lat-lon-metres,250,250,168,62,4.971643316038676e-10,0.007383764037921014,2.6386092345489834e-05,0.9997193103655092
basis-projected,inertial,ocean-land,lat-lon-metres,250,250,168,63,4.80293839347906e-10,0.007133207579818449,2.4625733982327298e-05,0.9997439360994915
basis-projected,inertial,ocean-land,lat-lon-metres,250,250,168,64,4.344394458372331e-10,0.0064521892519498305,2.01480794025344e-05,0.9997640841788941
basis-projected,inertial,ocean-land,lat-lon-metres,250,250,168,65,4.196746755099117e-10,0.006232906465070615,1.8801854097962092e-05,0.999782886032992
basis-projected,inertial,ocean-land,lat-lon-metres,250,250,168,66,4.119438842525579e-10,0.006118090628852892,1.8115539444368144e-05,0.9998010015724363
basis-projected,inertial,ocean-land,lat-lon-metres,250,250,168,67,3.8778940188217656e-10,0.005759354116710814,1.6053399859554186e-05,0.9998170549722959
basis-projected,inertial,ocean-land,lat-lon-metres,250,250,168,68,3.659491143303962e-10,0.005434987464577004,1.42960662624259e-05,0.9998313510385582
basis-projected,inertial,ocean-land,lat-lon-metres,250,250,168,69,3.6381175438214765e-10,0.005403243913162006,1.4129558919530068e-05,0.9998454805974778
basis-projected,inertial,ocean-land,lat-lon-metres,250,250,168,70,3.4530564655121646e-10,0.005128395689350178,1.2728654896073029e-05,0.9998582092523739
basis-projected,inertial,ocean-land,lat-lon-metres,250,250,168,71,3.296045597800928e-10,0.004895206957803615,1.1597425033773079e-05,0.9998698066774077
basis-projected,inertial,ocean-land,lat-lon-metres,250,250,168,72,3.229029875682691e-10,0.00479567683315537,1.1130617998557002e-05,0.9998809372954063
basis-projected,inertial,ocean-land,lat-lon-metres,250,250,168,73,3.0142843294801985e-10,0.004476741957791649,9.699371263157004e-06,0.9998906366666694
basis-projected,inertial,ocean-land,lat-lon-metres,250,250,168,74,2.9664058865353025e-10,0.004405634055889737,9.393691648231841e-06,0.9999000303583176
basis-projected,inertial,ocean-land,lat-lon-metres,250,250,168,75,2.8377891886080745e-10,0.004214615656446733,8.596772049861616e-06,0.9999086271303675
basis-projected,inertial,ocean-land,lat-lon-metres,250,250,168,76,2.7399111086907616e-10,0.004069249506734678,8.013977116204528e-06,0.9999166411074837
basis-projected,inertial,ocean-land,lat-lon-metres,250,250,168,77,2.586818027413749e-10,0.0038418793765523686,7.143431908231679e-06,0.9999237845393919
basis-projected,inertial,ocean-land,lat-lon-metres,250,250,168,78,2.5116428583824555e-10,0.003730231039301945,6.734276160190345e-06,0.9999305188155522
basis-projected,inertial,ocean-land,lat-lon-metres,250,250,168,79,2.4393059967643573e-10,0.003622798087362553,6.351959473049559e-06,0.9999368707750251
basis-projected,inertial,ocean-land,lat-lon-metres,250,250,168,80,2.3130965715336753e-10,0.0034353549109265745,5.711664396399906e-06,0.9999425824394216
basis-projected,inertial,ocean-land,lat-lon-metres,250,250,168,81,2.228039263866635e-10,0.0033090298611209725,5.299328374907872e-06,0.9999478817677965
basis-projected,inertial,ocean-land,lat-lon-metres,250,250,168,82,2.043568813963572e-10,0.0030350588242891033,4.45813981496643e-06,0.9999523399076115
basis-projected,inertial,ocean-land,lat-lon-metres,250,250,168,83,2.0126429191678843e-10,0.0029891284356193724,4.32422826317362e-06,0.9999566641358746
basis-projected,inertial,ocean-land,lat-lon-metres,250,250,168,84,1.9304792626861158e-10,0.0028671009663524157,3.978372398689633e-06,0.9999606425082733
basis-projected,inertial,ocean-land,lat-lon-metres,250,250,168,85,1.8873753252154997e-10,0.0028030840441485272,3.8026967851819995e-06,0.9999644452050584
basis-projected,inertial,ocean-land,lat-lon-metres,250,250,168,86,1.8222020360456706e-10,0.0027062902562167246,3.5446079463606227e-06,0.9999679898130047
basis-projected,inertial,ocean-land,lat-lon-metres,250,250,168,87,1.7033928156140326e-10,0.002529837684414863,3.0974533480212094e-06,0.9999710872663528
basis-projected,inertial,ocean-land,lat-lon-metres,250,250,168,88,1.6345888406377146e-10,0.0024276516900058865,2.852280356301082e-06,0.9999739395467092
basis-projected,inertial,ocean-land,lat-lon-metres,250,250,168,89,1.5547918157548328e-10,0.0023091390845736896,2.580593763643288e-06,0.9999765201404728
basis-projected,inertial,ocean-land,lat-lon-metres,250,250,168,90,1.4570226563847797e-10,0.0021639347010159473,2.266249710594366e-06,0.9999787863901833
basis-projected,inertial,ocean-land,lat-lon-metres,250,250,168,91,1.4183971763695966e-10,0.0021065690751747934,2.1476864033531815e-06,0.9999809340765867
basis-projected,inertial,ocean-land,lat-lon-metres,250,250,168,92,1.3527031483461064e-10,0.0020090018985309717,1.953350388662064e-06,0.9999828874269754
basis-projected,inertial,ocean-land,lat-lon-metres,250,250,168,93,1.2654069655329434e-10,0.0018793517256748067,1.7093680927275627e-06,0.999984596795068
basis-projected,inertial,ocean-land,lat-lon-metres,250,250,168,94,1.2142572236279184e-10,0.0018033853699209927,1.5739703362022016e-06,0.9999861707654042
basis-projected,inertial,ocean-land,lat-lon-metres,250,250,168,95,1.1951795481673044e-10,0.0017750516691627798,1.5249003266834016e-06,0.9999876956657308
basis-projected,inertial,ocean-land,lat-lon-metres,250,250,168,96,1.1277170991903245e-10,0.0016748580766217918,1.357611420553304e-06,0.9999890532771513
basis-projected,inertial,ocean-land,lat-lon-metres,250,250,168,97,1.0631631018937747e-10,0.00157898404595579,1.2066322893220361e-06,0.9999902599094407
basis-projected,inertial,ocean-land,lat-lon-metres,250,250,168,98,1.0338962902240877e-10,0.0015355176872944396,1.1411141892399376e-06,0.9999914010236299
basis-projected,inertial,ocean-land,lat-lon-metres,250,250,168,99,9.770761481990694e-11,0.001451129790849732,1.019135605961678e-06,0.9999924201592358
basis-projected,inertial,ocean-land,lat-lon-metres,250,250,168,100,8.983147003807031e-11,0.0013341551993500307,8.614541450740307e-07,0.9999932816133809
basis-projected,inertial,ocean-land,lat-lon-metres,250,250,168,101,8.449019385351495e-11,0.0012548278612827695,7.620575404783708e-07,0.9999940436709213
basis-projected,inertial,ocean-land,lat-lon-metres,250,250,168,102,8.19576653414795e-11,0.001217215362228681,7.170580383417602e-07,0.9999947607289595
basis-projected,inertial,ocean-land,lat-lon-metres,250,250,168,103,7.449997978125732e-11,0.0011064556255676713,5.924987813087363e-07,0.999995353227741
basis-projected,inertial,ocean-land,lat-lon-metres,250,250,168,104,6.778309682261409e-11,0.0010066981094221414,4.904762300033269e-07,0.999995843703971
basis-projected,inertial,ocean-land,lat-lon-metres,250,250,168,105,6.7101822721283e-11,0.00099657999175037,4.806664237869121e-07,0.9999963243703948
basis-projected,inertial,ocean-land,lat-lon-metres,250,250,168,106,5.7973634365852555e-11,0.0008610103528489611,3.5878659281404564e-07,0.9999966831569875
basis-projected,inertial,ocean-land,lat-lon-metres,250,250,168,107,5.568300481859771e-11,0.0008269904785336492,3.3099427163908753e-07,0.9999970141512591
basis-projected,inertial,ocean-land,lat-lon-metres,250,250,168,108,5.50997269574196e-11,0.0008183277772461522,3.240962791921433e-07,0.9999973382475382
basis-projected,inertial,ocean-land,lat-lon-metres,250,250,168,109,5.006075642616715e-11,0.0007434902094005749,2.6752844595981325e-07,0.9999976057759842
basis-projected,inertial,ocean-land,lat-lon-metres,250,250,168,110,4.689937376367978e-11,0.0006965381210677769,2.3480602639708524e-07,0.9999978405820106
basis-projected,inertial,ocean-land,lat-lon-metres,250,250,168,111,4.602302153876505e-11,0.0006835227504316685,2.2611293508426597e-07,0.9999980666949456
basis-projected,inertial,ocean-land,lat-lon-metres,250,250,168,112,4.2893749176413416e-11,0.0006370475564863344,1.9640980633701282e-07,0.999998263104752
basis-projected,inertial,ocean-land,lat-lon-metres,250,250,168,113,4.2237201399104694e-11,0.0006272966681801882,1.904431782275152e-07,0.9999984535479303
basis-projected,inertial,ocean-land,lat-lon-metres,250,250,168,114,3.8776661410616804e-11,0.0005759015678189987,1.6051513214225715e-07,0.9999986140630623
basis-projected,inertial,ocean-land,lat-lon-metres,250,250,168,115,3.7300499725577876e-11,0.0005539779725985114,1.4852667269407134e-07,0.9999987625897351
basis-projected,inertial,ocean-land,lat-lon-metres,250,250,168,116,3.5215256360292594e-11,0.0005230084440298873,1.3238441488448104e-07,0.99999889497415
basis-projected,inertial,ocean-land,lat-lon-metres,250,250,168,117,3.3486096567721565e-11,0.0004973273822951971,1.1970277052474634e-07,0.9999990146769204
basis-projected,inertial,ocean-land,lat-lon-metres,250,250,168,118,3.080478182434132e-11,0.0004575051462296112,1.0130046201369713e-07,0.9999991159773824
basis-projected,inertial,ocean-land,lat-lon-metres,250,250,168,119,3.0261857786798605e-11,0.0004494417701406665,9.776115494096811e-08,0.9999992137385375
basis-projected,inertial,ocean-land,lat-lon-metres,250,250,168,120,2.8642987264401972e-11,0.00042539869788976557,8.758137746388298e-08,0.999999301319915
basis-projected,inertial,ocean-land,lat-lon-metres,250,250,168,121,2.7451027930497114e-11,0.00040769600703912024,8.044376246922532e-08,0.9999993817636775
basis-projected,inertial,ocean-land,lat-lon-metres,250,250,168,122,2.6774986388325727e-11,0.0003976556020665385,7.653034463517622e-08,0.9999994582940221
basis-projected,inertial,ocean-land,lat-lon-metres,250,250,168,123,2.590840238891192e-11,0.0003847853067457395,7.165663647246522e-08,0.9999995299506587
basis-projected,inertial,ocean-land,lat-lon-metres,250,250,168,124,2.2505914201135084e-11,0.0003342523776449942,5.407150645838673e-08,0.9999995840221652
basis-projected,inertial,ocean-land,lat-lon-metres,250,250,168,125,2.1046240396402703e-11,0.00031257365642276073,4.7285088378208454e-08,0.9999996313072536
basis-projected,inertial,ocean-land,lat-lon-metres,250,250,168,126,2.0442019167275447e-11,0.00030359990931547013,4.4609025287272293e-08,0.9999996759162789
basis-projected,inertial,ocean-land,lat-lon-metres,250,250,168,127,1.9307293038161697e-11,0.00028674723213726233,3.9794030455050883e-08,0.9999997157103094
basis-projected,inertial,ocean-land,lat-lon-metres,250,250,168,128,1.8598014160820393e-11,0.0002762131943263146,3.692396237352138e-08,0.9999997526342719
basis-projected,inertial,ocean-land,lat-lon-metres,250,250,168,129,1.756137385795805e-11,0.00026081726404338085,3.292244863101883e-08,0.9999997855567204
basis-projected,inertial,ocean-land,lat-lon-metres,250,250,168,130,1.6310610970366245e-11,0.00024224123707947308,2.8399821494630966e-08,0.999999813956542
basis-projected,inertial,ocean-land,lat-lon-metres,250,250,168,131,1.472189889979834e-11,0.00021864607083851043,2.3136774486711724e-08,0.9999998370933164
basis-projected,inertial,ocean-land,lat-lon-metres,250,250,168,132,1.4052960318811642e-11,0.00020871115732222257,2.1081950608994624e-08,0.999999858175267
basis-projected,inertial,ocean-land,lat-lon-metres,250,250,168,133,1.2993081655752054e-11,0.00019297009655140537,1.8021854838756688e-08,0.9999998761971217
basis-projected,inertial,ocean-land,lat-lon-metres,250,250,168,134,1.2402066585442522e-11,0.000184192484110982,1.641962631487453e-08,0.999999892616748
basis-projected,inertial,ocean-land,lat-lon-metres,250,250,168,135,1.0980001210211271e-11,0.0001630723141596679,1.2870040915755088e-08,0.9999999054867891
basis-projected,inertial,ocean-land,lat-lon-metres,250,250,168,136,1.0889535627345671e-11,0.00016172874127044298,1.2658838868930849e-08,0.9999999181456279
basis-projected,inertial,ocean-land,lat-lon-metres,250,250,168,137,1.0091003735578284e-11,0.0001498691393425576,1.087035895906812e-08,0.9999999290159869
basis-projected,inertial,ocean-land,lat-lon-metres,250,250,168,138,9.431688258552088e-12,0.00014007714583166815,9.496291278051301e-09,0.9999999385122783
basis-projected,inertial,ocean-land,lat-lon-metres,250,250,168,139,9.045828551512144e-12,0.0001343464510745986,8.735179946363554e-09,0.9999999472474582
basis-projected,inertial,ocean-land,lat-lon-metres,250,250,168,140,8.580295524590256e-12,0.0001274324674998694,7.859223583388954e-09,0.9999999551066818
basis-projected,inertial,ocean-land,lat-lon-metres,250,250,168,141,7.563558841397706e-12,0.00011233214094753346,6.106994535465102e-09,0.9999999612136764
basis-projected,inertial,ocean-land,lat-lon-metres,250,250,168,142,7.324512647476339e-12,0.00010878188486945894,5.727071671508998e-09,0.999999966940748
basis-projected,inertial,ocean-land,lat-lon-metres,250,250,168,143,6.7813874111331436e-12,0.00010071552062474159,4.909217379943027e-09,0.9999999718499653
basis-projected,inertial,ocean-land,lat-lon-metres,250,250,168,144,6.768020654730219e-12,0.00010051700080150091,4.889883389138875e-09,0.9999999767398486
basis-projected,inertial,ocean-land,lat-lon-metres,250,250,168,145,6.513153594179049e-12,9.673177705047806e-05,4.528535654444876e-09,0.9999999812683843
basis-projected,inertial,ocean-land,lat-lon-metres,250,250,168,146,6.139321227144858e-12,9.117970942926886e-05,4.023609887310979e-09,0.9999999852919942
basis-projected,inertial,ocean-land,lat-lon-metres,250,250,168,147,5.485892573075942e-12,8.147514558476224e-05,3.2126968633996436e-09,0.999999988504691
basis-projected,inertial,ocean-land,lat-lon-metres,250,250,168,148,5.115732982760366e-12,7.597762515234017e-05,2.7937715352229945e-09,0.9999999912984625
basis-projected,inertial,ocean-land,lat-lon-metres,250,250,168,149,4.2275489008599785e-12,6.278653064676048e-05,1.9078860447194904e-09,0.9999999932063485
basis-projected,inertial,ocean-land,lat-lon-metres,250,250,168,150,4.166038032293767e-12,6.18729861497221e-05,1.8527704365484765e-09,0.9999999950591189
basis-projected,inertial,ocean-land,lat-lon-metres,250,250,168,151,3.483637873503147e-12,5.173814454575018e-05,1.2955111602370745e-09,0.9999999963546301
basis-projected,inertial,ocean-land,lat-lon-metres,250,250,168,152,3.1095443403950794e-12,4.6182198149372215e-05,1.0322114199676295e-09,0.9999999973868414
basis-projected,inertial,ocean-land,lat-lon-metres,250,250,168,153,2.8927172614750055e-12,4.296193497680586e-05,8.932790032060935e-10,0.9999999982801205
basis-projected,inertial,ocean-land,lat-lon-metres,250,250,168,154,2.232088832846298e-12,3.315044182724587e-05,5.318609451716418e-10,0.9999999988119814
basis-projected,inertial,ocean-land,lat-lon-metres,250,250,168,155,1.862463444967009e-12,2.76608552398068e-05,3.70297403336702e-10,0.9999999991822788
basis-projected,inertial,ocean-land,lat-lon-metres,250,250,168,156,1.5779453894270165e-12,2.3435262104719817e-05,2.6580251702883787e-10,0.9999999994480813
basis-projected,inertial,ocean-land,lat-lon-metres,250,250,168,157,1.2447181373009907e-12,1.8486251799081374e-05,1.6539302384590357e-10,0.9999999996134743
basis-projected,inertial,ocean-land,lat-lon-metres,250,250,168,158,1.096363400832415e-12,1.6282923244802208e-05,1.2831700380977103e-10,0.9999999997417912
basis-projected,inertial,ocean-land,lat-lon-metres,250,250,168,159,9.740856906790317e-13,1.4466884358912717e-05,1.0129067816340066e-10,0.999999999843082
basis-projected,inertial,ocean-land,lat-lon-metres,250,250,168,160,8.909544662265899e-13,1.3232239581480529e-05,8.473955325716177e-11,0.9999999999278215
basis-projected,inertial,ocean-land,lat-lon-metres,250,250,168,161,6.346674069973112e-13,9.425926354590621e-06,4.299990969245909e-11,0.9999999999708215
basis-projected,inertial,ocean-land,lat-lon-metres,250,250,168,162,3.768852546006032e-13,5.597408366696657e-06,1.516329011171822e-11,0.9999999999859848
basis-projected,inertial,ocean-land,lat-lon-metres,250,250,168,163,2.752270349187781e-13,4.087605150878237e-06,8.086439365769275e-12,0.9999999999940711
basis-projected,inertial,ocean-land,lat-lon-metres,250,250,168,164,1.4910284059315927e-13,2.2144392152429193e-06,2.3732691089389107e-12,0.9999999999964444
basis-projected,inertial,ocean-land,lat-lon-metres,250,250,168,165,1.451341965300604e-13,2.1554978764347145e-06,2.2486126917989493e-12,0.999999999998693
basis-projected,inertial,ocean-land,lat-lon-metres,250,250,168,166,7.925546975884483e-14,1.177083009004306e-06,6.705538193502791e-13,0.9999999999993635
basis-projected,inertial,ocean-land,lat-lon-metres,250,250,168,167,6.208968518718903e-14,9.221409410687439e-07,4.115419085685575e-13,0.999999999999775
basis-projected,inertial,ocean-land,lat-lon-metres,250,250,168,168,4.5902860581463846e-14,6.817381490456025e-07,2.2493376531287986e-13,1.0
basis-projected,inertial,ocean-land,lat-lon-metres,500,500,168,1,6.193593186640316e-08,1.0,0.5402404299409095,0.5402404299409095
basis-projected,inertial,ocean-land,lat-lon-metres,500,500,168,2,3.018087664973234e-08,0.48729187953178776,0.12828191386424231,0.6685223438051519
basis-projected,inertial,ocean-land,lat-lon-metres,500,500,168,3,2.2992533515448503e-08,0.3712309288418197,0.07445183159332709,0.742974175398479
basis-projected,inertial,ocean-land,lat-lon-metres,500,500,168,4,1.9949002259264367e-08,0.32209093587700754,0.05604593114623747,0.7990201065447164
basis-projected,inertial,ocean-land,lat-lon-metres,500,500,168,5,1.5830551699235694e-08,0.25559560052123637,0.03529342701743697,0.8343135335621534
basis-projected,inertial,ocean-land,lat-lon-metres,500,500,168,6,1.4158590011402223e-08,0.22860058103174324,0.028232006292051925,0.8625455398542053
basis-projected,inertial,ocean-land,lat-lon-metres,500,500,168,7,1.2857075429284127e-08,0.2075866955068514,0.023280168185576846,0.8858257080397821
basis-projected,inertial,ocean-land,lat-lon-metres,500,500,168,8,1.0937986317241229e-08,0.17660162667503976,0.01684909121525142,0.9026747992550336
basis-projected,inertial,ocean-land,lat-lon-metres,500,500,168,9,1.0014098834557576e-08,0.16168480125814777,0.014122951790753225,0.9167977510457869
basis-projected,inertial,ocean-land,lat-lon-metres,500,500,168,10,9.030877696776728e-09,0.14580999146434873,0.011485810623498417,0.9282835616692853
basis-projected,inertial,ocean-land,lat-lon-metres,500,500,168,11,7.586586219616091e-09,0.12249087066261448,0.008105774647724218,0.9363893363170095
basis-projected,inertial,ocean-land,lat-lon-metres,500,500,168,12,6.988402268883041e-09,0.11283276215101021,0.0068779263653073455,0.9432672626823169
basis-projected,inertial,ocean-land,lat-lon-metres,500,500,168,13,6.253619521714714e-09,0.1009691681914769,0.005507628508302537,0.9487748911906194
basis-projected,inertial,ocean-land,lat-lon-metres,500,500,168,14,5.981184811038269e-09,0.09657051457528378,0.0050382089310800045,0.9538131001216994
basis-projected,inertial,ocean-land,lat-lon-metres,500,500,168,15,5.897718292154017e-09,0.09522288782019933,0.004898575191054921,0.9587116753127543
basis-projected,inertial,ocean-land,lat-lon-metres,500,500,168,16,5.458026017703921e-09,0.08812374098894604,0.0041953957413055284,0.9629070710540598
basis-projected,inertial,ocean-land,lat-lon-metres,500,500,168,17,5.05288580738292e-09,0.08158246199124088,0.003595677205560211,0.96650274825962
basis-projected,inertial,ocean-land,lat-lon-metres,500,500,168,18,4.858189639109344e-09,0.0784389528454749,0.003323920720608987,0.969826668980229
basis-projected,inertial,ocean-land,lat-lon-metres,500,500,168,19,4.713603976466925e-09,0.07610451371966516,0.0031290169300491285,0.972955685910278
basis-projected,inertial,ocean-land,lat-lon-metres,500,500,168,20,4.40737445373947e-09,0.07116021864733141,0.0027356569112225197,0.9756913428215006
basis-projected,inertial,ocean-land,lat-lon-metres,500,500,168,21,4.309915863252865e-09,0.06958667987024762,0.0026160094836458763,0.9783073523051464
basis-projected,inertial,ocean-land,lat-lon-metres,500,500,168,22,4.0068498554184235e-09,0.06469346201266925,0.002261038032653875,0.9805683903378002
basis-projected,inertial,ocean-land,lat-lon-metres,500,500,168,23,3.748471207067659e-09,0.06052175359455597,0.00197883730206754,0.9825472276398678
basis-projected,inertial,ocean-land,lat-lon-metres,500,500,168,24,3.5484947013871735e-09,0.05729298961774461,0.0017733320041165965,0.9843205596439845
basis-projected,inertial,ocean-land,lat-lon-metres,500,500,168,25,3.2684329107542766e-09,0.05277119133049199,0.0015044608115683952,0.9858250204555528
basis-projected,inertial,ocean-land,lat-lon-metres,500,500,168,26,3.058016473142689e-09,0.04937386717194926,0.0013169866451402763,0.9871420071006931
basis-projected,inertial,ocean-land,lat-lon-metres,500,500,168,27,2.9196338575233973e-09,0.0471395806851037,0.0012004899052754391,0.9883424970059685
basis-projected,inertial,ocean-land,lat-lon-metres,500,500,168,28,2.753511966621019e-09,0.04445742372231341,0.0010677649637415318,0.98941026196971
basis-projected,inertial,ocean-land,lat-lon-metres,500,500,168,29,2.6018985981026597e-09,0.042009517249453815,0.0009534160619963721,0.9903636780317064
basis-projected,inertial,ocean-land,lat-lon-metres,500,500,168,30,2.4539772949774894e-09,0.039621221817906276,0.0008480916947369792,0.9912117697264434
basis-projected,inertial,ocean-land,lat-lon-metres,500,500,168,31,2.4099916174042705e-09,0.038911041535673714,0.0008179613703881822,0.9920297310968317
basis-projected,inertial,ocean-land,lat-lon-metres,500,500,168,32,2.2385126259853735e-09,0.036142390346429,0.0007057011521660918,0.9927354322489979
basis-projected,inertial,ocean-land,lat-lon-metres,500,500,168,33,2.1386658243603077e-09,0.034530292189248815,0.0006441508569795346,0.9933795831059774
basis-projected,inertial,ocean-land,lat-lon-metres,500,500,168,34,2.0095113300808825e-09,0.03244500033381967,0.0005686992405177971,0.9939482823464951
basis-projected,inertial,ocean-land,lat-lon-metres,500,500,168,35,1.9534383362327613e-09,0.03153966166919649,0.0005374043071777871,0.994485686653673
basis-projected,inertial,ocean-land,lat-lon-metres,500,500,168,36,1.8179413779684585e-09,0.029351966188056855,0.00046543761582759136,0.9949511242695005
basis-projected,inertial,ocean-land,lat-lon-metres,500,500,168,37,1.7220890058778421e-09,0.027804360957907552,0.0004176504158468862,0.9953687746853473
basis-projected,inertial,ocean-land,lat-lon-metres,500,500,168,38,1.6277402761461322e-09,0.02628103311107348,0.0003731401219534645,0.9957419148073008
basis-projected,inertial,ocean-land,lat-lon-metres,500,500,168,39,1.6036546733554413e-09,0.025892153795547167,0.0003621791443177315,0.9961040939516185
basis-projected,inertial,ocean-land,lat-lon-metres,500,500,168,40,1.5201129285482164e-09,0.024543312464033407,0.0003254268896119913,0.9964295208412305
basis-projected,inertial,ocean-land,lat-lon-metres,500,500,168,41,1.4443357158629235e-09,0.02331983506728178,0.0002937906914232272,0.9967233115326537
basis-projected,inertial,ocean-land,lat-lon-metres,500,500,168,42,1.364626746016434e-09,0.022032876633873155,0.0002622584486427444,0.9969855699812964
basis-projected,inertial,ocean-land,lat-lon-metres,500,500,168,43,1.2862659889411822e-09,0.020767686061714218,0.00023300396021365386,0.99721857394151
basis-projected,inertial,ocean-land,lat-lon-metres,500,500,168,44,1.1902814259251045e-09,0.019217946514352307,0.00019952671070561556,0.9974181006522157
basis-projected,inertial,ocean-land,lat-lon-metres,500,500,168,45,1.1246230268425884e-09,0.0181578446138248,0.00017812122486240566,0.9975962218770781
basis-projected,inertial,ocean-land,lat-lon-metres,500,500,168,46,1.089753282155437e-09,0.017594847600033745,0.00016724690949637108,0.9977634687865744
basis-projected,inertial,ocean-land,lat-lon-metres,500,500,168,47,1.0754939709627786e-09,0.01736462080335914,0.00016289872690146567,0.997926367513476
basis-projected,inertial,ocean-land,lat-lon-metres,500,500,168,48,1.0052058548381103e-09,0.016229768803775427,0.00014230224407261815,0.9980686697575486
basis-projected,inertial,ocean-land,lat-lon-metres,500,500,168,49,9.693818228193846e-10,0.015651364137224212,0.00013234010462063968,0.9982010098621692
basis-projected,inertial,ocean-land,lat-lon-metres,500,500,168,50,9.053248485181489e-10,0.014617118387286878,0.0001154278512691252,0.9983164377134384
basis-projected,inertial,ocean-land,lat-lon-metres,500,500,168,51,8.476279703797067e-10,0.013685560947206776,0.00010118410358187098,0.9984176218170202
basis-projected,inertial,ocean-land,lat-lon-metres,500,500,168,52,8.314051640383747e-10,0.01342363211441994,9.73480295458979e-05,0.9985149698465661
basis-projected,inertial,ocean-land,lat-lon-metres,500,500,168,53,8.017308668287256e-10,0.012944519322936361,9.052300005148018e-05,0.9986054928466175
basis-projected,inertial,ocean-land,lat-lon-metres,500,500,168,54,7.845336701408358e-10,0.012666858259807701,8.668119782927059e-05,0.9986921740444468
basis-projected,inertial,ocean-land,lat-lon-metres,500,500,168,55,7.799511018885472e-10,0.012592869411748173,8.567152187811444e-05,0.9987778455663249
basis-projected,inertial,ocean-land,lat-lon-metres,500,500,168,56,7.353654336787659e-10,0.011873001850766715,7.61567063615794e-05,0.9988540022726864
basis-projected,inertial,ocean-land,lat-lon-metres,500,500,168,57,6.796984362794943e-10,0.01097421828972583,6.506302802946988e-05,0.998919065300716
basis-projected,inertial,ocean-land,lat-lon-metres,500,500,168,58,6.762979550264606e-10,0.010919315083290368,6.441364542814091e-05,0.998983478946144
basis-projected,inertial,ocean-land,lat-lon-metres,500,500,168,59,6.544612365422724e-10,0.01056674561632424,6.0321146449489655e-05,0.9990438000925935
basis-projected,inertial,ocean-land,lat-lon-metres,500,500,168,60,6.114141163631112e-10,0.00987171901573939,5.2646881714703125e-05,0.9990964469743083
basis-projected,inertial,ocean-land,lat-lon-metres,500,500,168,61,6.079351384770009e-10,0.009815548424916366,5.2049459296678865e-05,0.999148496433605
basis-projected,inertial,ocean-land,lat-lon-metres,500,500,168,62,5.748552852634037e-10,0.009281450491507517,4.653918645717771e-05,0.9991950356200622
basis-projected,inertial,ocean-land,lat-lon-metres,500,500,168,63,5.553945230622133e-10,0.008967242541215148,4.3441510265685946e-05,0.9992384771303279
basis-projected,inertial,ocean-land,lat-lon-metres,500,500,168,64,5.381767806732078e-10,0.00868924975302001,4.0789806282553207e-05,0.9992792669366104
basis-projected,inertial,ocean-land,lat-lon-metres,500,500,168,65,5.156684061313984e-10,0.008325835917730338,3.7449220107445664e-05,0.9993167161567178
basis-projected,inertial,ocean-land,lat-lon-metres,500,500,168,66,5.033102597494515e-10,0.008126304789198943,3.567576517557817e-05,0.9993523919218933
basis-projected,inertial,ocean-land,lat-lon-metres,500,500,168,67,4.945646489686566e-10,0.007985100636500325,3.4446719628062586e-05,0.9993868386415213
basis-projected,inertial,ocean-land,lat-lon-metres,500,500,168,68,4.918264547919236e-10,0.007940890529471674,3.406634186584794e-05,0.9994209049833872
basis-projected,inertial,ocean-land,lat-lon-metres,500,500,168,69,4.6362939023956707e-10,0.007485628717746969,3.0272176546512304e-05,0.9994511771599337
basis-projected,inertial,ocean-land,lat-lon-metres,500,500,168,70,4.3885517703707147e-10,0.007085631293700229,2.712340331502857e-05,0.9994783005632488
basis-projected,inertial,ocean-land,lat-lon-metres,500,500,168,71,4.386872844025657e-10,0.007082920546813141,2.7102654107539846e-05,0.9995054032173564
basis-projected,inertial,ocean-land,lat-lon-metres,500,500,168,72,4.2631721618485473e-10,0.006883196931700779,2.559572718622304e-05,0.9995309989445426
basis-projected,inertial,ocean-land,lat-lon-metres,500,500,168,73,4.226229194618986e-10,0.006823549863970778,2.5154044301157476e-05,0.9995561529888437
basis-projected,inertial,ocean-land,lat-lon-metres,500,500,168,74,4.0528905483986836e-10,0.006543682199116397,2.3132974586824998e-05,0.9995792859634305
basis-projected,inertial,ocean-land,lat-lon-metres,500,500,168,75,3.9647492457405993e-10,0.006401371750234791,2.2137734786138044e-05,0.9996014236982166
basis-projected,inertial,ocean-land,lat-lon-metres,500,500,168,76,3.848927366901134e-10,0.006214369027664483,2.0863211517878963e-05,0.9996222869097344
basis-projected,inertial,ocean-land,lat-lon-metres,500,500,168,77,3.7622368084169295e-10,0.006074400909204268,1.993397852634648e-05,0.9996422208882608
basis-projected,inertial,ocean-land,lat-lon-metres,500,500,168,78,3.5893417534582127e-10,0.005795249454227124,1.814392958725493e-05,0.9996603648178481
basis-projected,inertial,ocean-land,lat-lon-metres,500,500,168,79,3.520777368474999e-10,0.0056845473417101,1.7457371651256942e-05,0.9996778221894994
basis-projected,inertial,ocean-land,lat-lon-metres,500,500,168,80,3.481358766705385e-10,0.005620903184624289,1.706865468631382e-05,0.9996948908441857
basis-projected,inertial,ocean-land,lat-lon-metres,500,500,168,81,3.287506331011368e-10,0.00530791453675481,1.5220710496677898e-05,0.9997101115546825
basis-projected,inertial,ocean-land,lat-lon-metres,500,500,168,82,3.2512507997325265e-10,0.005249377383625274,1.4886845253022457e-05,0.9997249983999356
basis-projected,inertial,ocean-land,lat-lon-metres,500,500,168,83,3.196527644597941e-10,0.005161022928488272,1.438992927074036e-05,0.9997393883292063
basis-projected,inertial,ocean-land,lat-lon-metres,500,500,168,84,3.0395313924419546e-10,0.004907541229860358,1.301112940360236e-05,0.9997523994586099
basis-projected,inertial,ocean-land,lat-lon-metres,500,500,168,85,3.0099122501500303e-10,0.004859719002278776,1.2758787344164601e-05,0.9997651582459541
basis-projected,inertial,ocean-land,lat-lon-metres,500,500,168,86,2.9685276874822065e-10,0.004792900660452434,1.2410347371897314e-05,0.999777568593326
basis-projected,inertial,ocean-land,lat-lon-metres,500,500,168,87,2.8932473784684955e-10,0.004671355207360533,1.1788888671855286e-05,0.9997893574819978
basis-projected,inertial,ocean-land,lat-lon-metres,500,500,168,88,2.834323445729095e-10,0.004576218295775025,1.1313592930375534e-05,0.9998006710749282
basis-projected,inertial,ocean-land,lat-lon-metres,500,500,168,89,2.7319965162763423e-10,0.004411004135966348,1.0511435078395603e-05,0.9998111825100067
basis-projected,inertial,ocean-land,lat-lon-metres,500,500,168,90,2.636534281546302e-10,0.0042568735176752494,9.789681782823984e-06,0.9998209721917894
basis-projected,inertial,ocean-land,lat-lon-metres,500,500,168,91,2.5767021203001073e-10,0.004160270206086666,9.350399346249317e-06,0.9998303225911357
basis-projected,inertial,ocean-land,lat-lon-metres,500,500,168,92,2.565930122479271e-10,0.004142878043740466,9.272383386566518e-06,0.9998395949745222
basis-projected,inertial,ocean-land,lat-lon-metres,500,500,168,93,2.486750742993129e-10,0.004015037261984032,8.708958932849398e-06,0.9998483039334551
basis-projected,inertial,ocean-land,lat-lon-metres,500,500,168,94,2.3905034257472066e-10,0.003859639071716177,8.04786107256878e-06,0.9998563517945277
basis-projected,inertial,ocean-land,lat-lon-metres,500,500,168,95,2.3474628784062656e-10,0.0037901470239759733,7.760669637875696e-06,0.9998641124641656
basis-projected,inertial,ocean-land,lat-lon-metres,500,500,168,96,2.320303864890548e-10,0.00374629685058341,7.582134021784401e-06,0.9998716945981873
basis-projected,inertial,ocean-land,lat-lon-metres,500,500,168,97,2.2960342619210558e-10,0.0037071118375576234,7.4243503664281575e-06,0.9998791189485537
basis-projected,inertial,ocean-land,lat-lon-metres,500,500,168,98,2.2230277953546018e-10,0.0035892376660283565,6.959715961801766e-06,0.9998860786645155
basis-projected,inertial,ocean-land,lat-lon-metres,500,500,168,99,2.1712430643316118e-10,0.0035056275071714744,6.639243823818929e-06,0.9998927179083393
basis-projected,inertial,ocean-land,lat-lon-metres,500,500,168,100,2.1225519727887403e-10,0.003427012250929106,6.344806711245734e-06,0.9998990627150506
basis-projected,inertial,ocean-land,lat-lon-metres,500,500,168,101,2.0742680477112712e-10,0.003349054394120528,6.059425982748801e-06,0.9999051221410333
basis-projected,inertial,ocean-land,lat-lon-metres,500,500,168,102,2.0284201085394578e-10,0.0032750296111065122,5.794521042974442e-06,0.9999109166620764
basis-projected,inertial,ocean-land,lat-lon-metres,500,500,168,103,1.9662965543071254e-10,0.0031747266813526923,5.445023597505276e-06,0.9999163616856739
basis-projected,inertial,ocean-land,lat-lon-metres,500,500,168,104,1.9335676076317535e-10,0.0031218834517618807,5.265267662427755e-06,0.9999216269533364
basis-projected,inertial,ocean-land,lat-lon-metres,500,500,168,105,1.9030969469032193e-10,0.00307268638664908,5.100626876213405e-06,0.9999267275802125
basis-projected,inertial,ocean-land,lat-lon-metres,500,500,168,106,1.7972195669553034e-10,0.0029017397701094354,4.548875037083935e-06,0.9999312764552497
basis-projected,inertial,ocean-land,lat-lon-metres,500,500,168,107,1.7553511769822312e-10,0.0028341402544302605,4.339400747834206e-06,0.9999356158559976
basis-projected,inertial,ocean-land,lat-lon-metres,500,500,168,108,1.7068153738944723e-10,0.002755775722525822,4.10274780680593e-06,0.9999397186038043
basis-projected,inertial,ocean-land,lat-lon-metres,500,500,168,109,1.6784153193751924e-10,0.002709921799506565,3.967350765723158e-06,0.9999436859545701
basis-projected,inertial,ocean-land,lat-lon-metres,500,500,168,110,1.6582056619019993e-10,0.0026772918593988004,3.872384893995641e-06,0.999947558339464
basis-projected,inertial,ocean-land,lat-lon-metres,500,500,168,111,1.6304313596199872e-10,0.0026324482582047123,3.7437493968647858e-06,0.9999513020888608
basis-projected,inertial,ocean-land,lat-lon-metres,500,500,168,112,1.540391965549824e-10,0.002487073204731101,3.3416750752372747e-06,0.9999546437639362
basis-projected,inertial,ocean-land,lat-lon-metres,500,500,168,113,1.5246872770542326e-10,0.0024617168598399532,3.2738839623698406e-06,0.9999579176478985
basis-projected,inertial,ocean-land,lat-lon-metres,500,500,168,114,1.4492989626067238e-10,0.002339997024236086,2.9581329744903e-06,0.999960875780873
basis-projected,inertial,ocean-land,lat-lon-metres,500,500,168,115,1.4375156585317798e-10,0.0023209720354777663,2.9102272170526643e-06,0.9999637860080901
basis-projected,inertial,ocean-land,lat-lon-metres,500,500,168,116,1.3828805175831784e-10,0.002232759685550667,2.6932151343904106e-06,0.9999664792232245
basis-projected,inertial,ocean-land,lat-lon-metres,500,500,168,117,1.354809520048482e-10,0.0021874370486115054,2.5849860831026492e-06,0.9999690642093075
basis-projected,inertial,ocean-land,lat-lon-metres,500,500,168,118,1.279257230621764e-10,0.002065452463654125,2.304716391691433e-06,0.9999713689256993
basis-projected,inertial,ocean-land,lat-lon-metres,500,500,168,119,1.2590979872698987e-10,0.0020329039207576537,2.232650733977529e-06,0.9999736015764332
basis-projected,inertial,ocean-land,lat-lon-metres,500,500,168,120,1.2150806626573587e-10,0.0019618347961217536,2.0792750800669033e-06,0.9999756808515132
basis-projected,inertial,ocean-land,lat-lon-metres,500,500,168,121,1.2002738729183144e-10,0.001937928173111733,2.028908376651982e-06,0.9999777097598899
basis-projected,inertial,ocean-land,lat-lon-metres,500,500,168,122,1.1794263962344847e-10,0.0019042684281856406,1.95904050940304e-06,0.9999796688003992
basis-projected,inertial,ocean-land,lat-lon-metres,500,500,168,123,1.1435773033693287e-10,0.0018463874989982296,1.84175893104957e-06,0.9999815105593303
basis-projected,inertial,ocean-land,lat-lon-metres,500,500,168,124,1.0975970323620709e-10,0.0017721490567536888,1.6966317040323645e-06,0.9999832071910343
basis-projected,inertial,ocean-land,lat-lon-metres,500,500,168,125,1.0213776639486402e-10,0.0016490874249729041,1.4691780876701997e-06,0.9999846763691219
basis-projected,inertial,ocean-land,lat-lon-metres,500,500,168,126,1.0006608207420319e-10,0.0016156385971562905,1.410183152783438e-06,0.9999860865522747
basis-projected,inertial,ocean-land,lat-lon-metres,500,500,168,127,9.77767927353497e-11,0.001578676380396696,1.346397525666421e-06,0.9999874329498004
basis-projected,inertial,ocean-land,lat-lon-metres,500,500,168,128,9.393966841995013e-11,0.0015167232588439868,1.2427957966397612e-06,0.999988675745597
basis-projected,inertial,ocean-land,lat-lon-metres,500,500,168,129,8.952392295003255e-11,0.001445427884142232,1.1287036759416666e-06,0.999989804449273
basis-projected,inertial,ocean-land,lat-lon-metres,500,500,168,130,8.639076053635198e-11,0.0013948407319146873,1.051081336245382e-06,0.9999908555306092
basis-projected,inertial,ocean-land,lat-lon-metres,500,500,168,131,8.37287862680656e-11,0.0013518612499230655,9.873049657343004e-07,0.999991842835575
basis-projected,inertial,ocean-land,lat-lon-metres,500,500,168,132,7.957294651506406e-11,0.001284762239255627,8.917284231944813e-07,0.9999927345639982
basis-projected,inertial,ocean-land,lat-lon-metres,500,500,168,133,7.732648955202586e-11,0.0012484915818949877,8.420896298913683e-07,0.9999935766536281
basis-projected,inertial,ocean-land,lat-lon-metres,500,500,168,134,7.264932912733575e-11,0.0011729754754322833,7.433013923166805e-07,0.9999943199550204
basis-projected,inertial,ocean-land,lat-lon-metres,500,500,168,135,6.816125736202187e-11,0.0011005123408661527,6.542999939874943e-07,0.9999949742550144
basis-projected,inertial,ocean-land,lat-lon-metres,500,500,168,136,6.795108577378637e-11,0.0010971189699762328,6.502712168273405e-07,0.9999956245262313
basis-projected,inertial,ocean-land,lat-lon-metres,500,500,168,137,6.480228037602555e-11,0.0010462792505617766,5.914013446055683e-07,0.9999962159275758
basis-projected,inertial,ocean-land,lat-lon-metres,500,500,168,138,6.223115407482077e-11,0.0010047665740955413,5.454028964044222e-07,0.9999967613304721
basis-projected,inertial,ocean-land,lat-lon-metres,500,500,168,139,5.502569754792403e-11,0.0008884293154192849,4.264153631389023e-07,0.9999971877458352
basis-projected,inertial,ocean-land,lat-lon-metres,500,500,168,140,5.243221641640029e-11,0.0008465557041992597,3.871668482630927e-07,0.9999975749126836
basis-projected,inertial,ocean-land,lat-lon-metres,500,500,168,141,5.1037656101800475e-11,0.0008240395286517938,3.6684548000387686e-07,0.9999979417581636
basis-projected,inertial,ocean-land,lat-lon-metres,500,500,168,142,4.9530443405047294e-11,0.000799704499673716,3.454984963789047e-07,0.99999828725666
basis-projected,inertial,ocean-land,lat-lon-metres,500,500,168,143,4.264087941390826e-11,0.0006884675523391713,2.560672489404973e-07,0.9999985433239089
basis-projected,inertial,ocean-land,lat-lon-metres,500,500,168,144,4.064356069576493e-11,0.000656219410461665,2.3264044880235133e-07,0.9999987759643577
basis-projected,inertial,ocean-land,lat-lon-metres,500,500,168,145,3.6759662282699395e-11,0.0005935110875862916,1.9030261473511878e-07,0.9999989662669724
basis-projected,inertial,ocean-land,lat-lon-metres,500,500,168,146,3.445112289445372e-11,0.0005562380649856915,1.671508130795145e-07,0.9999991334177856
basis-projected,inertial,ocean-land,lat-lon-metres,500,500,168,147,3.279048514619079e-11,0.0005294258786147016,1.5142494144287427e-07,0.9999992848427269
basis-projected,inertial,ocean-land,lat-lon-metres,500,500,168,148,3.15990020403541e-11,0.0005101885301171165,1.4062044365308142e-07,0.9999994254631706
basis-projected,inertial,ocean-land,lat-lon-metres,500,500,168,149,2.883597393447405e-11,0.0004655774615077033,1.1710379740298776e-07,0.999999542566968
basis-projected,inertial,ocean-land,lat-lon-metres,500,500,168,150,2.5136806756618857e-11,0.0004058517567934454,8.89860527594899e-08,0.9999996315530207
basis-projected,inertial,ocean-land,lat-lon-metres,500,500,168,151,2.363383325078336e-11,0.0003815851725903137,7.866292006907762e-08,0.9999997102159408
basis-projected,inertial,ocean-land,lat-lon-metres,500,500,168,152,2.26021399638994e-11,0.0003649277452166635,7.194503858203295e-08,0.9999997821609794
basis-projected,inertial,ocean-land,lat-lon-metres,500,500,168,153,1.9782524321858417e-11,0.000319403030288293,5.5114407961786496e-08,0.9999998372753874
basis-projected,inertial,ocean-land,lat-lon-metres,500,500,168,154,1.8303781076269493e-11,0.00029552766099896673,4.718276147757719e-08,0.9999998844581489
basis-projected,inertial,ocean-land,lat-lon-metres,500,500,168,155,1.4446765405968586e-11,0.00023325337926828163,2.939293613283975e-08,0.999999913851085
basis-projected,inertial,ocean-land,lat-lon-metres,500,500,168,156,1.3112339014772213e-11,0.00021170810900295725,2.421375079321918e-08,0.9999999380648358
basis-projected,inertial,ocean-land,lat-lon-metres,500,500,168,157,1.1785560650601965e-11,0.0001902863216141418,1.9561503164344956e-08,0.9999999576263389
basis-projected,inertial,ocean-land,lat-lon-metres,500,500,168,158,1.0559104815472055e-11,0.00017048431334250726,1.5702034664220766e-08,0.9999999733283735
basis-projected,inertial,ocean-land,lat-lon-metres,500,500,168,159,7.767836973327603e-12,0.0001254172939560021,8.497710558737064e-09,0.9999999818260841
basis-projected,inertial,ocean-land,lat-lon-metres,500,500,168,160,6.612837488341153e-12,0.00010676899965927943,6.158535225443198e-09,0.9999999879846193
basis-projected,inertial,ocean-land,lat-lon-metres,500,500,168,161,5.60298757011992e-12,9.0464249124493e-05,4.421209025446193e-09,0.9999999924058284
basis-projected,inertial,ocean-land,lat-lon-metres,500,500,168,162,4.655263038433696e-12,7.516255747108441e-05,3.052039711944232e-09,0.9999999954578681
basis-projected,inertial,ocean-land,lat-lon-metres,500,500,168,163,3.9587172067827755e-12,6.391632591113338e-05,2.2070424553567404e-09,0.9999999976649107
basis-projected,inertial,ocean-land,lat-lon-metres,500,500,168,164,3.1820011850083594e-12,5.137568918591536e-05,1.4259437827948921e-09,0.9999999990908544
basis-projected,inertial,ocean-land,lat-lon-metres,500,500,168,165,1.81187116112958e-12,2.9253958187596442e-05,4.623345561240807e-10,0.999999999553189
basis-projected,inertial,ocean-land,lat-lon-metres,500,500,168,166,1.543228817924491e-12,2.4916535061638554e-05,3.3539947553253494e-10,0.9999999998885885
basis-projected,inertial,ocean-land,lat-lon-metres,500,500,168,167,8.456025232027657e-13,1.3652858651206614e-05,1.0070111292197242e-10,0.9999999999892895
basis-projected,inertial,ocean-land,lat-lon-metres,500,500,168,168,2.757722290528912e-13,4.452540241870204e-06,1.0710328438088848e-11,0.9999999999999998
