repeat,seed,chain,month,bcob_median_residual_ppt,mcoh_median_residual_ppt,joint_score_ppt
0,637100,0,2023-02,-2.689449546813975,-1.4764608230590852,-2.689449546813975
0,637100,0,2023-03,-3.499504714965809,-1.563277984619134,-3.499504714965809
0,637100,0,2023-04,-3.4969144897461035,-0.9210142974853568,-3.4969144897461035
0,637100,0,2023-05,-3.181369064331051,0.40716109085082053,-3.181369064331051
0,637100,0,2023-06,-3.374856018066396,0.8128907012939521,-3.374856018066396
0,637100,0,2023-07,-1.2300544738769474,1.5762399520873913,-1.2300544738769474
0,637100,0,2023-08,-3.896395462036139,0.8252424621582009,-3.896395462036139
0,637100,0,2023-09,-2.594140090942375,4.9165781326293825,-2.594140090942375
0,637100,0,2023-10,-4.135142883300773,-0.37526934051513194,-4.135142883300773
0,637100,0,2023-11,-2.845390342712392,-0.8600359039306511,-2.845390342712392
0,637100,0,2023-12,-2.927429428100581,-1.3831067657470726,-2.927429428100581
0,637100,0,2024-01,-3.614006645202636,-0.639672576904303,-3.614006645202636
0,637100,0,2024-03,-0.6688149414062536,-1.293296745300296,-1.293296745300296
0,637100,0,2024-04,-0.15092617797850494,-2.871364379882806,-2.871364379882806
0,637100,0,2024-05,-1.7438192443847669,-0.3212352066040012,-1.7438192443847669
0,637100,0,2024-07,-9.596283241271976,3.239837547302244,-9.596283241271976
0,637100,0,2024-08,-4.191740615844722,1.4785668716430678,-4.191740615844722
0,637100,0,2024-09,-2.919434860229501,1.8674971313476476,-2.919434860229501
0,637100,0,2024-10,-2.610909866333003,0.23335791015625773,-2.610909866333003
0,637100,0,2024-11,-4.673182479858411,-1.1871199569702071,-4.673182479858411
0,637100,0,2024-12,-4.838589126586925,0.7414659729003859,-4.838589126586925
0,637100,0,2025-01,-3.3478844451904166,-0.6948831329345637,-3.3478844451904166
0,637100,0,2025-02,-4.612953994750967,-1.6744574127197325,-4.612953994750967
0,637100,0,2025-03,-1.0410137023925756,-0.49683535003661916,-1.0410137023925756
0,637100,0,2025-04,-1.677722480773923,-1.221363906860347,-1.677722480773923
0,637100,0,2025-05,-2.059953933715832,-1.3087846145629811,-2.059953933715832
0,637100,0,2025-06,-2.5799979019164994,2.1479168167114295,-2.5799979019164994
0,637100,0,2025-07,-2.220241752624503,2.6116163940429686,-2.220241752624503
0,637100,0,2025-08,-2.9866493988037064,1.5192388534545813,-2.9866493988037064
0,637100,0,2025-09,-2.56041011047364,1.3200207977294838,-2.56041011047364
0,637100,0,2025-10,-2.488881317138663,-0.12249520874024711,-2.488881317138663
0,637100,0,2025-11,-3.079206329345709,-0.7099927291870216,-3.079206329345709
0,637100,0,2025-12,91.08857038116454,84.68206680297851,84.68206680297851
0,637100,0,2026-01,-3.4805278625488256,-0.734248291015632,-3.4805278625488256
0,637100,0,2026-02,-4.681379333496096,-2.094139701843261,-4.681379333496096
0,637100,1,2023-02,-2.4083798065185533,-1.3413212356567499,-2.4083798065185533
0,637100,1,2023-03,-3.355579498291007,-1.48230451202393,-3.355579498291007
0,637100,1,2023-04,-3.2923173675537214,-0.688968677520748,-3.2923173675537214
0,637100,1,2023-05,-3.0962290344238284,0.5178054924011235,-3.0962290344238284
0,637100,1,2023-06,-3.1485316467285145,0.8512113876342795,-3.1485316467285145
0,637100,1,2023-07,-1.1688768615722722,1.6183888092041059,-1.1688768615722722
0,637100,1,2023-08,-3.711841949462894,0.880669570922862,-3.711841949462894
0,637100,1,2023-09,-2.587463897705078,4.882530136108386,-2.587463897705078
0,637100,1,2023-10,-3.8529381561279195,-0.3543439064025904,-3.8529381561279195
0,637100,1,2023-11,-2.788637771606446,-0.9157265319824148,-2.788637771606446
0,637100,1,2023-12,-2.7850698013305646,-1.2809496841430672,-2.7850698013305646
0,637100,1,2024-01,-3.459899665832509,-0.5386615600585856,-3.459899665832509
0,637100,1,2024-03,-0.39087031555175145,-1.1391785812378004,-1.1391785812378004
0,637100,1,2024-04,0.046748809814459946,-2.669940124511726,-2.669940124511726
0,637100,1,2024-05,-1.6026790084838893,-0.2745549850463931,-1.6026790084838893
0,637100,1,2024-07,-9.622437446594233,3.227632606506347,-9.622437446594233
0,637100,1,2024-08,-4.10619297027587,1.4869817276000958,-4.10619297027587
0,637100,1,2024-09,-2.8805374526977516,1.911438858032227,-2.8805374526977516
0,637100,1,2024-10,-2.590312179565416,0.23210218811036043,-2.590312179565416
0,637100,1,2024-11,-4.640234405517589,-1.2133453292846639,-4.640234405517589
0,637100,1,2024-12,-4.687751586914061,1.0120986785888704,-4.687751586914061
0,637100,1,2025-01,-3.128374916076652,-0.5508540344238213,-3.128374916076652
0,637100,1,2025-02,-4.402998443603508,-1.535423431396481,-4.402998443603508
0,637100,1,2025-03,-0.8733273010253981,-0.39512265777588595,-0.8733273010253981
0,637100,1,2025-04,-1.5178310089111307,-1.059178291320805,-1.5178310089111307
0,637100,1,2025-05,-1.8580336914062627,-1.1921517868041889,-1.8580336914062627
0,637100,1,2025-06,-2.5166855316162042,2.1323539276123,-2.5166855316162042
0,637100,1,2025-07,-2.144398254394531,2.641544486999507,-2.144398254394531
0,637100,1,2025-08,-2.935280563354496,1.5735370330810525,-2.935280563354496
0,637100,1,2025-09,-2.569775421142566,1.3104674606323243,-2.569775421142566
0,637100,1,2025-10,-2.452814956665037,0.05944908142089389,-2.452814956665037
0,637100,1,2025-11,-3.105304595947274,-0.668559188842778,-3.105304595947274
0,637100,1,2025-12,-2.646640380859381,-1.0699091796874995,-2.646640380859381
0,637100,1,2026-01,89.85541986083985,85.05954448699951,85.05954448699951
0,637100,1,2026-02,-4.5160895767211855,-2.003096321105957,-4.5160895767211855
0,637100,2,2023-02,-2.383448112487798,-1.3104062957763745,-2.383448112487798
0,637100,2,2023-03,-3.313873413085929,-1.434422142028808,-3.313873413085929
0,637100,2,2023-04,-3.2924780960082956,-0.6908127861022848,-3.2924780960082956
0,637100,2,2023-05,-2.9966317672729588,0.550544292449942,-2.9966317672729588
0,637100,2,2023-06,-3.147490875244131,0.843193176269537,-3.147490875244131
0,637100,2,2023-07,-1.1880618667602505,1.6055974464416494,-1.1880618667602505
0,637100,2,2023-08,-3.7341012954711914,0.861921165466299,-3.7341012954711914
0,637100,2,2023-09,-2.6158983306884807,4.898485038757315,-2.6158983306884807
0,637100,2,2023-10,-3.823147354125979,-0.34803598785400425,-3.823147354125979
0,637100,2,2023-11,-2.744280227661136,-0.9284507141113352,-2.744280227661136
0,637100,2,2023-12,-2.7937976303100527,-1.3022467269897504,-2.7937976303100527
0,637100,2,2024-01,-3.4472974395751947,-0.5293529357910245,-3.4472974395751947
0,637100,2,2024-03,-0.3913004913329985,-1.1011555328369127,-1.1011555328369127
0,637100,2,2024-04,0.08352523803711165,-2.638673645019537,-2.638673645019537
0,637100,2,2024-05,-1.5986030807495126,-0.24955094909667253,-1.5986030807495126
0,637100,2,2024-07,-9.596486618041993,3.2721569290161057,-9.596486618041993
0,637100,2,2024-08,-4.134613349914545,1.4760555343627857,-4.134613349914545
0,637100,2,2024-09,-2.87823454284667,1.908263092041011,-2.87823454284667
0,637100,2,2024-10,-2.5614297790527303,0.2612563629150486,-2.5614297790527303
0,637100,2,2024-11,-4.62347268676757,-1.2127047653198275,-4.62347268676757
0,637100,2,2024-12,-4.660070449829107,1.0360364227294951,-4.660070449829107
0,637100,2,2025-01,-3.0935982055664084,-0.5345349273681563,-3.0935982055664084
0,637100,2,2025-02,-4.3293905181884895,-1.4735315704345737,-4.3293905181884895
0,637100,2,2025-03,-0.9036285247802596,-0.39141166687011264,-0.9036285247802596
0,637100,2,2025-04,-1.4992129058837946,-1.0351048736572324,-1.4992129058837946
0,637100,2,2025-05,-1.8697965545654256,-1.1721677932739283,-1.8697965545654256
0,637100,2,2025-06,-2.513612426757817,2.1378118820190366,-2.513612426757817
0,637100,2,2025-07,-2.1809388427734433,2.613779785156254,-2.1809388427734433
0,637100,2,2025-08,-2.958139129638681,1.551751365661616,-2.958139129638681
0,637100,2,2025-09,-2.5482374267578223,1.3371346817016558,-2.5482374267578223
0,637100,2,2025-10,-2.4528206481933523,0.06193173217772596,-2.4528206481933523
0,637100,2,2025-11,-3.1264727020263763,-0.6608002014160235,-3.1264727020263763
0,637100,2,2025-12,-2.6068907470703095,-1.084110664367671,-2.6068907470703095
0,637100,2,2026-01,89.65025280761719,84.87506880950929,84.87506880950929
0,637100,2,2026-02,-4.51733255004882,-1.9623009262084992,-4.51733255004882
0,637100,3,2023-02,-2.6738038711547887,-1.5092388534545904,-2.6738038711547887
0,637100,3,2023-03,-3.4865331573486458,-1.5444180374145446,-3.4865331573486458
0,637100,3,2023-04,-3.464955017089835,-0.8847858314514099,-3.464955017089835
0,637100,3,2023-05,-3.186143943786618,0.3877267417907717,-3.186143943786618
0,637100,3,2023-06,-3.274387832641594,0.8437657012939468,-3.274387832641594
0,637100,3,2023-07,-1.189686111450186,1.5986497077941806,-1.189686111450186
0,637100,3,2023-08,-3.926509201049811,0.7596893997192353,-3.926509201049811
0,637100,3,2023-09,-2.617683746337889,4.836496131896979,-2.617683746337889
0,637100,3,2023-10,-4.063511444091802,-0.42726081466673804,-4.063511444091802
0,637100,3,2023-11,-2.8707059631347676,-0.8504617156982306,-2.8707059631347676
0,637100,3,2023-12,-2.9320875778198143,-1.3780865631103438,-2.9320875778198143
0,637100,3,2024-01,-3.6375685729980347,-0.6654035186767544,-3.6375685729980347
0,637100,3,2024-03,-0.6552069549560429,-1.3163350677490229,-1.3163350677490229
0,637100,3,2024-04,-0.12630209350587052,-2.8545495605468716,-2.8545495605468716
0,637100,3,2024-05,-1.7432545776367192,-0.368791465759287,-1.7432545776367192
0,637100,3,2024-07,-9.621752548217785,3.2253389511108423,-9.621752548217785
0,637100,3,2024-08,-4.211901390075681,1.42330896759033,-4.211901390075681
0,637100,3,2024-09,-2.875069633483889,1.9225968780517633,-2.875069633483889
0,637100,3,2024-10,-2.6117785949707013,0.221351242065424,-2.6117785949707013
0,637100,3,2024-11,-4.664079360961921,-1.1826529693603476,-4.664079360961921
0,637100,3,2024-12,-4.815546524047846,0.7611302642822295,-4.815546524047846
0,637100,3,2025-01,-3.3661539154052633,-0.7025076751708923,-3.3661539154052633
0,637100,3,2025-02,-4.632024185180654,-1.6944035949707086,-4.632024185180654
0,637100,3,2025-03,-1.0931170196533344,-0.4827181625366279,-1.0931170196533344
0,637100,3,2025-04,-1.695568237304684,-1.2381218261718772,-1.695568237304684
0,637100,3,2025-05,-2.0446562957763774,-1.2858889846801702,-2.0446562957763774
0,637100,3,2025-06,-2.596206871032706,2.1474474182128915,-2.596206871032706
0,637100,3,2025-07,-2.1323537292480523,2.6714314651489275,-2.1323537292480523
0,637100,3,2025-08,-2.9514902496337925,1.5549504852294973,-2.9514902496337925
0,637100,3,2025-09,-2.5589856719970783,1.3206392440795867,-2.5589856719970783
0,637100,3,2025-10,-2.5047615509033108,-0.11355380249023028,-2.5047615509033108
0,637100,3,2025-11,-3.1269305877685554,-0.7245075073242191,-3.1269305877685554
0,637100,3,2025-12,91.12981693267822,84.71126123046875,84.71126123046875
0,637100,3,2026-01,-3.4642512969970767,-0.7239899749755807,-3.4642512969970767
0,637100,3,2026-02,-4.709505989074714,-2.1115722808837916,-4.709505989074714
1,637101,0,2023-02,-5.351812366485589,-3.669919197082521,-5.351812366485589
1,637101,0,2023-03,-6.41071040344238,-3.100374950408934,-6.41071040344238
1,637101,0,2023-04,-4.798631271362311,-2.2201244964599667,-4.798631271362311
1,637101,0,2023-05,-4.346028472900386,-0.9697075538635147,-4.346028472900386
1,637101,0,2023-06,-4.333542076110845,0.42171430206299476,-4.333542076110845
1,637101,0,2023-07,-1.8380508651733436,0.9402387962341265,-1.8380508651733436
1,637101,0,2023-08,-5.0333906555175645,0.09793464660644702,-5.0333906555175645
1,637101,0,2023-09,-3.3364763946533174,4.412456192016606,-3.3364763946533174
1,637101,0,2023-10,-7.754741104125969,-0.31602261352539074,-7.754741104125969
1,637101,0,2023-11,-6.1278450469970664,-3.29810511779786,-6.1278450469970664
1,637101,0,2023-12,-7.38556661224365,-5.34828833007812,-7.38556661224365
1,637101,0,2024-01,-7.640745491027829,-3.3376163482666072,-7.640745491027829
1,637101,0,2024-03,-2.630763748168931,-2.906070312500006,-2.906070312500006
1,637101,0,2024-04,-1.4208391723632872,-4.563206085205081,-4.563206085205081
1,637101,0,2024-05,-2.4060899505615225,-0.7837868347167927,-2.4060899505615225
1,637101,0,2024-07,-10.120975288391122,2.8023333511352604,-10.120975288391122
1,637101,0,2024-08,-5.28634110260009,0.9125490798950153,-5.28634110260009
1,637101,0,2024-09,-3.2662442398071363,1.7016994934081993,-3.2662442398071363
1,637101,0,2024-10,-3.5630391845703,-0.38161013793944676,-3.5630391845703
1,637101,0,2024-11,-8.25413058471679,-4.039571624755851,-8.25413058471679
1,637101,0,2024-12,-8.424106201171867,-2.046215927124024,-8.424106201171867
1,637101,0,2025-01,-8.042873130798341,-3.127631927490228,-8.042873130798341
1,637101,0,2025-02,-7.6562770538330085,-3.7412842559814408,-7.6562770538330085
1,637101,0,2025-03,-2.8212494964599557,-1.866314567565908,-2.8212494964599557
1,637101,0,2025-04,-3.0785614776611254,-2.5906099853515627,-3.0785614776611254
1,637101,0,2025-05,-2.545616821289059,-2.222589279174798,-2.545616821289059
1,637101,0,2025-06,-3.2341399917602587,1.7731314010620167,-3.2341399917602587
1,637101,0,2025-07,-2.949310775756828,1.993215339660651,-2.949310775756828
1,637101,0,2025-08,-3.756309539794927,0.7446956939697316,-3.756309539794927
1,637101,0,2025-09,-3.6320053558349628,0.46653268432618233,-3.6320053558349628
1,637101,0,2025-10,-4.827385238647452,-1.5470236663818469,-4.827385238647452
1,637101,0,2025-11,-5.707904190063488,-3.0404018020629877,-5.707904190063488
1,637101,0,2025-12,-8.24094622802734,-4.633144638061523,-8.24094622802734
1,637101,0,2026-01,-7.323941894531259,-4.2745453948974586,-7.323941894531259
1,637101,0,2026-02,-8.296731590270994,-4.7500861892700215,-8.296731590270994
1,637101,1,2023-02,-5.359395519256594,-3.635999080657953,-5.359395519256594
1,637101,1,2023-03,-6.351531394958499,-3.0849192199707005,-6.351531394958499
1,637101,1,2023-04,-4.90431860351562,-2.3323085746765173,-4.90431860351562
1,637101,1,2023-05,-4.2933855056762695,-1.0075926666259676,-4.2933855056762695
1,637101,1,2023-06,-4.36194725799561,0.3985235595703074,-4.36194725799561
1,637101,1,2023-07,-1.8398093261718742,0.9776745681762691,-1.8398093261718742
1,637101,1,2023-08,-5.161254325866707,0.08035950469970032,-5.161254325866707
1,637101,1,2023-09,-3.3238024749755937,4.427409805297856,-3.3238024749755937
1,637101,1,2023-10,-7.657567962646482,-0.34389176940916855,-7.657567962646482
1,637101,1,2023-11,-6.111712005615246,-3.320890274047855,-6.111712005615246
1,637101,1,2023-12,-7.350324180603025,-5.316416213989257,-7.350324180603025
1,637101,1,2024-01,-7.610943267822265,-3.3320354919433726,-7.610943267822265
1,637101,1,2024-03,-2.601024307250981,-2.900875236511226,-2.900875236511226
1,637101,1,2024-04,-1.3967738342285259,-4.563925964355462,-4.563925964355462
1,637101,1,2024-05,-2.3636963653564464,-0.7517475891113321,-2.3636963653564464
1,637101,1,2024-07,-10.09335994720459,2.835443023681634,-10.09335994720459
1,637101,1,2024-08,-5.3017835769653345,0.8954657974243077,-5.3017835769653345
1,637101,1,2024-09,-3.262296844482421,1.7190365600585835,-3.262296844482421
1,637101,1,2024-10,-3.55143614196777,-0.3702048339843884,-3.55143614196777
1,637101,1,2024-11,-8.258180465698246,-4.0638464965820305,-8.258180465698246
1,637101,1,2024-12,-8.437163024902333,-2.013009704589848,-8.437163024902333
1,637101,1,2025-01,-8.031444671630851,-3.1335249938964864,-8.031444671630851
1,637101,1,2025-02,-7.6417930908203004,-3.7399957580566365,-7.6417930908203004
1,637101,1,2025-03,-2.79298390197755,-1.8372298660278403,-2.79298390197755
1,637101,1,2025-04,-3.0833128738403275,-2.6231458969116233,-3.0833128738403275
1,637101,1,2025-05,-2.5738544311523412,-2.1889302520751954,-2.5738544311523412
1,637101,1,2025-06,-3.2642322235107457,1.7547290878296025,-3.2642322235107457
1,637101,1,2025-07,-2.955646873474123,1.9495250930786199,-2.955646873474123
1,637101,1,2025-08,-3.7397736663818364,0.7541432495117135,-3.7397736663818364
1,637101,1,2025-09,-3.6233519897460837,0.4559202957153303,-3.6233519897460837
1,637101,1,2025-10,-4.785477584838873,-1.5255759429931572,-4.785477584838873
1,637101,1,2025-11,-5.77188204956056,-3.058223228454594,-5.77188204956056
1,637101,1,2025-12,-8.210845214843744,-4.629154640197754,-8.210845214843744
1,637101,1,2026-01,-7.322896453857425,-4.275476913452152,-7.322896453857425
1,637101,1,2026-02,-8.266520874023428,-4.7223389434814464,-8.266520874023428
1,637101,2,2023-02,-5.313232479095461,-3.6211694641113183,-5.313232479095461
1,637101,2,2023-03,-6.2864734802246005,-3.092022586822509,-6.2864734802246005
1,637101,2,2023-04,-4.830810462951661,-2.25573701477051,-4.830810462951661
1,637101,2,2023-05,-4.31288064575196,-0.952763172149659,-4.31288064575196
1,637101,2,2023-06,-4.327188262939458,0.4186225967407182,-4.327188262939458
1,637101,2,2023-07,-1.8282100372314432,0.975505794525148,-1.8282100372314432
1,637101,2,2023-08,-5.133670639038087,0.07185430908202761,-5.133670639038087
1,637101,2,2023-09,-3.330315048217784,4.41850086212159,-3.330315048217784
1,637101,2,2023-10,-7.699189712524401,-0.34085379028320517,-7.699189712524401
1,637101,2,2023-11,-6.1388804244995185,-3.3410418701171807,-6.1388804244995185
1,637101,2,2023-12,-7.333342956542964,-5.292078109741212,-7.333342956542964
1,637101,2,2024-01,-7.585702964782712,-3.3196085510253965,-7.585702964782712
1,637101,2,2024-03,-2.6490726776123097,-2.8998607482910046,-2.8998607482910046
1,637101,2,2024-04,-1.4192509002685654,-4.538036697387696,-4.538036697387696
1,637101,2,2024-05,-2.406087585449214,-0.7688239517211883,-2.406087585449214
1,637101,2,2024-07,-10.124940124511724,2.7713525924682614,-10.124940124511724
1,637101,2,2024-08,-5.276657691955563,0.9386714248657313,-5.276657691955563
1,637101,2,2024-09,-3.2891737518310578,1.6680581207275509,-3.2891737518310578
1,637101,2,2024-10,-3.565393463134768,-0.38699391174316133,-3.565393463134768
1,637101,2,2024-11,-8.223606887817397,-4.024797454833987,-8.223606887817397
1,637101,2,2024-12,-8.408594894409191,-2.0022179412841865,-8.408594894409191
1,637101,2,2025-01,-8.033256851196299,-3.129158096313489,-8.033256851196299
1,637101,2,2025-02,-7.586026794433593,-3.6933111419677687,-7.586026794433593
1,637101,2,2025-03,-2.8449281463622924,-1.8895125808715818,-2.8449281463622924
1,637101,2,2025-04,-3.025043914794935,-2.5259863281250006,-3.025043914794935
1,637101,2,2025-05,-2.4757956237793053,-2.1836926574707007,-2.4757956237793053
1,637101,2,2025-06,-3.2577022476196333,1.7688702545165995,-3.2577022476196333
1,637101,2,2025-07,-2.967928565978994,1.9679149475097688,-2.967928565978994
1,637101,2,2025-08,-3.7506662445068457,0.7497452850341801,-3.7506662445068457
1,637101,2,2025-09,-3.622684173583991,0.4618765029907195,-3.622684173583991
1,637101,2,2025-10,-4.818486160278326,-1.534798934936532,-4.818486160278326
1,637101,2,2025-11,-5.692202514648443,-3.0121542587280317,-5.692202514648443
1,637101,2,2025-12,-8.224179687499998,-4.6432762451171925,-8.224179687499998
1,637101,2,2026-01,-7.313696609497072,-4.284990203857419,-7.313696609497072
1,637101,2,2026-02,-8.275382240295414,-4.749682830810542,-8.275382240295414
1,637101,3,2023-02,-5.3111783218383835,-3.618285652160651,-5.3111783218383835
1,637101,3,2023-03,-6.337966262817389,-3.0387929840087935,-6.337966262817389
1,637101,3,2023-04,-4.767671028137201,-2.1871994552612293,-4.767671028137201
1,637101,3,2023-05,-4.219745323181158,-0.9373323936462299,-4.219745323181158
1,637101,3,2023-06,-4.309173774719241,0.4197145156860387,-4.309173774719241
1,637101,3,2023-07,-1.8361235504150386,1.0040874748230024,-1.8361235504150386
1,637101,3,2023-08,-5.06350550842285,0.08641671752930336,-5.06350550842285
1,637101,3,2023-09,-3.3192336730957095,4.430290664672839,-3.3192336730957095
1,637101,3,2023-10,-7.638917984008799,-0.33107140350341524,-7.638917984008799
1,637101,3,2023-11,-6.086201774597171,-3.2917413940429583,-6.086201774597171
1,637101,3,2023-12,-7.320333663940431,-5.280323806762695,-7.320333663940431
1,637101,3,2024-01,-7.567006103515624,-3.2960332183837977,-7.567006103515624
1,637101,3,2024-03,-2.5630697479248,-2.840725662231449,-2.840725662231449
1,637101,3,2024-04,-1.3763126525878988,-4.4902890167236365,-4.4902890167236365
1,637101,3,2024-05,-2.386705894470211,-0.7549804687499915,-2.386705894470211
1,637101,3,2024-07,-10.10643244171142,2.8188409729004036,-10.10643244171142
1,637101,3,2024-08,-5.289281944274904,0.8781937866210967,-5.289281944274904
1,637101,3,2024-09,-3.2436998672485373,1.7394153442382674,-3.2436998672485373
1,637101,3,2024-10,-3.5780461730957143,-0.38649403381347724,-3.5780461730957143
1,637101,3,2024-11,-8.228599166870112,-4.01787922668457,-8.228599166870112
1,637101,3,2024-12,-8.418990356445306,-2.034477767944338,-8.418990356445306
1,637101,3,2025-01,-8.052868980407709,-3.089484375000012,-8.052868980407709
1,637101,3,2025-02,-7.588917266845698,-3.6889068450927596,-7.588917266845698
1,637101,3,2025-03,-2.7723963775634672,-1.8151694641113352,-2.7723963775634672
1,637101,3,2025-04,-3.029292625427246,-2.5410935211181567,-3.029292625427246
1,637101,3,2025-05,-2.6003618469238177,-2.2197275466918853,-2.6003618469238177
1,637101,3,2025-06,-3.2594133148193407,1.7702724533080954,-3.2594133148193407
1,637101,3,2025-07,-2.9386901397705003,1.979210700988773,-2.9386901397705003
1,637101,3,2025-08,-3.730270843505849,0.7726234893798818,-3.730270843505849
1,637101,3,2025-09,-3.5751941375732486,0.4492612304687498,-3.5751941375732486
1,637101,3,2025-10,-4.782783767700209,-1.5071400909423858,-4.782783767700209
1,637101,3,2025-11,-5.716457824707021,-3.0159205932617255,-5.716457824707021
1,637101,3,2025-12,-8.208541236877437,-4.587139823913574,-8.208541236877437
1,637101,3,2026-01,-7.306055770874025,-4.281464988708493,-7.306055770874025
1,637101,3,2026-02,-8.228918640136726,-4.715591506958006,-8.228918640136726
2,637102,0,2023-02,-3.3029213562011677,-2.036275596618651,-3.3029213562011677
2,637102,0,2023-03,-4.360077682495131,-2.0538843307495114,-4.360077682495131
2,637102,0,2023-04,-3.806948081970205,-1.2099781227111777,-3.806948081970205
2,637102,0,2023-05,-3.3228710250854476,0.031134246826169942,-3.3228710250854476
2,637102,0,2023-06,-3.6510158081054556,0.7584490661621146,-3.6510158081054556
2,637102,0,2023-07,-1.2472084121704086,1.571135543823246,-1.2472084121704086
2,637102,0,2023-08,-4.15090785980226,0.6455800552368203,-4.15090785980226
2,637102,0,2023-09,-2.7863456115722727,4.846717468261716,-2.7863456115722727
2,637102,0,2023-10,-6.131995697021495,-0.3464470939636186,-6.131995697021495
2,637102,0,2023-11,-4.352447547912604,-1.7390875244140602,-4.352447547912604
2,637102,0,2023-12,-5.1023847503662125,-3.060248657226566,-5.1023847503662125
2,637102,0,2024-01,-5.630052841186526,-1.5889940795898383,-5.630052841186526
2,637102,0,2024-03,-1.1998689880371103,-1.7097733078003046,-1.7097733078003046
2,637102,0,2024-04,-0.4439100799560549,-3.2900545806884907,-3.2900545806884907
2,637102,0,2024-05,-1.664912124633787,-0.24459020233155115,-1.664912124633787
2,637102,0,2024-07,-9.761575874328614,3.135012374877931,-9.761575874328614
2,637102,0,2024-08,-4.464009315490728,1.3127225418090802,-4.464009315490728
2,637102,0,2024-09,-2.980573379516599,1.909254547119133,-2.980573379516599
2,637102,0,2024-10,-3.257094711303722,0.05549440002440065,-3.257094711303722
2,637102,0,2024-11,-6.352042709350599,-2.1663240966796877,-6.352042709350599
2,637102,0,2024-12,-6.6975557708740325,-0.492067810058586,-6.6975557708740325
2,637102,0,2025-01,-5.250311546325676,-1.6537224121093743,-5.250311546325676
2,637102,0,2025-02,-5.73530952453612,-2.3215996704101656,-5.73530952453612
2,637102,0,2025-03,-1.678802688598637,-0.8614174194335931,-1.678802688598637
2,637102,0,2025-04,-2.0410553512573273,-1.5829202651977567,-2.0410553512573273
2,637102,0,2025-05,-2.088972076416013,-1.435401573181153,-2.088972076416013
2,637102,0,2025-06,-2.672620567321772,2.040306411743174,-2.672620567321772
2,637102,0,2025-07,-2.418140708923346,2.4147596130371056,-2.418140708923346
2,637102,0,2025-08,-3.181368377685544,1.323005973815924,-3.181368377685544
2,637102,0,2025-09,-2.76025802612304,1.118228965759286,-2.76025802612304
2,637102,0,2025-10,-3.875373779296865,-0.42084565734862167,-3.875373779296865
2,637102,0,2025-11,-4.221474227905276,-1.709870674133299,-4.221474227905276
2,637102,0,2025-12,-5.969191108703612,-2.686040092468261,-5.969191108703612
2,637102,0,2026-01,-5.3671940002441545,-2.3238063812255945,-5.3671940002441545
2,637102,0,2026-02,89.53758863067627,83.11600801086426,83.11600801086426
2,637102,1,2023-02,-4.889652542114263,-3.382648792266849,-4.889652542114263
2,637102,1,2023-03,-5.863824462890619,-2.9562456932067818,-5.863824462890619
2,637102,1,2023-04,-4.767452445983892,-2.202323612213135,-4.767452445983892
2,637102,1,2023-05,-4.054875289916993,-0.7976583061218179,-4.054875289916993
2,637102,1,2023-06,-4.234620552062992,0.47853202819824503,-4.234620552062992
2,637102,1,2023-07,-1.7710293045043954,1.0694882278442392,-1.7710293045043954
2,637102,1,2023-08,-4.975596641540534,0.20553726959228413,-4.975596641540534
2,637102,1,2023-09,-3.1293685455322304,4.590808959960924,-3.1293685455322304
2,637102,1,2023-10,-7.386659828186026,-0.24577146148681095,-7.386659828186026
2,637102,1,2023-11,-5.838873352050783,-3.062637893676765,-5.838873352050783
2,637102,1,2023-12,-7.013609687805172,-4.987827873229989,-7.013609687805172
2,637102,1,2024-01,-7.260069252014162,-3.06960552978515,-7.260069252014162
2,637102,1,2024-03,-2.4235138244629013,-2.735851799011229,-2.735851799011229
2,637102,1,2024-04,-1.3041360015869259,-4.282362503051758,-4.282362503051758
2,637102,1,2024-05,-2.2219669036865213,-0.6627154464721627,-2.2219669036865213
2,637102,1,2024-07,-9.93132273101807,2.960898674011233,-9.93132273101807
2,637102,1,2024-08,-5.020838699340828,0.9540694885253913,-5.020838699340828
2,637102,1,2024-09,-3.275587104797367,1.6722134704589848,-3.275587104797367
2,637102,1,2024-10,-3.4857133178711024,-0.2980547485351508,-3.4857133178711024
2,637102,1,2024-11,-7.895401473999016,-3.689054779052725,-7.895401473999016
2,637102,1,2024-12,-8.127768966674807,-1.8303187255859257,-8.127768966674807
2,637102,1,2025-01,-7.5459045410156165,-2.8962588958740128,-7.5459045410156165
2,637102,1,2025-02,1.6025781860351458,1.6576309509277394,1.6025781860351458
2,637102,1,2025-03,-2.491436828613274,-1.653046424865721,-2.491436828613274
2,637102,1,2025-04,-2.8882873077392475,-2.3860396041870047,-2.8882873077392475
2,637102,1,2025-05,-2.4628651885986415,-2.0624964828491272,-2.4628651885986415
2,637102,1,2025-06,-3.234532234191903,1.7689872970581035,-3.234532234191903
2,637102,1,2025-07,-2.8791147842407128,2.022993400573739,-2.8791147842407128
2,637102,1,2025-08,-3.706563049316401,0.7960824050903312,-3.706563049316401
2,637102,1,2025-09,-3.397877487182626,0.5769755554199207,-3.397877487182626
2,637102,1,2025-10,-4.671962463378918,-1.424311340332025,-4.671962463378918
2,637102,1,2025-11,-5.4365626068115205,-2.8929826126098703,-5.4365626068115205
2,637102,1,2025-12,-7.993236587524407,-4.3846863021850595,-7.993236587524407
2,637102,1,2026-01,-7.094424713134771,-4.02469526672364,-7.094424713134771
2,637102,1,2026-02,-8.000172554016117,-4.572375122070312,-8.000172554016117
2,637102,2,2023-02,-2.6642400665283077,-1.5247403945922855,-2.6642400665283077
2,637102,2,2023-03,-3.491067886352539,-1.5718094863891565,-3.491067886352539
2,637102,2,2023-04,-3.447156959533686,-0.8661596717834499,-3.447156959533686
2,637102,2,2023-05,-3.1330888824462875,0.4395634384155329,-3.1330888824462875
2,637102,2,2023-06,-3.2890377044677734,0.8132723693847623,-3.2890377044677734
2,637102,2,2023-07,-1.217596931457507,1.5949199714660551,-1.217596931457507
2,637102,2,2023-08,-3.8527273101806543,0.8343907623290931,-3.8527273101806543
2,637102,2,2023-09,-2.584071838378918,4.881433151245119,-2.584071838378918
2,637102,2,2023-10,-4.061702331542961,-0.43581861495972873,-4.061702331542961
2,637102,2,2023-11,-2.8470920639038155,-0.8295618743896398,-2.8470920639038155
2,637102,2,2023-12,-2.9063944702148348,-1.3447346649169987,-2.9063944702148348
2,637102,2,2024-01,-3.623984443664554,-0.6488494720458959,-3.623984443664554
2,637102,2,2024-03,-0.679444458007822,-1.3229786911010706,-1.3229786911010706
2,637102,2,2024-04,-0.09715774536132926,-2.8477826538085935,-2.8477826538085935
2,637102,2,2024-05,-1.7511595535278275,-0.36837922668456713,-1.7511595535278275
2,637102,2,2024-07,-9.601349838256837,3.2122166976928668,-9.601349838256837
2,637102,2,2024-08,-4.16536369323731,1.4860807647705059,-4.16536369323731
2,637102,2,2024-09,-2.9051960525512612,1.8701165161132849,-2.9051960525512612
2,637102,2,2024-10,-2.6052830200195274,0.21110237121581577,-2.6052830200195274
2,637102,2,2024-11,-4.618927597045911,-1.183521987915043,-4.618927597045911
2,637102,2,2024-12,-4.8323583831787005,0.7476614685058678,-4.8323583831787005
2,637102,2,2025-01,-3.348618309020992,-0.7324341888427739,-3.348618309020992
2,637102,2,2025-02,-4.6095578918456965,-1.6704193267822234,-4.6095578918456965
2,637102,2,2025-03,-0.9897283020019643,-0.4936940917968826,-0.9897283020019643
2,637102,2,2025-04,-1.6704161300659166,-1.1965132598876949,-1.6704161300659166
2,637102,2,2025-05,-2.052510177612305,-1.3035789337158263,-2.052510177612305
2,637102,2,2025-06,-2.5776939010620197,2.1431450500488296,-2.5776939010620197
2,637102,2,2025-07,-2.1760901794433494,2.622653205871586,-2.1760901794433494
2,637102,2,2025-08,-2.9478154449462863,1.5581758422851522,-2.9478154449462863
2,637102,2,2025-09,-2.5333873596191268,1.340201416015617,-2.5333873596191268
2,637102,2,2025-10,-2.5153639831542876,-0.12679457092283997,-2.5153639831542876
2,637102,2,2025-11,-3.119648529052739,-0.7068657684326212,-3.119648529052739
2,637102,2,2025-12,91.0637518081665,84.62800783538819,84.62800783538819
2,637102,2,2026-01,-3.46261277770995,-0.7161143569946233,-3.46261277770995
2,637102,2,2026-02,-4.664440711975104,-2.072991096496594,-4.664440711975104
2,637102,3,2023-02,-2.740604774475102,-1.5180362243652326,-2.740604774475102
2,637102,3,2023-03,-3.4921333312988168,-1.5711564636230406,-3.4921333312988168
2,637102,3,2023-04,-3.4927875137329067,-0.9064438896179183,-3.4927875137329067
2,637102,3,2023-05,-3.1274490661621144,0.3719249839782748,-3.1274490661621144
2,637102,3,2023-06,-3.3022151184082134,0.8322714691162076,-3.3022151184082134
2,637102,3,2023-07,-1.2022139663696407,1.5896217422485392,-1.2022139663696407
2,637102,3,2023-08,-3.9501658477783224,0.7614576797485313,-3.9501658477783224
2,637102,3,2023-09,-2.6232474060058735,4.980459930419926,-2.6232474060058735
2,637102,3,2023-10,-4.090008285522458,-0.40975866699218955,-4.090008285522458
2,637102,3,2023-11,-2.8773342666626007,-0.8842232666015661,-2.8773342666626007
2,637102,3,2023-12,-2.9341888427734375,-1.382995666503902,-2.9341888427734375
2,637102,3,2024-01,-3.643337074279785,-0.6295821990966886,-3.643337074279785
2,637102,3,2024-03,-0.6389097900390652,-1.3138070144653398,-1.3138070144653398
2,637102,3,2024-04,-0.1220843353271448,-2.861123016357425,-2.861123016357425
2,637102,3,2024-05,-1.7609281997680597,-0.39718896484374966,-1.7609281997680597
2,637102,3,2024-07,-9.570956893920894,3.2628010864257817,-9.570956893920894
2,637102,3,2024-08,-4.190859092712401,1.455835746765132,-4.190859092712401
2,637102,3,2024-09,-2.937179039001464,1.8468343811035197,-2.937179039001464
2,637102,3,2024-10,-2.639240112304691,0.18294801330566202,-2.639240112304691
2,637102,3,2024-11,-4.671792953491206,-1.1958318557739318,-4.671792953491206
2,637102,3,2024-12,-4.8174445037841735,0.8052310028076306,-4.8174445037841735
2,637102,3,2025-01,-3.3725498733520567,-0.6957304229736394,-3.3725498733520567
2,637102,3,2025-02,-4.612432357788094,-1.667022277832018,-4.612432357788094
2,637102,3,2025-03,-1.0641292724609457,-0.4631650466918984,-1.0641292724609457
2,637102,3,2025-04,-1.6830717163085893,-1.2206540679931663,-1.6830717163085893
2,637102,3,2025-05,-2.0907156372070403,-1.3597467041015676,-2.0907156372070403
2,637102,3,2025-06,-2.5984382476806616,2.1321904983520596,-2.5984382476806616
2,637102,3,2025-07,-2.1741329269409277,2.6225302886962965,-2.1741329269409277
2,637102,3,2025-08,-2.9600330047607315,1.547264923095696,-2.9600330047607315
2,637102,3,2025-09,-2.5703176116943496,1.3063711624145498,-2.5703176116943496
2,637102,3,2025-10,-2.466036117553699,-0.09007746887206736,-2.466036117553699
2,637102,3,2025-11,-3.0433226776123092,-0.7244369430542008,-3.0433226776123092
2,637102,3,2025-12,91.27750270843507,84.84092123413086,84.84092123413086
2,637102,3,2026-01,-3.462472366333003,-0.7179948883056682,-3.462472366333003
2,637102,3,2026-02,-4.669981994628898,-2.0836950683593756,-4.669981994628898
3,637103,0,2023-02,-5.350842491149905,-3.651785060882574,-5.350842491149905
3,637103,0,2023-03,-6.362172416687002,-3.0864034881591778,-6.362172416687002
3,637103,0,2023-04,-4.856478546142583,-2.2730208816528332,-4.856478546142583
3,637103,0,2023-05,-4.280115379333495,-0.9532167396545503,-4.280115379333495
3,637103,0,2023-06,-4.3458003616332945,0.40020734405517544,-4.3458003616332945
3,637103,0,2023-07,-1.8350422668457043,0.9744505500793466,-1.8350422668457043
3,637103,0,2023-08,-5.116366744995105,0.10921010589599689,-5.116366744995105
3,637103,0,2023-09,-3.3362809753417935,4.416402359008799,-3.3362809753417935
3,637103,0,2023-10,-7.744730239868176,-0.30858688354491903,-7.744730239868176
3,637103,0,2023-11,-6.096123863220214,-3.286685867309558,-6.096123863220214
3,637103,0,2023-12,-7.321697662353529,-5.302057971954341,-7.321697662353529
3,637103,0,2024-01,-7.595558921813975,-3.334402435302735,-7.595558921813975
3,637103,0,2024-03,-2.621542678833009,-2.9075520935058563,-2.9075520935058563
3,637103,0,2024-04,-1.3810898437500043,-4.50324363708495,-4.50324363708495
3,637103,0,2024-05,-2.397903160095211,-0.7536765975952164,-2.397903160095211
3,637103,0,2024-07,-10.085551628112796,2.8039478149414094,-10.085551628112796
3,637103,0,2024-08,-5.311390953063963,0.8875152435302738,-5.311390953063963
3,637103,0,2024-09,-3.252609405517589,1.7113178100586026,-3.252609405517589
3,637103,0,2024-10,-3.543764373779311,-0.3611541442870987,-3.543764373779311
3,637103,0,2024-11,-8.228072921752926,-4.053212532043446,-8.228072921752926
3,637103,0,2024-12,-8.42868673706056,-2.0326991577148306,-8.42868673706056
3,637103,0,2025-01,-8.051058357238773,-3.108631500244144,-8.051058357238773
3,637103,0,2025-02,-7.578779342651359,-3.6891439056396393,-7.578779342651359
3,637103,0,2025-03,-2.7623470001220767,-1.8553667297363319,-2.7623470001220767
3,637103,0,2025-04,-3.0859009017944317,-2.6001903533935575,-3.0859009017944317
3,637103,0,2025-05,-2.549186111450183,-2.1991777877807692,-2.549186111450183
3,637103,0,2025-06,-3.2490291519165027,1.7500886611938427,-3.2490291519165027
3,637103,0,2025-07,-2.9703109207153346,1.9426447525024457,-2.9703109207153346
3,637103,0,2025-08,-3.76395545959474,0.7361763534545958,-3.76395545959474
3,637103,0,2025-09,-3.5844556579589835,0.5091808395385726,-3.5844556579589835
3,637103,0,2025-10,-4.817770553588872,-1.532033401489258,-4.817770553588872
3,637103,0,2025-11,-5.727513122558605,-3.0336580047607384,-5.727513122558605
3,637103,0,2025-12,-8.159326957702646,-4.58128408050537,-8.159326957702646
3,637103,0,2026-01,-7.299385894775384,-4.271842529296876,-7.299385894775384
3,637103,0,2026-02,-8.300585029602047,-4.7530222244262745,-8.300585029602047
3,637103,1,2023-02,-5.372384563446047,-3.6311233901977573,-5.372384563446047
3,637103,1,2023-03,-6.3377511291503765,-3.068573768615721,-6.3377511291503765
3,637103,1,2023-04,-4.849714988708499,-2.2690964508056695,-4.849714988708499
3,637103,1,2023-05,-4.215108230590815,-0.9474484481811487,-4.215108230590815
3,637103,1,2023-06,-4.327979789733888,0.406001640319829,-4.327979789733888
3,637103,1,2023-07,-1.803145866394047,1.0188239250183102,-1.803145866394047
3,637103,1,2023-08,-5.133448699951174,0.0881795883178711,-5.133448699951174
3,637103,1,2023-09,-3.2961168212890755,4.464767951965342,-3.2961168212890755
3,637103,1,2023-10,-7.773973213195802,-0.3579563331604021,-7.773973213195802
3,637103,1,2023-11,-6.092151908874513,-3.2818246917724707,-6.092151908874513
3,637103,1,2023-12,-7.316417053222651,-5.265653942108159,-7.316417053222651
3,637103,1,2024-01,-7.590235481262212,-3.3087604370117276,-7.590235481262212
3,637103,1,2024-03,-2.6319940185546784,-2.915297088623049,-2.915297088623049
3,637103,1,2024-04,-1.4082941131591724,-4.553206787109389,-4.553206787109389
3,637103,1,2024-05,-2.367845932006844,-0.753681053161614,-2.367845932006844
3,637103,1,2024-07,-10.118167320251473,2.8012585906982395,-10.118167320251473
3,637103,1,2024-08,-5.3050538253784225,0.8866317672729451,-5.3050538253784225
3,637103,1,2024-09,-3.263659927368167,1.7026333160400497,-3.263659927368167
3,637103,1,2024-10,-3.5655158081054594,-0.3951195678710917,-3.5655158081054594
3,637103,1,2024-11,-8.257721908569323,-4.061397384643556,-8.257721908569323
3,637103,1,2024-12,-8.43181558227539,-2.0147616577148426,-8.43181558227539
3,637103,1,2025-01,-8.013874580383302,-3.090742935180657,-8.013874580383302
3,637103,1,2025-02,-7.627261398315426,-3.733520385742196,-7.627261398315426
3,637103,1,2025-03,-2.7886136169433655,-1.840443115234379,-2.7886136169433655
3,637103,1,2025-04,-3.086278671264651,-2.609152290344241,-3.086278671264651
3,637103,1,2025-05,-2.6039154205322177,-2.216402786254889,-2.6039154205322177
3,637103,1,2025-06,-3.249184280395511,1.7384128646850598,-3.249184280395511
3,637103,1,2025-07,-2.9629456176757714,1.9648347396850596,-2.9629456176757714
3,637103,1,2025-08,-3.7373610382080074,0.756724563598624,-3.7373610382080074
3,637103,1,2025-09,-3.6848361511230507,0.4699940872192343,-3.6848361511230507
3,637103,1,2025-10,-4.762578948974607,-1.510801284790034,-4.762578948974607
3,637103,1,2025-11,-5.647365310668931,-3.0230330581665044,-5.647365310668931
3,637103,1,2025-12,-8.205899192810051,-4.610957229614257,-8.205899192810051
3,637103,1,2026-01,-7.31156913757323,-4.277180305480954,-7.31156913757323
3,637103,1,2026-02,-8.31763443756104,-4.768372062683113,-8.31763443756104
3,637103,2,2023-02,-5.360642391204834,-3.6417539405822765,-5.360642391204834
3,637103,2,2023-03,-6.363665794372565,-3.105525310516356,-6.363665794372565
3,637103,2,2023-04,-4.891022819519037,-2.3172565765380853,-4.891022819519037
3,637103,2,2023-05,-4.283963523864742,-0.9510786628723196,-4.283963523864742
3,637103,2,2023-06,-4.351971252441402,0.38813970184325797,-4.351971252441402
3,637103,2,2023-07,-1.8030807189941385,0.9990949478149389,-1.8030807189941385
3,637103,2,2023-08,-5.154931541442863,0.07710828399657998,-5.154931541442863
3,637103,2,2023-09,-3.3790445251464973,4.373060180664055,-3.3790445251464973
3,637103,2,2023-10,-7.7040342559814405,-0.2766030311584444,-7.7040342559814405
3,637103,2,2023-11,-6.128197334289553,-3.319126632690427,-6.128197334289553
3,637103,2,2023-12,-7.347947151184087,-5.292883819580084,-7.347947151184087
3,637103,2,2024-01,-7.632172729492197,-3.318902832031256,-7.632172729492197
3,637103,2,2024-03,-2.6343355560302655,-2.9171607666015547,-2.9171607666015547
3,637103,2,2024-04,-1.3963394470214894,-4.563710189819346,-4.563710189819346
3,637103,2,2024-05,-2.3726333465576204,-0.7744638671875066,-2.3726333465576204
3,637103,2,2024-07,-10.092586753845211,2.8141398849487302,-10.092586753845211
3,637103,2,2024-08,-5.3286427841186566,0.8765384521484378,-5.3286427841186566
3,637103,2,2024-09,-3.304023872375481,1.6563120727539058,-3.304023872375481
3,637103,2,2024-10,-3.566840591430662,-0.3914396057128897,-3.566840591430662
3,637103,2,2024-11,-8.221605026245129,-4.020254020690928,-8.221605026245129
3,637103,2,2024-12,-8.41406787109375,-2.0063149871826056,-8.41406787109375
3,637103,2,2025-01,-8.101446670532226,-3.1668844451904192,-8.101446670532226
3,637103,2,2025-02,-7.619853912353506,-3.7136592559814403,-7.619853912353506
3,637103,2,2025-03,-2.7653498077392555,-1.8370788879394553,-2.7653498077392555
3,637103,2,2025-04,-3.048860969543469,-2.5730736618041874,-3.048860969543469
3,637103,2,2025-05,-2.5877202911376855,-2.2214738998412997,-2.5877202911376855
3,637103,2,2025-06,-3.254932891845698,1.7516732254028398,-3.254932891845698
3,637103,2,2025-07,-2.9514525299072147,1.9358084259033177,-2.9514525299072147
3,637103,2,2025-08,-3.7627982940673803,0.7529579315185515,-3.7627982940673803
3,637103,2,2025-09,-3.5886143341064383,0.4190719985961948,-3.5886143341064383
3,637103,2,2025-10,-4.794689910888678,-1.5467074127197407,-4.794689910888678
3,637103,2,2025-11,-5.636300689697265,-3.034719047546389,-5.636300689697265
3,637103,2,2025-12,-8.24177159118652,-4.6219176712036045,-8.24177159118652
3,637103,2,2026-01,-7.334433532714854,-4.298926193237307,-7.334433532714854
3,637103,2,2026-02,-8.278069473266598,-4.726367317199703,-8.278069473266598
3,637103,3,2023-02,-5.387095531463629,-3.6782937850952067,-5.387095531463629
3,637103,3,2023-03,-6.402354896545404,-3.0974377784729086,-6.402354896545404
3,637103,3,2023-04,-4.8861533660888625,-2.3077463722229012,-4.8861533660888625
3,637103,3,2023-05,-4.30431330871582,-1.0177661666870108,-4.30431330871582
3,637103,3,2023-06,-4.357627494812007,0.4001551208496039,-4.357627494812007
3,637103,3,2023-07,-1.8192671203613315,0.9964271049499516,-1.8192671203613315
3,637103,3,2023-08,-5.128851013183606,0.0958175888061561,-5.128851013183606
3,637103,3,2023-09,-3.3057426757812607,4.452634552001939,-3.3057426757812607
3,637103,3,2023-10,-7.717002441406237,-0.3467173347473107,-7.717002441406237
3,637103,3,2023-11,-6.144027587890619,-3.3409283447265636,-6.144027587890619
3,637103,3,2023-12,-7.362812904357909,-5.261115966796879,-7.362812904357909
3,637103,3,2024-01,-7.64311923980712,-3.3512540283203123,-7.64311923980712
3,637103,3,2024-03,-2.6627880706787153,-2.936804550170905,-2.936804550170905
3,637103,3,2024-04,-1.4288546142578014,-4.594347595214856,-4.594347595214856
3,637103,3,2024-05,-2.418483489990237,-0.8223836135864246,-2.418483489990237
3,637103,3,2024-07,-10.053821166992194,2.8700908432006855,-10.053821166992194
3,637103,3,2024-08,-5.349381309509269,0.8366503829956002,-5.349381309509269
3,637103,3,2024-09,-3.2811174392700195,1.6831737976074237,-3.2811174392700195
3,637103,3,2024-10,-3.5704822082519456,-0.38855575561524347,-3.5704822082519456
3,637103,3,2024-11,-8.272364395141608,-4.096828422546395,-8.272364395141608
3,637103,3,2024-12,-8.427975982666027,-2.0301985015869093,-8.427975982666027
3,637103,3,2025-01,-8.095888961792,-3.1481483764648317,-8.095888961792
3,637103,3,2025-02,-7.632212066650396,-3.7473011322021534,-7.632212066650396
3,637103,3,2025-03,-2.8106917114257897,-1.8703298873901417,-2.8106917114257897
3,637103,3,2025-04,-3.060301605224609,-2.571199897766121,-3.060301605224609
3,637103,3,2025-05,-2.5457080688476594,-2.247436111450199,-2.5457080688476594
3,637103,3,2025-06,-3.2586777114868255,1.7780032958984293,-3.2586777114868255
3,637103,3,2025-07,-2.974699577331549,1.9392108154296892,-2.974699577331549
3,637103,3,2025-08,-3.7090660552978534,0.8031628341674804,-3.7090660552978534
3,637103,3,2025-09,-3.6423342285156366,0.44617987823485805,-3.6423342285156366
3,637103,3,2025-10,-4.7944194335937595,-1.539764083862309,-4.7944194335937595
3,637103,3,2025-11,-5.684122482299813,-3.0734857025146454,-5.684122482299813
3,637103,3,2025-12,-8.23489528656006,-4.618558227539069,-8.23489528656006
3,637103,3,2026-01,-7.334013748168957,-4.295570678710945,-7.334013748168957
3,637103,3,2026-02,-8.223880119323738,-4.723382133483881,-8.223880119323738
4,637104,0,2023-02,-5.329727531433093,-3.6454216651916624,-5.329727531433093
4,637104,0,2023-03,-6.360811355590812,-3.063195976257333,-6.360811355590812
4,637104,0,2023-04,-4.8718371124267605,-2.293184169769283,-4.8718371124267605
4,637104,0,2023-05,-4.28293048858643,-0.9615621566772461,-4.28293048858643
4,637104,0,2023-06,-4.330789566040039,0.4066021041870158,-4.330789566040039
4,637104,0,2023-07,-1.8464438171386774,0.9594460830688476,-1.8464438171386774
4,637104,0,2023-08,-5.080680488586438,0.13153699493408055,-5.080680488586438
4,637104,0,2023-09,-3.3153009948730414,4.441988403320323,-3.3153009948730414
4,637104,0,2023-10,-7.620408981323237,-0.3313312225341747,-7.620408981323237
4,637104,0,2023-11,-6.055409545898428,-3.269090728759778,-6.055409545898428
4,637104,0,2023-12,-7.290246887207033,-5.2446417846679765,-7.290246887207033
4,637104,0,2024-01,-7.593165214538573,-3.3177384796142633,-7.593165214538573
4,637104,0,2024-03,-2.581260833740231,-2.8531332397461,-2.8531332397461
4,637104,0,2024-04,-1.3654889678955158,-4.518031051635745,-4.518031051635745
4,637104,0,2024-05,-2.3904839935302675,-0.6973144836425718,-2.3904839935302675
4,637104,0,2024-07,-10.129784675598145,2.771564582824709,-10.129784675598145
4,637104,0,2024-08,-5.275338699340821,0.8830982513427728,-5.275338699340821
4,637104,0,2024-09,-3.3347741699218716,1.6315854034423865,-3.3347741699218716
4,637104,0,2024-10,-3.5599448547363295,-0.38110218811036134,-3.5599448547363295
4,637104,0,2024-11,-8.213014694213854,-4.032836006164544,-8.213014694213854
4,637104,0,2024-12,-8.379672317504884,-2.0288301696777467,-8.379672317504884
4,637104,0,2025-01,-8.039581542968747,-3.1016054687499945,-8.039581542968747
4,637104,0,2025-02,-7.597699310302744,-3.6970414428710967,-7.597699310302744
4,637104,0,2025-03,-2.7762988586425763,-1.821105827331536,-2.7762988586425763
4,637104,0,2025-04,-3.0632889251708946,-2.570718666076658,-3.0632889251708946
4,637104,0,2025-05,-2.4857696838379013,-2.1845201416015527,-2.4857696838379013
4,637104,0,2025-06,-3.210393440246577,1.764181358337396,-3.210393440246577
4,637104,0,2025-07,-2.911535827636726,1.9959898757934553,-2.911535827636726
4,637104,0,2025-08,-3.713699447631825,0.7821687545776399,-3.713699447631825
4,637104,0,2025-09,-3.59931979370117,0.4209999923706107,-3.59931979370117
4,637104,0,2025-10,-4.764190277099601,-1.5278132019043085,-4.764190277099601
4,637104,0,2025-11,-5.633902389526355,-3.014073143005376,-5.633902389526355
4,637104,0,2025-12,-8.183803993225098,-4.599484718322756,-8.183803993225098
4,637104,0,2026-01,-7.285020324707034,-4.268590904235836,-7.285020324707034
4,637104,0,2026-02,-8.240290222167971,-4.7020546188354615,-8.240290222167971
4,637104,1,2023-02,-3.238634372711175,-1.9813116302490243,-3.238634372711175
4,637104,1,2023-03,-4.363803894042974,-2.0868889083862285,-4.363803894042974
4,637104,1,2023-04,-3.8293919754028423,-1.2426055488586485,-3.8293919754028423
4,637104,1,2023-05,-3.3597527389526363,0.05315896224975347,-3.3597527389526363
4,637104,1,2023-06,-3.5858513031005828,0.7595656433105518,-3.5858513031005828
4,637104,1,2023-07,-1.2774842529296961,1.5584367218017547,-1.2774842529296961
4,637104,1,2023-08,-4.206252319335931,0.6250778350830046,-4.206252319335931
4,637104,1,2023-09,-2.785015609741208,4.882861175537101,-2.785015609741208
4,637104,1,2023-10,-6.1362116394043085,-0.32411782073974393,-6.1362116394043085
4,637104,1,2023-11,-4.3523082809448255,-1.74166113281251,-4.3523082809448255
4,637104,1,2023-12,-5.0451333847045845,-3.0157207946777334,-5.0451333847045845
4,637104,1,2024-01,-5.594521186828615,-1.6066025085449098,-5.594521186828615
4,637104,1,2024-03,-1.1993457641601424,-1.6864809265136813,-1.6864809265136813
4,637104,1,2024-04,-0.4276435089111317,-3.2587891082763747,-3.2587891082763747
4,637104,1,2024-05,-1.6427806472778315,-0.24517544555664017,-1.6427806472778315
4,637104,1,2024-07,-9.791027282714836,3.100840591430668,-9.791027282714836
4,637104,1,2024-08,-4.5124111328125025,1.3343885421753043,-4.5124111328125025
4,637104,1,2024-09,-3.0410305328369134,1.8462541656494125,-3.0410305328369134
4,637104,1,2024-10,-3.2257043914794963,0.07591792297364464,-3.2257043914794963
4,637104,1,2024-11,-6.269709487915037,-2.0914502334594687,-6.269709487915037
4,637104,1,2024-12,-6.641995315551753,-0.4399868164062468,-6.641995315551753
4,637104,1,2025-01,-5.224246177673336,-1.639546401977526,-5.224246177673336
4,637104,1,2025-02,-5.688844558715829,-2.3926517639160068,-5.688844558715829
4,637104,1,2025-03,-1.7136394500732308,-0.844502403259284,-1.7136394500732308
4,637104,1,2025-04,-2.0285116806030317,-1.5721110229492155,-2.0285116806030317
4,637104,1,2025-05,-2.0946363525390552,-1.424308891296377,-2.0946363525390552
4,637104,1,2025-06,-2.70787355804444,2.0146813583373984,-2.70787355804444
4,637104,1,2025-07,-2.397292304992675,2.4280556106567417,-2.397292304992675
4,637104,1,2025-08,-3.1468069763183735,1.3566763763427758,-3.1468069763183735
4,637104,1,2025-09,-2.77765466308594,1.1066218719482492,-2.77765466308594
4,637104,1,2025-10,-3.8323212585449085,-0.43314302062987053,-3.8323212585449085
4,637104,1,2025-11,-4.1937516784668105,-1.7097478027343698,-4.1937516784668105
4,637104,1,2025-12,-5.987918037414545,-2.6788309326171884,-5.987918037414545
4,637104,1,2026-01,-5.348299499511711,-2.304830261230464,-5.348299499511711
4,637104,1,2026-02,89.47239513397217,83.0144034576416,83.0144034576416
4,637104,2,2023-02,-5.425530429840094,-3.6804761314392067,-5.425530429840094
4,637104,2,2023-03,-6.394152992248536,-3.1205617942810164,-6.394152992248536
4,637104,2,2023-04,-4.898171417236327,-2.323835208892824,-4.898171417236327
4,637104,2,2023-05,-4.291617042541503,-0.9855277938842733,-4.291617042541503
4,637104,2,2023-06,-4.401500106811511,0.39269359588622876,-4.401500106811511
4,637104,2,2023-07,-1.8595355911254927,0.9733984832763625,-1.8595355911254927
4,637104,2,2023-08,-5.21158047485352,0.04230389404297341,-5.21158047485352
4,637104,2,2023-09,-3.3474319152832095,4.4040084686279215,-3.3474319152832095
4,637104,2,2023-10,-7.765011383056645,-0.29537643051148166,-7.765011383056645
4,637104,2,2023-11,-6.118927391052239,-3.32606907653809,-6.118927391052239
4,637104,2,2023-12,-7.375518241882318,-5.2986472854614135,-7.375518241882318
4,637104,2,2024-01,-7.60056313323976,-3.31948829650878,-7.60056313323976
4,637104,2,2024-03,-2.668115951538084,-2.9342470169067383,-2.9342470169067383
4,637104,2,2024-04,-1.4364188690185529,-4.607578308105474,-4.607578308105474
4,637104,2,2024-05,-2.381723571777343,-0.7249824295044078,-2.381723571777343
4,637104,2,2024-07,-10.12121233367921,2.8256165542602503,-10.12121233367921
4,637104,2,2024-08,-5.29138519287109,0.9058662643432598,-5.29138519287109
4,637104,2,2024-09,-3.284145957946791,1.6821161041259813,-3.284145957946791
4,637104,2,2024-10,-3.593916763305657,-0.4292926483154247,-3.593916763305657
4,637104,2,2024-11,-8.245890823364249,-4.0291302185058555,-8.245890823364249
4,637104,2,2024-12,-8.411483306884776,-2.0215279693603634,-8.411483306884776
4,637104,2,2025-01,-8.110584739685052,-3.168462341308583,-8.110584739685052
4,637104,2,2025-02,-7.654868041992188,-3.759406784057603,-7.654868041992188
4,637104,2,2025-03,-2.834772247314447,-1.8857099151611294,-2.834772247314447
4,637104,2,2025-04,-3.0839262924194344,-2.5960226287841834,-3.0839262924194344
4,637104,2,2025-05,-2.517488754272449,-2.2193279190063464,-2.517488754272449
4,637104,2,2025-06,-3.309164909362792,1.7576508712768657,-3.309164909362792
4,637104,2,2025-07,-2.994391471862798,1.8957629470825168,-2.994391471862798
4,637104,2,2025-08,-3.7298274993896428,0.7813062591552722,-3.7298274993896428
4,637104,2,2025-09,-3.6754604339599553,0.43683280944824787,-3.6754604339599553
4,637104,2,2025-10,-4.805910324096686,-1.5457731018066454,-4.805910324096686
4,637104,2,2025-11,-5.729134292602538,-3.0604430847167947,-5.729134292602538
4,637104,2,2025-12,-8.193518013000485,-4.614903556823734,-8.193518013000485
4,637104,2,2026-01,-7.337196792602526,-4.309887016296386,-7.337196792602526
4,637104,2,2026-02,-8.270772727966317,-4.754826362609862,-8.270772727966317
4,637104,3,2023-02,-5.314665679931636,-3.6390291061401427,-5.314665679931636
4,637104,3,2023-03,-6.328103843688979,-3.04787831115722,-6.328103843688979
4,637104,3,2023-04,-4.833963005065911,-2.2481119537353536,-4.833963005065911
4,637104,3,2023-05,-4.255431320190439,-1.002197006225586,-4.255431320190439
4,637104,3,2023-06,-4.33367140197754,0.41725754547118754,-4.33367140197754
4,637104,3,2023-07,-1.79978496551513,0.9906475639343242,-1.79978496551513
4,637104,3,2023-08,-5.134519981384273,0.09183818054199833,-5.134519981384273
4,637104,3,2023-09,-3.34757226562499,4.4020094528198115,-3.34757226562499
4,637104,3,2023-10,-7.75525547790528,-0.3209824981689451,-7.75525547790528
4,637104,3,2023-11,-6.111044197082521,-3.3028065490722724,-6.111044197082521
4,637104,3,2023-12,-7.341810821533201,-5.267017620086676,-7.341810821533201
4,637104,3,2024-01,-7.606311897277834,-3.325149398803717,-7.606311897277834
4,637104,3,2024-03,-2.6125142059326265,-2.9067944717407244,-2.9067944717407244
4,637104,3,2024-04,-1.3990337219238143,-4.562673828125014,-4.562673828125014
4,637104,3,2024-05,-2.3852893447875942,-0.7221063461303743,-2.3852893447875942
4,637104,3,2024-07,-10.1098980102539,2.8260277709960917,-10.1098980102539
4,637104,3,2024-08,-5.2874288482666,0.9002563781738218,-5.2874288482666
4,637104,3,2024-09,-3.2403292999267563,1.732878860473619,-3.2403292999267563
4,637104,3,2024-10,-3.567931259155273,-0.39171066284180256,-3.567931259155273
4,637104,3,2024-11,-8.240241134643554,-4.037236373901365,-8.240241134643554
4,637104,3,2024-12,-8.396581390380845,-2.0360159454345705,-8.396581390380845
4,637104,3,2025-01,-8.065759796142586,-3.071904953002928,-8.065759796142586
4,637104,3,2025-02,-7.623334442138685,-3.7214062347412096,-7.623334442138685
4,637104,3,2025-03,-2.785404769897468,-1.853813102722171,-2.785404769897468
4,637104,3,2025-04,-3.0684372100830046,-2.5945896301269613,-3.0684372100830046
4,637104,3,2025-05,-2.561029296875006,-2.197044242858894,-2.561029296875006
4,637104,3,2025-06,-3.2733536376953225,1.796823600769045,-3.2733536376953225
4,637104,3,2025-07,-2.9576521453857367,1.9875696945190526,-2.9576521453857367
4,637104,3,2025-08,-3.7261951446533317,0.7778013305664047,-3.7261951446533317
4,637104,3,2025-09,-3.6509011230468786,0.4468397750854507,-3.6509011230468786
4,637104,3,2025-10,-4.796846298217787,-1.525132858276379,-4.796846298217787
4,637104,3,2025-11,-5.686216415405283,-3.02601612091064,-5.686216415405283
4,637104,3,2025-12,-8.23460488891601,-4.6222882690429685,-8.23460488891601
4,637104,3,2026-01,-7.31288691711427,-4.29425318145752,-7.31288691711427
4,637104,3,2026-02,-8.237669357299794,-4.716596298217766,-8.237669357299794
5,637105,0,2023-02,-5.324276390075681,-3.6335133895873923,-5.324276390075681
5,637105,0,2023-03,-6.299826141357414,-3.1028857841491657,-6.299826141357414
5,637105,0,2023-04,-4.785565719604492,-2.2186033973693853,-4.785565719604492
5,637105,0,2023-05,-4.264580482482913,-0.9488768424987768,-4.264580482482913
5,637105,0,2023-06,-4.33114279174805,0.4182708282470742,-4.33114279174805
5,637105,0,2023-07,-1.8221232986450246,1.0025038490295373,-1.8221232986450246
5,637105,0,2023-08,-5.106506896972661,0.09921018218993538,-5.106506896972661
5,637105,0,2023-09,-3.286876739501963,4.465234130859386,-3.286876739501963
5,637105,0,2023-10,-7.6933234558105426,-0.34993603897095227,-7.6933234558105426
5,637105,0,2023-11,-6.088228988647458,-3.2860225982666122,-6.088228988647458
5,637105,0,2023-12,-7.334535385131829,-5.291331718444823,-7.334535385131829
5,637105,0,2024-01,-7.572445426940931,-3.294734100341799,-7.572445426940931
5,637105,0,2024-03,-2.6461537628173915,-2.896938217163097,-2.896938217163097
5,637105,0,2024-04,-1.3852233276367087,-4.547280548095699,-4.547280548095699
5,637105,0,2024-05,-2.367620124816895,-0.7249200744628865,-2.367620124816895
5,637105,0,2024-07,-10.08312477874756,2.830540306091308,-10.08312477874756
5,637105,0,2024-08,-5.299615722656242,0.8824566116333017,-5.299615722656242
5,637105,0,2024-09,-3.3156028823852495,1.6443744659423771,-3.3156028823852495
5,637105,0,2024-10,-3.5763409118652305,-0.3919731597900409,-3.5763409118652305
5,637105,0,2024-11,-8.211534820556636,-4.031881561279306,-8.211534820556636
5,637105,0,2024-12,-8.391981857299811,-2.0047612304687448,-8.391981857299811
5,637105,0,2025-01,-8.015485000610354,-3.115208175659177,-8.015485000610354
5,637105,0,2025-02,-7.6134641418456965,-3.7068790435791072,-7.6134641418456965
5,637105,0,2025-03,-2.754811630249037,-1.839026191711426,-2.754811630249037
5,637105,0,2025-04,-3.0512056045532177,-2.5714566574096693,-3.0512056045532177
5,637105,0,2025-05,-2.5892338562011616,-2.2061520538330086,-2.5892338562011616
5,637105,0,2025-06,-3.255789863586429,1.7385533218383813,-3.255789863586429
5,637105,0,2025-07,-2.975644363403319,1.941099555969231,-2.975644363403319
5,637105,0,2025-08,-3.761211898803708,0.7334695358276377,-3.761211898803708
5,637105,0,2025-09,-3.6787970275879047,0.4661303024291925,-3.6787970275879047
5,637105,0,2025-10,-4.814659317016606,-1.5547119445800774,-4.814659317016606
5,637105,0,2025-11,-5.690208633422856,-3.0488549423217677,-5.690208633422856
5,637105,0,2025-12,-8.184944656372068,-4.605426773071287,-8.184944656372068
5,637105,0,2026-01,-7.342933227539049,-4.306295082092291,-7.342933227539049
5,637105,0,2026-02,-8.253362884521493,-4.7349160461425726,-8.253362884521493
5,637105,1,2023-02,-5.416138217926019,-3.6509291496276717,-5.416138217926019
5,637105,1,2023-03,-6.380752105712901,-3.0792265205383273,-6.380752105712901
5,637105,1,2023-04,-4.890251243591308,-2.313617904663083,-4.890251243591308
5,637105,1,2023-05,-4.310256614685059,-1.0367975044250528,-4.310256614685059
5,637105,1,2023-06,-4.380058982849107,0.4202773971557576,-4.380058982849107
5,637105,1,2023-07,-1.819281120300289,0.9947984046936043,-1.819281120300289
5,637105,1,2023-08,-5.14401428222655,0.062185012817380425,-5.14401428222655
5,637105,1,2023-09,-3.3273178634643443,4.418796577453605,-3.3273178634643443
5,637105,1,2023-10,-7.6948068923950075,-0.37557711029052143,-7.6948068923950075
5,637105,1,2023-11,-6.099498161315921,-3.297334182739263,-6.099498161315921
5,637105,1,2023-12,-7.347264457702636,-5.249492214202874,-7.347264457702636
5,637105,1,2024-01,-7.62332929229737,-3.339572769165045,-7.62332929229737
5,637105,1,2024-03,-2.6456167907714985,-2.903253669738774,-2.903253669738774
5,637105,1,2024-04,-1.404756698608395,-4.563931076049812,-4.563931076049812
5,637105,1,2024-05,-2.368914337158202,-0.7658906097412199,-2.368914337158202
5,637105,1,2024-07,-10.097347068786632,2.822461395263673,-10.097347068786632
5,637105,1,2024-08,-5.288489013671864,0.8807607574462963,-5.288489013671864
5,637105,1,2024-09,-3.298308868408199,1.6666618652343743,-3.298308868408199
5,637105,1,2024-10,-3.570267227172849,-0.39254722595214275,-3.570267227172849
5,637105,1,2024-11,-8.209665390014635,-4.015566482543946,-8.209665390014635
5,637105,1,2024-12,-8.422176574707038,-1.994467010498056,-8.422176574707038
5,637105,1,2025-01,-8.043822761535637,-3.098880401611325,-8.043822761535637
5,637105,1,2025-02,-7.657848983764637,-3.747798385620115,-7.657848983764637
5,637105,1,2025-03,-2.819415176391601,-1.8641060333252,-2.819415176391601
5,637105,1,2025-04,-3.076883666992188,-2.5909993667602436,-3.076883666992188
5,637105,1,2025-05,-2.625528015136723,-2.2442263641357556,-2.625528015136723
5,637105,1,2025-06,-3.2567761154174804,1.780212600708012,-3.2567761154174804
5,637105,1,2025-07,-2.966749572753912,1.9471556167602557,-2.966749572753912
5,637105,1,2025-08,-3.7217331695556766,0.7776148376464818,-3.7217331695556766
5,637105,1,2025-09,-3.640384628295891,0.44944867706297487,-3.640384628295891
5,637105,1,2025-10,-4.784320098876947,-1.5497281951904256,-4.784320098876947
5,637105,1,2025-11,-5.628568649291992,-3.031995086669923,-5.628568649291992
5,637105,1,2025-12,-8.195922180175785,-4.610117179870599,-8.195922180175785
5,637105,1,2026-01,-7.309225982666021,-4.278112945556643,-7.309225982666021
5,637105,1,2026-02,-8.291863273620592,-4.760085540771485,-8.291863273620592
5,637105,2,2023-02,-2.675848693847655,-1.501782684326173,-2.675848693847655
5,637105,2,2023-03,-3.52609320068359,-1.564547286987306,-3.52609320068359
5,637105,2,2023-04,-3.4507597579955984,-0.8560119705200293,-3.4507597579955984
5,637105,2,2023-05,-3.2501753692627062,0.36946681976318985,-3.2501753692627062
5,637105,2,2023-06,-3.3760656738281227,0.8250120620727586,-3.3760656738281227
5,637105,2,2023-07,-1.1974189224243048,1.5969914207458373,-1.1974189224243048
5,637105,2,2023-08,-3.941941062927242,0.7770878219604356,-3.941941062927242
5,637105,2,2023-09,-2.6412761077880873,4.9221361694336,-2.6412761077880873
5,637105,2,2023-10,-4.0847170104980535,-0.4220564727783227,-4.0847170104980535
5,637105,2,2023-11,-2.8716352539062484,-0.8618538360595664,-2.8716352539062484
5,637105,2,2023-12,-2.9080155792236297,-1.3591668395996095,-2.9080155792236297
5,637105,2,2024-01,-3.623076133728034,-0.6449483947753833,-3.623076133728034
5,637105,2,2024-03,-0.6417762145996164,-1.270522834777836,-1.270522834777836
5,637105,2,2024-04,-0.12142074584960483,-2.8672027587890625,-2.8672027587890625
5,637105,2,2024-05,-1.7424396514892493,-0.3477775573730497,-1.7424396514892493
5,637105,2,2024-07,-9.66699011993407,3.1599024353027403,-9.66699011993407
5,637105,2,2024-08,-4.182605010986336,1.4945882263183563,-4.182605010986336
5,637105,2,2024-09,-2.88828993225097,1.900508026123049,-2.88828993225097
5,637105,2,2024-10,-2.6543922882080153,0.19424740600587143,-2.6543922882080153
5,637105,2,2024-11,-4.674664932250977,-1.191504470825194,-4.674664932250977
5,637105,2,2024-12,-4.815325759887685,0.7883635864257883,-4.815325759887685
5,637105,2,2025-01,-3.37002025604248,-0.7179356231689553,-3.37002025604248
5,637105,2,2025-02,-4.6164806213378995,-1.6676646575927805,-4.6164806213378995
5,637105,2,2025-03,-1.0636690673828184,-0.4564047698974605,-1.0636690673828184
5,637105,2,2025-04,-1.7022480697631863,-1.257015495300294,-1.7022480697631863
5,637105,2,2025-05,-2.0367733001708928,-1.2857654800415048,-2.0367733001708928
5,637105,2,2025-06,-2.585211387634274,2.138913665771483,-2.585211387634274
5,637105,2,2025-07,-2.1904883651733513,2.602370330810544,-2.1904883651733513
5,637105,2,2025-08,-2.9841132812499893,1.5221302795410168,-2.9841132812499893
5,637105,2,2025-09,-2.5700454711914062,1.312368743896485,-2.5700454711914062
5,637105,2,2025-10,-2.5028322143554647,-0.12802525329590253,-2.5028322143554647
5,637105,2,2025-11,-3.078048690795896,-0.7135190811157202,-3.078048690795896
5,637105,2,2025-12,91.18933654785157,84.78938903045655,84.78938903045655
5,637105,2,2026-01,-3.4512505035400523,-0.7141402053833019,-3.4512505035400523
5,637105,2,2026-02,-4.727180175781243,-2.12829724884034,-4.727180175781243
5,637105,3,2023-02,-5.36987685394287,-3.681471248626707,-5.36987685394287
5,637105,3,2023-03,-6.345117835998536,-3.1136952400207605,-6.345117835998536
5,637105,3,2023-04,-4.830986763000482,-2.2646908073425323,-4.830986763000482
5,637105,3,2023-05,-4.288273139953617,-0.9660034523010239,-4.288273139953617
5,637105,3,2023-06,-4.3295310821533235,0.41150135040282976,-4.3295310821533235
5,637105,3,2023-07,-1.804696006774904,0.9938575134277343,-1.804696006774904
5,637105,3,2023-08,-5.239455940246586,-0.002350181579586774,-5.239455940246586
5,637105,3,2023-09,-3.3415438537597595,4.408864685058603,-3.3415438537597595
5,637105,3,2023-10,-7.66422400665283,-0.36419041442870537,-7.66422400665283
5,637105,3,2023-11,-6.086340576171878,-3.293239898681634,-6.086340576171878
5,637105,3,2023-12,-7.347114028930662,-5.271791633605957,-7.347114028930662
5,637105,3,2024-01,-7.6011604080200215,-3.2959277038574157,-7.6011604080200215
5,637105,3,2024-03,-2.6867321777343705,-2.898706840515132,-2.898706840515132
5,637105,3,2024-04,-1.4043875274658149,-4.566720916748039,-4.566720916748039
5,637105,3,2024-05,-2.411341438293462,-0.7979361648559546,-2.411341438293462
5,637105,3,2024-07,-10.074595550537097,2.8306655502319416,-10.074595550537097
5,637105,3,2024-08,-5.298978797912611,0.8869570617675748,-5.298978797912611
5,637105,3,2024-09,-3.337361938476562,1.6286381072997926,-3.337361938476562
5,637105,3,2024-10,-3.553018341064444,-0.37219590759278276,-3.553018341064444
5,637105,3,2024-11,-8.225983947753917,-4.047102165222171,-8.225983947753917
5,637105,3,2024-12,-8.42004788208007,-1.9879201812744043,-8.42004788208007
5,637105,3,2025-01,-8.105271591186522,-3.116418701171881,-8.105271591186522
5,637105,3,2025-02,-7.649351104736326,-3.74415325927734,-7.649351104736326
5,637105,3,2025-03,-2.8361986389160165,-1.8812267608642657,-2.8361986389160165
5,637105,3,2025-04,-3.0874093551635724,-2.6215072174072276,-3.0874093551635724
5,637105,3,2025-05,-2.5274014739990207,-2.203397911071775,-2.5274014739990207
5,637105,3,2025-06,-3.2751569290161058,1.7398469161987293,-3.2751569290161058
5,637105,3,2025-07,-2.9687477569580096,1.9488238830566473,-2.9687477569580096
5,637105,3,2025-08,-3.704711273193368,0.8037727279663045,-3.704711273193368
5,637105,3,2025-09,-3.6354676666259707,0.4485240097045988,-3.6354676666259707
5,637105,3,2025-10,-4.8253172760009875,-1.5676038208007697,-4.8253172760009875
5,637105,3,2025-11,-5.697231430053705,-3.0496798553466817,-5.697231430053705
5,637105,3,2025-12,-8.20838102722169,-4.610912635803217,-8.20838102722169
5,637105,3,2026-01,-7.329080062866211,-4.313795570373543,-7.329080062866211
5,637105,3,2026-02,-8.284322875976557,-4.7472510833740245,-8.284322875976557
6,637106,0,2023-02,-5.269398586273198,-3.5884603958129873,-5.269398586273198
6,637106,0,2023-03,-6.318073150634774,-3.091706123352054,-6.318073150634774
6,637106,0,2023-04,-4.779640632629395,-2.199157299041744,-4.779640632629395
6,637106,0,2023-05,-4.23701524353028,-0.9299606285095194,-4.23701524353028
6,637106,0,2023-06,-4.335670074462882,0.42336739349364905,-4.335670074462882
6,637106,0,2023-07,-1.8008134307861354,1.0304369430541982,-1.8008134307861354
6,637106,0,2023-08,-5.111948570251457,0.10375522613524879,-5.111948570251457
6,637106,0,2023-09,-3.3146635742187414,4.442877166748048,-3.3146635742187414
6,637106,0,2023-10,-7.6134393615722615,-0.29609336090088334,-7.6134393615722615
6,637106,0,2023-11,-6.086346580505378,-3.297182907104485,-6.086346580505378
6,637106,0,2023-12,-7.312744979858394,-5.276578243255614,-7.312744979858394
6,637106,0,2024-01,-7.5952364807128845,-3.3181992492675647,-7.5952364807128845
6,637106,0,2024-03,-2.5800391082763667,-2.8964519042968675,-2.8964519042968675
6,637106,0,2024-04,-1.3754441223144624,-4.519861557006834,-4.519861557006834
6,637106,0,2024-05,-2.3823190460205126,-0.7212078781127929,-2.3823190460205126
6,637106,0,2024-07,-10.073987586975093,2.877156044006341,-10.073987586975093
6,637106,0,2024-08,-5.309430671691899,0.8801067581176767,-5.309430671691899
6,637106,0,2024-09,-3.301080680847164,1.666125350952143,-3.301080680847164
6,637106,0,2024-10,-3.5203135375976444,-0.3456503753662048,-3.5203135375976444
6,637106,0,2024-11,-8.213971817016613,-4.0313596115112205,-8.213971817016613
6,637106,0,2024-12,-8.383708526611315,-2.021500549316414,-8.383708526611315
6,637106,0,2025-01,-8.051159080505371,-3.1106977996826117,-8.051159080505371
6,637106,0,2025-02,-7.493787811279304,-3.6310763854980337,-7.493787811279304
6,637106,0,2025-03,-2.783050445556654,-1.8424305496215823,-2.783050445556654
6,637106,0,2025-04,-3.023749046325676,-2.519432807922371,-3.023749046325676
6,637106,0,2025-05,-2.5576507720947177,-2.1991506423950113,-2.5576507720947177
6,637106,0,2025-06,-3.251488334655761,1.7752406311035145,-3.251488334655761
6,637106,0,2025-07,-2.9720775604248075,1.957602607727054,-2.9720775604248075
6,637106,0,2025-08,-3.7329843902587925,0.7812355575561583,-3.7329843902587925
6,637106,0,2025-09,-3.630367904663075,0.435072937011725,-3.630367904663075
6,637106,0,2025-10,-4.780067977905276,-1.5376834411621019,-4.780067977905276
6,637106,0,2025-11,-5.663771026611329,-3.0126138992309563,-5.663771026611329
6,637106,0,2025-12,-8.213226585388185,-4.629103553771984,-8.213226585388185
6,637106,0,2026-01,-7.297485229492196,-4.277248580932621,-7.297485229492196
6,637106,0,2026-02,-8.240319671630857,-4.74841482543944,-8.240319671630857
6,637106,1,2023-02,-3.3429302978515523,-2.043420608520506,-3.3429302978515523
6,637106,1,2023-03,-4.407472412109371,-2.076688262939456,-4.407472412109371
6,637106,1,2023-04,-3.790435661315911,-1.2037094001769901,-3.790435661315911
6,637106,1,2023-05,-3.3799427947998026,0.05329001998902072,-3.3799427947998026
6,637106,1,2023-06,-3.599097534179691,0.7334728927612275,-3.599097534179691
6,637106,1,2023-07,-1.2758713226318434,1.552189636230466,-1.2758713226318434
6,637106,1,2023-08,-4.2152177429199185,0.6060131149291976,-4.2152177429199185
6,637106,1,2023-09,-2.7338052673339917,4.934160034179683,-2.7338052673339917
6,637106,1,2023-10,-6.136620819091803,-0.33302260589599086,-6.136620819091803
6,637106,1,2023-11,-4.389848724365237,-1.7713431854247972,-4.389848724365237
6,637106,1,2023-12,-5.123878570556641,-3.093480659484868,-5.123878570556641
6,637106,1,2024-01,-5.657869575500499,-1.580334609985357,-5.657869575500499
6,637106,1,2024-03,-1.2395472259521512,-1.7119043884277403,-1.7119043884277403
6,637106,1,2024-04,-0.4962625885009686,-3.3150086059570185,-3.3150086059570185
6,637106,1,2024-05,-1.609190444946293,-0.24076842498779172,-1.609190444946293
6,637106,1,2024-07,-9.77960110473633,3.100231109619145,-9.77960110473633
6,637106,1,2024-08,-4.520566848754882,1.2587692337036174,-4.520566848754882
6,637106,1,2024-09,-2.9939635238647497,1.8917009735107513,-2.9939635238647497
6,637106,1,2024-10,-3.2411379699707084,0.06581375122070199,-3.2411379699707084
6,637106,1,2024-11,-6.332399673461907,-2.1450464859008775,-6.332399673461907
6,637106,1,2024-12,-6.69480332946776,-0.5402754821777478,-6.69480332946776
6,637106,1,2025-01,-5.315470664978022,-1.6948515930175745,-5.315470664978022
6,637106,1,2025-02,-5.698730270385738,-2.3738865051269613,-5.698730270385738
6,637106,1,2025-03,-1.699919143676766,-0.8443373565673795,-1.699919143676766
6,637106,1,2025-04,-2.0855987396240323,-1.6334096527099575,-2.0855987396240323
6,637106,1,2025-05,-2.080653900146473,-1.4437311782836986,-2.080653900146473
6,637106,1,2025-06,-2.6925028610229447,2.0321329650878823,-2.6925028610229447
6,637106,1,2025-07,-2.407141090393054,2.444069107055654,-2.407141090393054
6,637106,1,2025-08,-3.197772399902334,1.3066044235229555,-3.197772399902334
6,637106,1,2025-09,-2.8176524353027332,1.0461954421997035,-2.8176524353027332
6,637106,1,2025-10,-3.843550430297853,-0.4262543029785206,-3.843550430297853
6,637106,1,2025-11,-4.232416229248059,-1.7519659576416018,-4.232416229248059
6,637106,1,2025-12,-6.022024238586425,-2.725294357299802,-6.022024238586425
6,637106,1,2026-01,-5.388367340087882,-2.3345781097412157,-5.388367340087882
6,637106,1,2026-02,89.92657522583008,83.37369953155518,83.37369953155518
6,637106,2,2023-02,-2.472525604248048,-1.3774293441772443,-2.472525604248048
6,637106,2,2023-03,-3.3111816253662028,-1.4250360107421898,-3.3111816253662028
6,637106,2,2023-04,-3.3599874572753947,-0.7602779006957974,-3.3599874572753947
6,637106,2,2023-05,-3.078266685485829,0.5369326477050862,-3.078266685485829
6,637106,2,2023-06,-3.1853781890869186,0.840422615051267,-3.1853781890869186
6,637106,2,2023-07,-1.2003447341919014,1.5941054840087787,-1.2003447341919014
6,637106,2,2023-08,-3.7585940170287984,0.8623125915527226,-3.7585940170287984
6,637106,2,2023-09,-2.5776740875244,4.937916152954102,-2.5776740875244
6,637106,2,2023-10,-3.931643753051759,-0.3870480995178127,-3.931643753051759
6,637106,2,2023-11,-2.796238327026373,-0.918008361816419,-2.796238327026373
6,637106,2,2023-12,-2.817317916870124,-1.301391662597652,-2.817317916870124
6,637106,2,2024-01,-3.4833491134643424,-0.550484512329092,-3.4833491134643424
6,637106,2,2024-03,-0.4194884948730362,-1.170491165161124,-1.170491165161124
6,637106,2,2024-04,0.04869520568848884,-2.6730980377197398,-2.6730980377197398
6,637106,2,2024-05,-1.6264797515869134,-0.2659799804687424,-1.6264797515869134
6,637106,2,2024-07,-9.546450546264651,3.284017532348628,-9.546450546264651
6,637106,2,2024-08,-4.121395294189455,1.4704434127807673,-4.121395294189455
6,637106,2,2024-09,-2.8931387100219723,1.9053588714599528,-2.8931387100219723
6,637106,2,2024-10,-2.584678558349623,0.24724093627929733,-2.584678558349623
6,637106,2,2024-11,-4.658649673461923,-1.2389945678710887,-4.658649673461923
6,637106,2,2024-12,-4.699154785156253,0.987425338745112,-4.699154785156253
6,637106,2,2025-01,-3.127794662475594,-0.5389455413818496,-3.127794662475594
6,637106,2,2025-02,-4.378644577026364,-1.50181590270995,-4.378644577026364
6,637106,2,2025-03,-0.8866677246093673,-0.41864962768553937,-0.8866677246093673
6,637106,2,2025-04,-1.489033843994136,-1.0430094909667957,-1.489033843994136
6,637106,2,2025-05,-1.8879757385253981,-1.2043458709716788,-1.8879757385253981
6,637106,2,2025-06,-2.504060035705564,2.119286277770996,-2.504060035705564
6,637106,2,2025-07,-2.195196289062494,2.6177256698608318,-2.195196289062494
6,637106,2,2025-08,-2.990810409545901,1.5220912017822315,-2.990810409545901
6,637106,2,2025-09,-2.5426677398681647,1.3441297302246085,-2.5426677398681647
6,637106,2,2025-10,-2.46580265808106,0.049925369262695085,-2.46580265808106
6,637106,2,2025-11,-3.164175125122057,-0.6542088394164978,-3.164175125122057
6,637106,2,2025-12,-2.643552078247069,-1.0923413162231412,-2.643552078247069
6,637106,2,2026-01,90.04762393188477,85.14790910339356,85.14790910339356
6,637106,2,2026-02,-4.528389778137196,-1.994643768310553,-4.528389778137196
6,637106,3,2023-02,-5.316179172515859,-3.618535816192619,-5.316179172515859
6,637106,3,2023-03,-6.332581764221203,-3.115585510253908,-6.332581764221203
6,637106,3,2023-04,-4.872700157165525,-2.2911872787475573,-4.872700157165525
6,637106,3,2023-05,-4.287742744445808,-0.9487830924987719,-4.287742744445808
6,637106,3,2023-06,-4.337120819091794,0.40671447753906875,-4.337120819091794
6,637106,3,2023-07,-1.8489797439575142,0.9647406234741212,-1.8489797439575142
6,637106,3,2023-08,-5.15026236724853,0.11897378540038517,-5.15026236724853
6,637106,3,2023-09,-3.333714233398439,4.427615821838373,-3.333714233398439
6,637106,3,2023-10,-7.700450782775874,-0.3699973144531157,-7.700450782775874
6,637106,3,2023-11,-6.117146392822264,-3.33196080017089,-6.117146392822264
6,637106,3,2023-12,-7.315956001281748,-5.297671722412105,-7.315956001281748
6,637106,3,2024-01,-7.6141502609253,-3.3144001007080135,-7.6141502609253
6,637106,3,2024-03,-2.6247426910400407,-2.8925852355957034,-2.8925852355957034
6,637106,3,2024-04,-1.3945224456787173,-4.527316131591789,-4.527316131591789
6,637106,3,2024-05,-2.3700355377197297,-0.7258357543945237,-2.3700355377197297
6,637106,3,2024-07,-10.146986633300784,2.7809627227783267,-10.146986633300784
6,637106,3,2024-08,-5.283154365539545,0.9029432067871141,-5.283154365539545
6,637106,3,2024-09,-3.3000182952880834,1.6661742095947147,-3.3000182952880834
6,637106,3,2024-10,-3.612392990112312,-0.44906602478027935,-3.612392990112312
6,637106,3,2024-11,-8.245805892944333,-4.030573257446292,-8.245805892944333
6,637106,3,2024-12,-8.37383494567871,-2.025291275024415,-8.37383494567871
6,637106,3,2025-01,-8.035284477233887,-3.127186264038073,-8.035284477233887
6,637106,3,2025-02,-7.580413726806654,-3.698791213989267,-7.580413726806654
6,637106,3,2025-03,-2.7539667816162137,-1.8199505004882894,-2.7539667816162137
6,637106,3,2025-04,-3.072052558898932,-2.567220359802249,-3.072052558898932
6,637106,3,2025-05,-2.618660064697252,-2.223882789611821,-2.618660064697252
6,637106,3,2025-06,-3.2419711837768546,1.7828980941772556,-3.2419711837768546
6,637106,3,2025-07,-2.9429502868652264,1.9794919815063565,-2.9429502868652264
6,637106,3,2025-08,-3.740640197753919,0.761113265991213,-3.740640197753919
6,637106,3,2025-09,-3.6382539520263606,0.427079551696778,-3.6382539520263606
6,637106,3,2025-10,-4.788168228149402,-1.5310724487304697,-4.788168228149402
6,637106,3,2025-11,-5.686074508666991,-3.0298258514404353,-5.686074508666991
6,637106,3,2025-12,-8.216750419616702,-4.618262695312495,-8.216750419616702
6,637106,3,2026-01,-7.300586227417,-4.269622970581054,-7.300586227417
6,637106,3,2026-02,-8.25852739715576,-4.72787924194337,-8.25852739715576
7,637107,0,2023-02,-5.400265094757074,-3.6394516868591182,-5.400265094757074
7,637107,0,2023-03,-6.3826709442138565,-3.1235299797058076,-6.3826709442138565
7,637107,0,2023-04,-4.8220952987670955,-2.249075778961185,-4.8220952987670955
7,637107,0,2023-05,-4.334257713317868,-0.9574261283874392,-4.334257713317868
7,637107,0,2023-06,-4.350702110290527,0.39314247894287746,-4.350702110290527
7,637107,0,2023-07,-1.826452720642095,0.997678924560546,-1.826452720642095
7,637107,0,2023-08,-5.06146697998048,0.11857526397704987,-5.06146697998048
7,637107,0,2023-09,-3.2837506561279213,4.471582946777346,-3.2837506561279213
7,637107,0,2023-10,-7.720034820556634,-0.30461848449708384,-7.720034820556634
7,637107,0,2023-11,-6.112948905944819,-3.3098706665039117,-6.112948905944819
7,637107,0,2023-12,-7.35917486572265,-5.272852783203135,-7.35917486572265
7,637107,0,2024-01,-7.629295532226564,-3.337673583984383,-7.629295532226564
7,637107,0,2024-03,-2.6173381347656175,-2.887678451538079,-2.887678451538079
7,637107,0,2024-04,-1.3666824493408285,-4.499130142211925,-4.499130142211925
7,637107,0,2024-05,-2.370959236145012,-0.6928017349243163,-2.370959236145012
7,637107,0,2024-07,-10.102497856140133,2.8330678329467673,-10.102497856140133
7,637107,0,2024-08,-5.3097382583618185,0.8896021041870199,-5.3097382583618185
7,637107,0,2024-09,-3.2762399444579984,1.6854160156250089,-3.2762399444579984
7,637107,0,2024-10,-3.5509375610351697,-0.3703460388183544,-3.5509375610351697
7,637107,0,2024-11,-8.25059385681152,-4.093142417907714,-8.25059385681152
7,637107,0,2024-12,-8.43734835815431,-2.061498107910154,-8.43734835815431
7,637107,0,2025-01,-8.12761795806884,-3.137044418334966,-8.12761795806884
7,637107,0,2025-02,-7.603833496093756,-3.6973836517333893,-7.603833496093756
7,637107,0,2025-03,-2.800853363037106,-1.8533438491821386,-2.800853363037106
7,637107,0,2025-04,-3.0232831268310463,-2.5158175964355536,-3.0232831268310463
7,637107,0,2025-05,-2.579311584472663,-2.214451087951659,-2.579311584472663
7,637107,0,2025-06,-3.2579550247192373,1.7901436920165992,-3.2579550247192373
7,637107,0,2025-07,-2.936707283020013,1.9495134735107484,-2.936707283020013
7,637107,0,2025-08,-3.6995117187499886,0.8023833847045836,-3.6995117187499886
7,637107,0,2025-09,-3.616963302612305,0.471061370849597,-3.616963302612305
7,637107,0,2025-10,-4.819587829589835,-1.548535171508803,-4.819587829589835
7,637107,0,2025-11,-5.706307723999032,-3.0248049392700267,-5.706307723999032
7,637107,0,2025-12,-8.207768470764151,-4.635647590637205,-8.207768470764151
7,637107,0,2026-01,-7.333568313598619,-4.302017189025875,-7.333568313598619
7,637107,0,2026-02,-8.297049339294446,-4.725719596862788,-8.297049339294446
7,637107,1,2023-02,-5.329783626556392,-3.6348156547546466,-5.329783626556392
7,637107,1,2023-03,-6.375183952331554,-3.112291088104257,-6.375183952331554
7,637107,1,2023-04,-4.893445846557611,-2.3167718429565483,-4.893445846557611
7,637107,1,2023-05,-4.305156547546389,-0.9682427558898894,-4.305156547546389
7,637107,1,2023-06,-4.342319931030261,0.4177630462646533,-4.342319931030261
7,637107,1,2023-07,-1.797351448059075,0.9857587242126442,-1.797351448059075
7,637107,1,2023-08,-5.163279670715326,0.06550904083252362,-5.163279670715326
7,637107,1,2023-09,-3.320465560913078,4.440010269165043,-3.320465560913078
7,637107,1,2023-10,-7.674869018554688,-0.33030065536499364,-7.674869018554688
7,637107,1,2023-11,-6.101274383544933,-3.3102092285156175,-6.101274383544933
7,637107,1,2023-12,-7.308395736694337,-5.277370464324946,-7.308395736694337
7,637107,1,2024-01,-7.593181900024405,-3.3100919952392474,-7.593181900024405
7,637107,1,2024-03,-2.6060118255615237,-2.9033849487304764,-2.9033849487304764
7,637107,1,2024-04,-1.3809064025878968,-4.54231959533692,-4.54231959533692
7,637107,1,2024-05,-2.3970786285400294,-0.7667963180542046,-2.3970786285400294
7,637107,1,2024-07,-10.126632972717275,2.776850738525397,-10.126632972717275
7,637107,1,2024-08,-5.269190437316894,0.9219154968261734,-5.269190437316894
7,637107,1,2024-09,-3.308136665344236,1.6591702270507938,-3.308136665344236
7,637107,1,2024-10,-3.561453536987301,-0.38200805664061477,-3.561453536987301
7,637107,1,2024-11,-8.223229293823238,-4.0263389434814485,-8.223229293823238
7,637107,1,2024-12,-8.413310195922861,-2.029512084960942,-8.413310195922861
7,637107,1,2025-01,-8.024989562988281,-3.1107107391357545,-8.024989562988281
7,637107,1,2025-02,-7.6153173675537005,-3.7203111267089923,-7.6153173675537005
7,637107,1,2025-03,-2.769295135498055,-1.8364747238159254,-2.769295135498055
7,637107,1,2025-04,-3.0578237380981506,-2.5695978775024315,-3.0578237380981506
7,637107,1,2025-05,-2.6223179473876996,-2.25450776672362,-2.6223179473876996
7,637107,1,2025-06,-3.232872703552246,1.762440536499028,-3.232872703552246
7,637107,1,2025-07,-2.9455149917602483,1.9586240386962857,-2.9455149917602483
7,637107,1,2025-08,-3.7385556335449337,0.7544329071044871,-3.7385556335449337
7,637107,1,2025-09,-3.650980834960933,0.48006330871581326,-3.650980834960933
7,637107,1,2025-10,-4.824827178955076,-1.544079055786142,-4.824827178955076
7,637107,1,2025-11,-5.681247192382813,-3.0340097198486404,-5.681247192382813
7,637107,1,2025-12,-8.162851531982426,-4.567446250915523,-8.162851531982426
7,637107,1,2026-01,-7.311515090942379,-4.262715820312508,-7.311515090942379
7,637107,1,2026-02,-8.318348960876463,-4.72221443939209,-8.318348960876463
7,637107,2,2023-02,-5.360424243927,-3.6646598243713413,-5.360424243927
7,637107,2,2023-03,-6.383364982604974,-3.0989462509155175,-6.383364982604974
7,637107,2,2023-04,-4.882417984008782,-2.306474792480465,-4.882417984008782
7,637107,2,2023-05,-4.281314102172857,-1.0023279609680174,-4.281314102172857
7,637107,2,2023-06,-4.331192558288578,0.4181852493286158,-4.331192558288578
7,637107,2,2023-07,-1.8207516632080143,0.9867851791381881,-1.8207516632080143
7,637107,2,2023-08,-5.187952758789066,0.04619277191162041,-5.187952758789066
7,637107,2,2023-09,-3.358367126464856,4.39363337707519,-3.358367126464856
7,637107,2,2023-10,-7.661518447875977,-0.3580185623169001,-7.661518447875977
7,637107,2,2023-11,-6.148672660827643,-3.285199142456065,-6.148672660827643
7,637107,2,2023-12,-7.346087493896476,-5.300262718200685,-7.346087493896476
7,637107,2,2024-01,-7.5921676483154386,-3.2960243530273488,-7.5921676483154386
7,637107,2,2024-03,-2.6212014923095808,-2.84868165588378,-2.84868165588378
7,637107,2,2024-04,-1.4109080200195194,-4.573573501586907,-4.573573501586907
7,637107,2,2024-05,-2.3663473358154192,-0.7132083435058547,-2.3663473358154192
7,637107,2,2024-07,-10.166240242004392,2.7430320739746037,-10.166240242004392
7,637107,2,2024-08,-5.346685905456539,0.8449459304809608,-5.346685905456539
7,637107,2,2024-09,-3.299401512145991,1.6669976348877071,-3.299401512145991
7,637107,2,2024-10,-3.5735585937499934,-0.40162879943846974,-3.5735585937499934
7,637107,2,2024-11,-8.215220016479492,-3.9876566314697186,-8.215220016479492
7,637107,2,2024-12,-8.437996688842787,-1.99757257080077,-8.437996688842787
7,637107,2,2025-01,-8.029654548645013,-3.1062342529296814,-8.029654548645013
7,637107,2,2025-02,-7.628538360595712,-3.712257034301757,-7.628538360595712
7,637107,2,2025-03,-2.8381177368164003,-1.881409843444814,-2.8381177368164003
7,637107,2,2025-04,-3.074904479980475,-2.5946830749511633,-3.074904479980475
7,637107,2,2025-05,-2.5210505828857492,-2.2148647460937525,-2.5210505828857492
7,637107,2,2025-06,-3.272700660705567,1.7497446594238255,-3.272700660705567
7,637107,2,2025-07,-2.963752830505385,1.939986747741699,-2.963752830505385
7,637107,2,2025-08,-3.7727881774902414,0.7376568450927721,-3.7727881774902414
7,637107,2,2025-09,-3.6554575958251974,0.4293740234374894,-3.6554575958251974
7,637107,2,2025-10,-4.803046981811519,-1.5501353607177748,-4.803046981811519
7,637107,2,2025-11,-5.66579515075685,-3.0373162155151334,-5.66579515075685
7,637107,2,2025-12,-8.21834310150146,-4.612087005615237,-8.21834310150146
7,637107,2,2026-01,-7.298956665039071,-4.248578918457028,-7.298956665039071
7,637107,2,2026-02,-8.313266700744634,-4.726117538452144,-8.313266700744634
7,637107,3,2023-02,-3.3349065170287986,-2.0113085632324186,-3.3349065170287986
7,637107,3,2023-03,-4.4150764007568455,-2.1135216369628864,-4.4150764007568455
7,637107,3,2023-04,-3.8184125289917006,-1.2304684410095206,-3.8184125289917006
7,637107,3,2023-05,-3.3240491409301853,0.04824200057983319,-3.3240491409301853
7,637107,3,2023-06,-3.639045043945316,0.7781617202758753,-3.639045043945316
7,637107,3,2023-07,-1.2904158554077014,1.5519588203430175,-1.2904158554077014
7,637107,3,2023-08,-4.182387329101573,0.6506192398071278,-4.182387329101573
7,637107,3,2023-09,-2.8144432525634784,4.868620132446296,-2.8144432525634784
7,637107,3,2023-10,-6.0981817626953045,-0.3297402801513698,-6.0981817626953045
7,637107,3,2023-11,-4.367576934814451,-1.7189095306396496,-4.367576934814451
7,637107,3,2023-12,-5.099907417297359,-3.0765144119262686,-5.099907417297359
7,637107,3,2024-01,-5.635091583251963,-1.5940444641113345,-5.635091583251963
7,637107,3,2024-03,-1.2104492034912084,-1.7327123336792027,-1.7327123336792027
7,637107,3,2024-04,-0.485224624633787,-3.3052399597168005,-3.3052399597168005
7,637107,3,2024-05,-1.6747649459838811,-0.28095237731933764,-1.6747649459838811
7,637107,3,2024-07,-9.769001007080078,3.1153340988159215,-9.769001007080078
7,637107,3,2024-08,-4.483495811462404,1.3106908340454169,-4.483495811462404
7,637107,3,2024-09,-3.010130638122561,1.8842848815918103,-3.010130638122561
7,637107,3,2024-10,-3.2871982727050693,0.017507843017568803,-3.2871982727050693
7,637107,3,2024-11,-6.322037017822254,-2.1441370544433624,-6.322037017822254
7,637107,3,2024-12,-6.663343627929692,-0.5201738891601622,-6.663343627929692
7,637107,3,2025-01,-5.281544815063469,-1.6603029937744225,-5.281544815063469
7,637107,3,2025-02,-5.730217056274427,-2.398079925537104,-5.730217056274427
7,637107,3,2025-03,-1.5990122222900425,-0.8357897262573317,-1.5990122222900425
7,637107,3,2025-04,-2.0648519973754986,-1.5934441757202222,-2.0648519973754986
7,637107,3,2025-05,-2.095833801269521,-1.4487629394531325,-2.095833801269521
7,637107,3,2025-06,-2.67357869720459,2.062362136840818,-2.67357869720459
7,637107,3,2025-07,-2.415604942321778,2.4340179061889557,-2.415604942321778
7,637107,3,2025-08,-3.2065986328125007,1.2973979644775397,-3.2065986328125007
7,637107,3,2025-09,-2.798606628417957,1.0823737182617208,-2.798606628417957
7,637107,3,2025-10,-3.887863922119152,-0.44540251159668287,-3.887863922119152
7,637107,3,2025-11,-4.295023452758784,-1.7166906814575214,-4.295023452758784
7,637107,3,2025-12,-6.006692619323729,-2.6798091659545946,-6.006692619323729
7,637107,3,2026-01,-5.3856285400390504,-2.3193095855712897,-5.3856285400390504
7,637107,3,2026-02,90.07149136352538,83.55638919067383,83.55638919067383
8,637108,0,2023-02,-2.467493209838878,-1.3587310485839907,-2.467493209838878
8,637108,0,2023-03,-3.302444564819325,-1.427104713439931,-3.302444564819325
8,637108,0,2023-04,-3.3176424331664975,-0.7198988838195817,-3.3176424331664975
8,637108,0,2023-05,-3.048612640380867,0.5111097793579091,-3.048612640380867
8,637108,0,2023-06,-3.2295290069580176,0.8602723007202115,-3.2295290069580176
8,637108,0,2023-07,-1.2031394119262586,1.6042641525268522,-1.2031394119262586
8,637108,0,2023-08,-3.7985308303832994,0.8319597549438527,-3.7985308303832994
8,637108,0,2023-09,-2.6253176574707027,4.899582427978515,-2.6253176574707027
8,637108,0,2023-10,-3.889855453491208,-0.38332220458984523,-3.889855453491208
8,637108,0,2023-11,-2.7730455017089923,-0.9393216247558485,-2.7730455017089923
8,637108,0,2023-12,-2.7977628631591784,-1.2915145874023466,-2.7977628631591784
8,637108,0,2024-01,-3.485410766601561,-0.5469930572509725,-3.485410766601561
8,637108,0,2024-03,-0.4162302398681561,-1.166544410705555,-1.166544410705555
8,637108,0,2024-04,0.046789825439446986,-2.687466781616223,-2.687466781616223
8,637108,0,2024-05,-1.6154654388427758,-0.2877697219848727,-1.6154654388427758
8,637108,0,2024-07,-9.640951965332022,3.249851318359376,-9.640951965332022
8,637108,0,2024-08,-4.1548899002075075,1.4427999572753833,-4.1548899002075075
8,637108,0,2024-09,-2.9230148315429574,1.8734494171142444,-2.9230148315429574
8,637108,0,2024-10,-2.597700012207042,0.22398022460936318,-2.597700012207042
8,637108,0,2024-11,-4.689028366088877,-1.239085922241216,-4.689028366088877
8,637108,0,2024-12,-4.675407043457028,1.015290817260734,-4.675407043457028
8,637108,0,2025-01,-3.178821571350099,-0.5922495880126917,-3.178821571350099
8,637108,0,2025-02,-4.406647171020495,-1.5225923919677768,-4.406647171020495
8,637108,0,2025-03,-0.9454542236328223,-0.43222589111327636,-0.9454542236328223
8,637108,0,2025-04,-1.5343875961303723,-1.076230621337885,-1.5343875961303723
8,637108,0,2025-05,-1.8928406066894468,-1.1997538146972744,-1.8928406066894468
8,637108,0,2025-06,-2.557481071472168,2.108460441589358,-2.557481071472168
8,637108,0,2025-07,-2.1356163253784075,2.6747813110351473,-2.1356163253784075
8,637108,0,2025-08,-2.938476470947279,1.572571411132813,-2.938476470947279
8,637108,0,2025-09,-2.509432281494128,1.3709517593383822,-2.509432281494128
8,637108,0,2025-10,-2.481512954711917,0.0698957672119036,-2.481512954711917
8,637108,0,2025-11,-3.0613019256591656,-0.6374157562255789,-3.0613019256591656
8,637108,0,2025-12,-2.631780723571765,-1.0857552413940397,-2.631780723571765
8,637108,0,2026-01,90.17524560546875,85.30588529205322,85.30588529205322
8,637108,0,2026-02,-4.498529174804688,-1.9755537033081083,-4.498529174804688
8,637108,1,2023-02,-2.4242959594726585,-1.3339459686279298,-2.4242959594726585
8,637108,1,2023-03,-3.3244553070068434,-1.4437809295654347,-3.3244553070068434
8,637108,1,2023-04,-3.2556208343505944,-0.6610598640441907,-3.2556208343505944
8,637108,1,2023-05,-3.0521391296386753,0.5645370025634833,-3.0521391296386753
8,637108,1,2023-06,-3.149917709350575,0.8669792556762701,-3.149917709350575
8,637108,1,2023-07,-1.2191965408325132,1.5954428215026866,-1.2191965408325132
8,637108,1,2023-08,-3.7291647033691504,0.8722300033569468,-3.7291647033691504
8,637108,1,2023-09,-2.59439637756347,4.946380950927733,-2.59439637756347
8,637108,1,2023-10,-3.881429229736341,-0.37676883697510277,-3.881429229736341
8,637108,1,2023-11,-2.7779322433471663,-0.9094337158203132,-2.7779322433471663
8,637108,1,2023-12,-2.800689636230473,-1.2978029708862238,-2.800689636230473
8,637108,1,2024-01,-3.450549308776857,-0.528914321899407,-3.450549308776857
8,637108,1,2024-03,-0.4126970977783344,-1.1209526138305677,-1.1209526138305677
8,637108,1,2024-04,0.055894607543933716,-2.6657546844482454,-2.6657546844482454
8,637108,1,2024-05,-1.6025892257690515,-0.27338095092774495,-1.6025892257690515
8,637108,1,2024-07,-9.650145248413097,3.255676239013667,-9.650145248413097
8,637108,1,2024-08,-4.126299247741699,1.4719028549194348,-4.126299247741699
8,637108,1,2024-09,-2.877112991333007,1.9108076782226533,-2.877112991333007
8,637108,1,2024-10,-2.591549896240224,0.23449301147459778,-2.591549896240224
8,637108,1,2024-11,-4.652503784179686,-1.2136482467651462,-4.652503784179686
8,637108,1,2024-12,-4.6883608856201135,1.0210600891113302,-4.6883608856201135
8,637108,1,2025-01,-3.1501343841552796,-0.573313186645521,-3.1501343841552796
8,637108,1,2025-02,-4.363990158081066,-1.4981815948486314,-4.363990158081066
8,637108,1,2025-03,-0.8994744110107433,-0.4245866088867274,-0.8994744110107433
8,637108,1,2025-04,-1.4964371719360372,-1.0318938293457052,-1.4964371719360372
8,637108,1,2025-05,-1.8593218994140557,-1.1674769134521483,-1.8593218994140557
8,637108,1,2025-06,-2.5474019775390673,2.1147266769409185,-2.5474019775390673
8,637108,1,2025-07,-2.1617932586670037,2.614115959167492,-2.1617932586670037
8,637108,1,2025-08,-2.94888560485839,1.5606489715576117,-2.94888560485839
8,637108,1,2025-09,-2.5609164276123124,1.3206031188964715,-2.5609164276123124
8,637108,1,2025-10,-2.4620403137207063,0.1115332183837836,-2.4620403137207063
8,637108,1,2025-11,-3.1224909667968745,-0.6589867630004989,-3.1224909667968745
8,637108,1,2025-12,-2.6465483856201217,-1.1021229553222724,-2.6465483856201217
8,637108,1,2026-01,89.9558497467041,85.06897391510009,85.06897391510009
8,637108,1,2026-02,-4.514374710083004,-1.9877426605224713,-4.514374710083004
8,637108,2,2023-02,-5.3671620597839365,-3.643683361053462,-5.3671620597839365
8,637108,2,2023-03,-6.39783431243896,-3.065813037872303,-6.39783431243896
8,637108,2,2023-04,-4.908072235107426,-2.3337959632873506,-4.908072235107426
8,637108,2,2023-05,-4.328953346252447,-0.9657338180541899,-4.328953346252447
8,637108,2,2023-06,-4.312776161193852,0.4246887893676785,-4.312776161193852
8,637108,2,2023-07,-1.825875106811523,0.985033782958979,-1.825875106811523
8,637108,2,2023-08,-5.140085975646969,0.09744632720946811,-5.140085975646969
8,637108,2,2023-09,-3.342735374450683,4.408738441467278,-3.342735374450683
8,637108,2,2023-10,-7.731160003662097,-0.33864267349242994,-7.731160003662097
8,637108,2,2023-11,-6.136175971984869,-3.268593200683597,-6.136175971984869
8,637108,2,2023-12,-7.368098350524903,-5.2872215385437045,-7.368098350524903
8,637108,2,2024-01,-7.611116432189945,-3.3105964508056616,-7.611116432189945
8,637108,2,2024-03,-2.6236900482177816,-2.8871268997192487,-2.8871268997192487
8,637108,2,2024-04,-1.422609252929675,-4.575543823242185,-4.575543823242185
8,637108,2,2024-05,-2.370199462890625,-0.7451944122314558,-2.370199462890625
8,637108,2,2024-07,-10.090556785583487,2.8161101150512735,-10.090556785583487
8,637108,2,2024-08,-5.267805046081548,0.9234246215820292,-5.267805046081548
8,637108,2,2024-09,-3.2832321166992102,1.6999604339599728,-3.2832321166992102
8,637108,2,2024-10,-3.58408143615722,-0.41096136474610034,-3.58408143615722
8,637108,2,2024-11,-8.21012217712402,-3.9908166732788146,-8.21012217712402
8,637108,2,2024-12,-8.399041259765625,-2.0059472351074135,-8.399041259765625
8,637108,2,2025-01,-8.126867347717294,-3.1525942535400304,-8.126867347717294
8,637108,2,2025-02,-7.593908187866219,-3.693219680786143,-7.593908187866219
8,637108,2,2025-03,-2.814438720703123,-1.8644235305786054,-2.814438720703123
8,637108,2,2025-04,-3.0581609725952177,-2.569267173767088,-3.0581609725952177
8,637108,2,2025-05,-2.5749313964843736,-2.220127479553227,-2.5749313964843736
8,637108,2,2025-06,-3.2644161148071333,1.768117355346675,-3.2644161148071333
8,637108,2,2025-07,-2.9485875396728574,1.9612719650268673,-2.9485875396728574
8,637108,2,2025-08,-3.707203720092764,0.7909686660766511,-3.707203720092764
8,637108,2,2025-09,-3.612888122558587,0.404053215026849,-3.612888122558587
8,637108,2,2025-10,-4.808705459594734,-1.5502588653564544,-4.808705459594734
8,637108,2,2025-11,-5.726093292236328,-3.036720794677734,-5.726093292236328
8,637108,2,2025-12,-8.2260705947876,-4.621388877868654,-8.2260705947876
8,637108,2,2026-01,-7.329636871337897,-4.293694923400878,-7.329636871337897
8,637108,2,2026-02,-8.282591415405278,-4.709609710693371,-8.282591415405278
8,637108,3,2023-02,-5.355493057250982,-3.659586368560781,-5.355493057250982
8,637108,3,2023-03,-6.387428123474109,-3.0983166236877366,-6.387428123474109
8,637108,3,2023-04,-4.869965896606445,-2.2843565673828152,-4.869965896606445
8,637108,3,2023-05,-4.250471054077153,-0.9698482894897467,-4.250471054077153
8,637108,3,2023-06,-4.3207354125976565,0.43051640319824,-4.3207354125976565
8,637108,3,2023-07,-1.8266673049926823,0.9705800476074273,-1.8266673049926823
8,637108,3,2023-08,-5.170811569213868,0.0306450271606451,-5.170811569213868
8,637108,3,2023-09,-3.3187453308105432,4.425937377929699,-3.3187453308105432
8,637108,3,2023-10,-7.787574417114257,-0.34297070312499045,-7.787574417114257
8,637108,3,2023-11,-6.089909477233888,-3.3008957824706897,-6.089909477233888
8,637108,3,2023-12,-7.327238967895497,-5.304612602233874,-7.327238967895497
8,637108,3,2024-01,-7.584192649841313,-3.2915075988769615,-7.584192649841313
8,637108,3,2024-03,-2.6556116027832104,-2.910813804626457,-2.910813804626457
8,637108,3,2024-04,-1.3975808563232306,-4.528579910278324,-4.528579910278324
8,637108,3,2024-05,-2.377060279846191,-0.7462859039306551,-2.377060279846191
8,637108,3,2024-07,-10.128838768005366,2.786555130004885,-10.128838768005366
8,637108,3,2024-08,-5.3395583114623975,0.8758028259277353,-5.3395583114623975
8,637108,3,2024-09,-3.2928130264282345,1.656843338012692,-3.2928130264282345
8,637108,3,2024-10,-3.550585906982434,-0.38899610900878656,-3.550585906982434
8,637108,3,2024-11,-8.227372482299813,-4.027325057983404,-8.227372482299813
8,637108,3,2024-12,-8.413309097290039,-2.0083096618652405,-8.413309097290039
8,637108,3,2025-01,-8.107640808105472,-3.130026123046889,-8.107640808105472
8,637108,3,2025-02,-7.591919860839852,-3.704416625976563,-7.591919860839852
8,637108,3,2025-03,-2.760922653198236,-1.8291696166992182,-2.760922653198236
8,637108,3,2025-04,-3.0406375808715893,-2.5509566421508794,-3.0406375808715893
8,637108,3,2025-05,-2.556578796386731,-2.2217913665771505,-2.556578796386731
8,637108,3,2025-06,-3.226441810607909,1.7948817520141631,-3.226441810607909
8,637108,3,2025-07,-2.9649075775146514,1.949005287170408,-2.9649075775146514
8,637108,3,2025-08,-3.7152262420654267,0.7783210601806729,-3.7152262420654267
8,637108,3,2025-09,-3.6004364166259677,0.48089282989502635,-3.6004364166259677
8,637108,3,2025-10,-4.780974105834957,-1.527214553833005,-4.780974105834957
8,637108,3,2025-11,-5.732802459716794,-3.049114448547357,-5.732802459716794
8,637108,3,2025-12,-8.233556785583488,-4.641604179382327,-8.233556785583488
8,637108,3,2026-01,-7.30912011718749,-4.2744594192504906,-7.30912011718749
8,637108,3,2026-02,-8.287334312438958,-4.725309120178224,-8.287334312438958
9,637109,0,2023-02,-5.391723163604738,-3.645787307739269,-5.391723163604738
9,637109,0,2023-03,-6.314662300109859,-3.112227859497068,-6.314662300109859
9,637109,0,2023-04,-4.936018371582037,-2.352088512420657,-4.936018371582037
9,637109,0,2023-05,-4.277315536499017,-0.983517734527581,-4.277315536499017
9,637109,0,2023-06,-4.351998130798336,0.3890932617187559,-4.351998130798336
9,637109,0,2023-07,-1.7981303100585961,1.0066438674926772,-1.7981303100585961
9,637109,0,2023-08,-5.18317411804199,0.07557028198242222,-5.18317411804199
9,637109,0,2023-09,-3.2608029785156134,4.495874397277845,-3.2608029785156134
9,637109,0,2023-10,-7.657450424194337,-0.330861461639401,-7.657450424194337
9,637109,0,2023-11,-6.089079063415525,-3.3119600524902353,-6.089079063415525
9,637109,0,2023-12,-7.358325859069822,-5.278293544769284,-7.358325859069822
9,637109,0,2024-01,-7.60400475311279,-3.3298083496093795,-7.60400475311279
9,637109,0,2024-03,-2.6856255493163985,-2.914302711486826,-2.914302711486826
9,637109,0,2024-04,-1.3819646301269586,-4.542732177734365,-4.542732177734365
9,637109,0,2024-05,-2.3737063522338957,-0.7398328247070367,-2.3737063522338957
9,637109,0,2024-07,-10.124334144592282,2.8122046432495154,-10.124334144592282
9,637109,0,2024-08,-5.3277300567626895,0.8763562698364353,-5.3277300567626895
9,637109,0,2024-09,-3.3102990798950316,1.6518841400146584,-3.3102990798950316
9,637109,0,2024-10,-3.5764176635742047,-0.3993341522216838,-3.5764176635742047
9,637109,0,2024-11,-8.247199417114246,-4.0501397857666035,-8.247199417114246
9,637109,0,2024-12,-8.399644897460945,-1.9928577728271364,-8.399644897460945
9,637109,0,2025-01,-8.067212493896477,-3.0983935852050877,-8.067212493896477
9,637109,0,2025-02,-7.646341644287105,-3.7307562866211015,-7.646341644287105
9,637109,0,2025-03,-2.780791366577148,-1.8378488464355485,-2.780791366577148
9,637109,0,2025-04,-3.083650878906255,-2.6175445785522555,-3.083650878906255
9,637109,0,2025-05,-2.6257558288574216,-2.2441275482177616,-2.6257558288574216
9,637109,0,2025-06,-3.250720207214357,1.7996022033691474,-3.250720207214357
9,637109,0,2025-07,-2.9344030990600487,1.9639781799316438,-2.9344030990600487
9,637109,0,2025-08,-3.7335064392089805,0.761593391418458,-3.7335064392089805
9,637109,0,2025-09,-3.645273880004879,0.45037038421629916,-3.645273880004879
9,637109,0,2025-10,-4.8012304534912005,-1.5334605102539172,-4.8012304534912005
9,637109,0,2025-11,-5.695028076171866,-3.0497590713500955,-5.695028076171866
9,637109,0,2025-12,-8.248994468688963,-4.620897521972651,-8.248994468688963
9,637109,0,2026-01,-7.3214982604980605,-4.296344825744626,-7.3214982604980605
9,637109,0,2026-02,-8.263223632812497,-4.718373573303211,-8.263223632812497
9,637109,1,2023-02,-1.932401054382325,-1.6096589355468751,-1.932401054382325
9,637109,1,2023-03,-3.495133773803701,-1.6215995559692402,-3.495133773803701
9,637109,1,2023-04,-3.072259735107423,-0.47023363113403605,-3.072259735107423
9,637109,1,2023-05,-2.670143913269044,0.6565749740600637,-2.670143913269044
9,637109,1,2023-06,-2.8795027923584087,0.9321703796386771,-2.8795027923584087
9,637109,1,2023-07,-1.2089440460205196,1.5725133705139172,-1.2089440460205196
9,637109,1,2023-08,-3.460796546936024,1.0216807022094656,-3.460796546936024
9,637109,1,2023-09,-2.420951278686516,4.941206756591811,-2.420951278686516
9,637109,1,2023-10,-5.710125457763667,-0.12787484741210164,-5.710125457763667
9,637109,1,2023-11,-4.154005111694332,-1.550698455810533,-4.154005111694332
9,637109,1,2023-12,-5.155830444335933,-3.118269607543951,-5.155830444335933
9,637109,1,2024-01,-5.758051765441891,-1.6462503662109498,-5.758051765441891
9,637109,1,2024-03,-0.3058310241699189,-1.1416962203979466,-1.1416962203979466
9,637109,1,2024-04,0.375780471801761,-2.329739471435545,-2.329739471435545
9,637109,1,2024-05,-1.0778792953491205,0.1784046096801717,-1.0778792953491205
9,637109,1,2024-07,-9.682778305053716,3.1843961181640594,-9.682778305053716
9,637109,1,2024-08,-4.097897140502923,1.429714279174803,-4.097897140502923
9,637109,1,2024-09,-2.872570838928226,1.9628701019287007,-2.872570838928226
9,637109,1,2024-10,-2.869354766845703,0.46904237365723134,-2.869354766845703
9,637109,1,2024-11,-6.331596359252927,-2.130563957214349,-6.331596359252927
9,637109,1,2024-12,-6.5194109039306625,-0.4769960784911973,-6.5194109039306625
9,637109,1,2025-01,-5.090475463867193,-1.6550270690918012,-5.090475463867193
9,637109,1,2025-02,-3.9074992370605344,-1.707102981567374,-3.9074992370605344
9,637109,1,2025-03,57.81164117431641,50.05013898468019,50.05013898468019
9,637109,1,2025-04,-1.3881262893676762,-0.9307170715332092,-1.3881262893676762
9,637109,1,2025-05,-1.5738744964599505,-0.9632525863647601,-1.5738744964599505
9,637109,1,2025-06,-2.4430625000000106,2.0003382186889525,-2.4430625000000106
9,637109,1,2025-07,-1.982500801086431,2.7775421447753956,-1.982500801086431
9,637109,1,2025-08,-2.9694845733642694,1.525806465148932,-2.9694845733642694
9,637109,1,2025-09,-2.497998306274411,1.304691047668456,-2.497998306274411
9,637109,1,2025-10,-3.6694910888671757,-0.13097846984862827,-3.6694910888671757
9,637109,1,2025-11,-4.06753285217286,-1.5467266845703165,-4.06753285217286
9,637109,1,2025-12,-6.591541671752921,-2.7220904083251867,-6.591541671752921
9,637109,1,2026-01,-5.6954389953613145,-2.453530494689943,-5.6954389953613145
9,637109,1,2026-02,-6.1753243408203105,-3.11176079559327,-6.1753243408203105
9,637109,2,2023-02,-5.342745685577398,-3.631674331665039,-5.342745685577398
9,637109,2,2023-03,-6.316189903259271,-3.095182556152338,-6.316189903259271
9,637109,2,2023-04,-4.867904235839845,-2.291406421661378,-4.867904235839845
9,637109,2,2023-05,-4.24565167236328,-0.9511129646301271,-4.24565167236328
9,637109,2,2023-06,-4.324695259094241,0.4248585433959988,-4.324695259094241
9,637109,2,2023-07,-1.8186935272216829,0.989635334014892,-1.8186935272216829
9,637109,2,2023-08,-5.150072227478034,0.08759574127196856,-5.150072227478034
9,637109,2,2023-09,-3.275160980224598,4.488338577270497,-3.275160980224598
9,637109,2,2023-10,-7.713294555664049,-0.33606922912598236,-7.713294555664049
9,637109,2,2023-11,-6.064361328125003,-3.259221725463874,-6.064361328125003
9,637109,2,2023-12,-7.290590072631829,-5.274846488952633,-7.290590072631829
9,637109,2,2024-01,-7.542138786315917,-3.2692063751220815,-7.542138786315917
9,637109,2,2024-03,-2.6817528991699078,-2.8994184875488287,-2.8994184875488287
9,637109,2,2024-04,-1.4135952758789188,-4.584758010864249,-4.584758010864249
9,637109,2,2024-05,-2.373617820739753,-0.7493129348754906,-2.373617820739753
9,637109,2,2024-07,-10.14150794219971,2.8226582717895496,-10.14150794219971
9,637109,2,2024-08,-5.317832397460933,0.892009376525877,-5.317832397460933
9,637109,2,2024-09,-3.3026153945922943,1.664818511962892,-3.3026153945922943
9,637109,2,2024-10,-3.5810798034667926,-0.4082437896728379,-3.5810798034667926
9,637109,2,2024-11,-8.197801513671862,-4.036080894470217,-8.197801513671862
9,637109,2,2024-12,-8.39374415588378,-2.013553054809563,-8.39374415588378
9,637109,2,2025-01,-7.980612091064458,-3.0899361877441436,-7.980612091064458
9,637109,2,2025-02,-7.565494293212879,-3.6594496307372992,-7.565494293212879
9,637109,2,2025-03,-2.806292739868155,-1.8516243286132834,-2.806292739868155
9,637109,2,2025-04,-3.038715568542486,-2.5466967086792067,-3.038715568542486
9,637109,2,2025-05,-2.537751693725596,-2.2415513839721655,-2.537751693725596
9,637109,2,2025-06,-3.2724866638183556,1.756526252746582,-3.2724866638183556
9,637109,2,2025-07,-2.9741164932250967,1.938019447326667,-2.9741164932250967
9,637109,2,2025-08,-3.7178933563232306,0.7810709915161169,-3.7178933563232306
9,637109,2,2025-09,-3.639128219604487,0.4420876312255899,-3.639128219604487
9,637109,2,2025-10,-4.780099090576158,-1.5182444000244004,-4.780099090576158
9,637109,2,2025-11,-5.686436752319338,-3.024308723449707,-5.686436752319338
9,637109,2,2025-12,-8.149287765502933,-4.569688049316412,-8.149287765502933
9,637109,2,2026-01,-7.274341613769536,-4.247323898315429,-7.274341613769536
9,637109,2,2026-02,-8.229255729675288,-4.680483535766598,-8.229255729675288
9,637109,3,2023-02,-5.409754810333254,-3.685866233825678,-5.409754810333254
9,637109,3,2023-03,-6.390335464477545,-3.0954638977050735,-6.390335464477545
9,637109,3,2023-04,-4.853304244995115,-2.2890754394531214,-4.853304244995115
9,637109,3,2023-05,-4.261626098632817,-0.9998911666870214,-4.261626098632817
9,637109,3,2023-06,-4.358452537536621,0.3844034347534233,-4.358452537536621
9,637109,3,2023-07,-1.8316467895507742,0.9717014999389662,-1.8316467895507742
9,637109,3,2023-08,-5.2226693420410015,0.02987886810302598,-5.2226693420410015
9,637109,3,2023-09,-3.3631506805419917,4.401002365112305,-3.3631506805419917
9,637109,3,2023-10,-7.714684204101559,-0.2893341827392675,-7.714684204101559
9,637109,3,2023-11,-6.10509635925294,-3.315825775146493,-6.10509635925294
9,637109,3,2023-12,-7.350095138549804,-5.284858528137207,-7.350095138549804
9,637109,3,2024-01,-7.617734741210938,-3.319344543457021,-7.617734741210938
9,637109,3,2024-03,-2.675805419921886,-2.893452949523919,-2.893452949523919
9,637109,3,2024-04,-1.4119194946289042,-4.60328205871582,-4.60328205871582
9,637109,3,2024-05,-2.444158271789547,-0.749898979187023,-2.444158271789547
9,637109,3,2024-07,-10.084785408020025,2.8199375839233483,-10.084785408020025
9,637109,3,2024-08,-5.320012840270991,0.8671691894531364,-5.320012840270991
9,637109,3,2024-09,-3.276584510803218,1.6941693115234386,-3.276584510803218
9,637109,3,2024-10,-3.5731721038818307,-0.39184097290038267,-3.5731721038818307
9,637109,3,2024-11,-8.235638381958012,-4.02769718933105,-8.235638381958012
9,637109,3,2024-12,-8.390139465332027,-1.9731006317138622,-8.390139465332027
9,637109,3,2025-01,-8.11731718444824,-3.1462369689941454,-8.11731718444824
9,637109,3,2025-02,-7.601721191406256,-3.7104067993164165,-7.601721191406256
9,637109,3,2025-03,-2.765307708740238,-1.8438025436401375,-2.765307708740238
9,637109,3,2025-04,-3.0960437316894627,-2.607254150390631,-3.0960437316894627
9,637109,3,2025-05,-2.571178817749029,-2.235285202026361,-2.571178817749029
9,637109,3,2025-06,-3.29729167175293,1.764960929870611,-3.29729167175293
9,637109,3,2025-07,-3.0246057586669934,1.9272697601318356,-3.0246057586669934
9,637109,3,2025-08,-3.7479667053222556,0.7606943588256883,-3.7479667053222556
9,637109,3,2025-09,-3.6841288757324264,0.4210312957763733,-3.6841288757324264
9,637109,3,2025-10,-4.792329879760729,-1.537462722778315,-4.792329879760729
9,637109,3,2025-11,-5.693053146362303,-3.058508903503423,-5.693053146362303
9,637109,3,2025-12,-8.222856018066395,-4.619623756408686,-8.222856018066395
9,637109,3,2026-01,-7.356461288452152,-4.333486610412606,-7.356461288452152
9,637109,3,2026-02,-8.276007194519039,-4.738371467590326,-8.276007194519039
