iteration,temperature,accepted,new_best_utility,regions,effective_regions,dfs,best_accepted_dfs,penalty,current_utility,best_utility,candidate_utility,move_type,merge_parent_id,split_node_id
0,0.010928348848928307,True,False,24,24,0.47703482226794064,0.47818319250819363,0.0,0.47703482226794064,0.47818319250819363,0.47703482226794064,paired,2824,2812
2,0.010928348848928307,True,False,25,25,0.4770644793699946,0.47818319250819363,0.0,0.4770644793699946,0.47818319250819363,0.4770644793699946,split,,1777
3,0.010928348848928307,True,False,25,25,0.4764101063679102,0.47818319250819363,0.0,0.4764101063679102,0.47818319250819363,0.4764101063679102,paired,2812,2847
4,0.010928348848928307,False,False,25,25,0.4764101063679102,0.47818319250819363,0.0,0.4764101063679102,0.47818319250819363,0.39319059889376334,paired,2841,2828
5,0.010928348848928307,True,True,26,26,0.4782141653832112,0.4782141653832112,0.0,0.4782141653832112,0.4782141653832112,0.4782141653832112,split,,2824
7,0.010928348848928307,True,True,26,26,0.47918023067959736,0.47918023067959736,0.0,0.47918023067959736,0.47918023067959736,0.47918023067959736,paired,1777,2831
9,0.010928348848928307,True,True,27,27,0.47918023188790515,0.47918023188790515,0.0,0.47918023188790515,0.47918023188790515,0.47918023188790515,split,,2837
10,0.010928348848928307,True,True,28,28,0.4791816735822501,0.4791816735822501,0.0,0.4791816735822501,0.4791816735822501,0.4791816735822501,split,,2848
11,0.010928348848928307,True,False,27,27,0.4773776145669491,0.4791816735822501,0.0,0.4773776145669491,0.4791816735822501,0.4773776145669491,merge,2824,
12,0.010928348848928307,True,False,27,27,0.47728194245841765,0.4791816735822501,0.0,0.47728194245841765,0.4791816735822501,0.47728194245841765,paired,2844,2828
13,0.010928348848928307,True,False,27,27,0.467998020054468,0.4791816735822501,0.0,0.467998020054468,0.4791816735822501,0.467998020054468,paired,2873,2824
14,0.010928348848928307,False,False,27,27,0.467998020054468,0.4791816735822501,0.0,0.467998020054468,0.4791816735822501,0.4605284653528009,paired,2866,2876
15,0.010928348848928307,True,False,28,28,0.468027677156522,0.4791816735822501,0.0,0.468027677156522,0.4791816735822501,0.468027677156522,split,,1777
16,0.010928348848928307,True,False,29,29,0.4680276774412627,0.4791816735822501,0.0,0.4680276774412627,0.4791816735822501,0.4680276774412627,split,,2679
18,0.010928348848928307,True,False,30,30,0.46868336621631074,0.4791816735822501,0.0,0.46868336621631074,0.4791816735822501,0.46868336621631074,split,,2812
19,0.010928348848928307,True,False,31,31,0.4701628671390762,0.4791816735822501,0.0,0.4701628671390762,0.4791816735822501,0.4701628671390762,split,,2844
20,0.010928348848928307,True,False,32,32,0.47017732235701043,0.4791816735822501,0.0,0.47017732235701043,0.4791816735822501,0.47017732235701043,split,,2209
21,0.010928348848928307,True,False,31,31,0.4701773211487026,0.4791816735822501,0.0,0.4701773211487026,0.4791816735822501,0.4701773211487026,merge,2837,
24,0.010928348848928307,True,False,31,31,0.4692869982414054,0.4791816735822501,0.0,0.4692869982414054,0.4791816735822501,0.4692869982414054,paired,2831,2876
25,0.010928348848928307,True,False,32,32,0.4693199614735931,0.4791816735822501,0.0,0.4693199614735931,0.4791816735822501,0.4693199614735931,split,,2443
27,0.010928348848928307,True,False,31,31,0.4679361326593591,0.4791816735822501,0.0,0.4679361326593591,0.4791816735822501,0.4679361326593591,merge,2828,
28,0.010928348848928307,True,False,32,32,0.46793616566755764,0.4791816735822501,0.0,0.46793616566755764,0.4791816735822501,0.46793616566755764,split,,2210
29,0.010928348848928307,False,False,32,32,0.46793616566755764,0.4791816735822501,0.0,0.46793616566755764,0.4791816735822501,0.4379361669161195,split,,2893
31,0.010928348848928307,True,False,31,31,0.4656484387514231,0.4791816735822501,0.0,0.4656484387514231,0.4791816735822501,0.4656484387514231,merge,2827,
32,0.010928348848928307,True,False,31,31,0.46384438098468395,0.4791816735822501,0.0,0.46384438098468395,0.4791816735822501,0.46384438098468395,paired,2824,2893
33,0.010928348848928307,True,False,32,32,0.4638443821929918,0.4791816735822501,0.0,0.4638443821929918,0.4791816735822501,0.4638443821929918,split,,2837
34,0.010928348848928307,True,False,31,31,0.4627390003844158,0.4791816735822501,0.0,0.4627390003844158,0.4791816735822501,0.4627390003844158,merge,2823,
35,0.010928348848928307,True,False,30,30,0.4627060371522282,0.4791816735822501,0.0,0.4627060371522282,0.4791816735822501,0.4627060371522282,merge,2443,
36,0.010928348848928307,True,False,29,29,0.46260063766108517,0.4791816735822501,0.0,0.46260063766108517,0.4791816735822501,0.46260063766108517,merge,2876,
37,0.010928348848928307,True,False,30,30,0.4627023359286309,0.4791816735822501,0.0,0.4627023359286309,0.4791816735822501,0.4627023359286309,split,,1778
38,0.010928348848928307,True,False,31,31,0.46270233594118654,0.4791816735822501,0.0,0.46270233594118654,0.4791816735822501,0.46270233594118654,split,,2318
39,0.010928348848928307,True,False,30,30,0.4627023347328788,0.4791816735822501,0.0,0.4627023347328788,0.4791816735822501,0.4627023347328788,merge,2837,
40,0.010928348848928307,True,False,29,29,0.4627023344481381,0.4791816735822501,0.0,0.4627023344481381,0.4791816735822501,0.4627023344481381,merge,2679,
41,0.010928348848928307,True,False,29,29,0.46280629224493613,0.4791816735822501,0.0,0.46280629224493613,0.4791816735822501,0.46280629224493613,paired,2848,2876
42,0.010928348848928307,True,False,30,30,0.46280632462465726,0.4791816735822501,0.0,0.46280632462465726,0.4791816735822501,0.46280632462465726,split,,2211
44,0.010928348848928307,True,False,29,29,0.46280632461210164,0.4791816735822501,0.0,0.46280632461210164,0.4791816735822501,0.46280632461210164,merge,2318,
45,0.010928348848928307,True,False,28,28,0.4628050088391381,0.4791816735822501,0.0,0.4628050088391381,0.4791816735822501,0.4628050088391381,merge,2847,
46,0.010928348848928307,True,False,27,27,0.4628050075905762,0.4791816735822501,0.0,0.4628050075905762,0.4791816735822501,0.4628050075905762,merge,2893,
47,0.010928348848928307,True,False,27,27,0.46132682244077433,0.4791816735822501,0.0,0.46132682244077433,0.4791816735822501,0.46132682244077433,paired,2844,2847
48,0.010928348848928307,True,False,28,28,0.4613599020466239,0.4791816735822501,0.0,0.4613599020466239,0.4791816735822501,0.4613599020466239,split,,3132
49,0.010928348848928307,True,False,29,29,0.46136481425525305,0.4791816735822501,0.0,0.46136481425525305,0.4791816735822501,0.46136481425525305,split,,2882
50,0.010928348848928307,True,False,29,29,0.46084414391432904,0.4791816735822501,0.0,0.46084414391432904,0.4791816735822501,0.46084414391432904,paired,2812,2788
51,0.010928348848928307,True,False,30,30,0.461949525722905,0.4791816735822501,0.0,0.461949525722905,0.4791816735822501,0.461949525722905,split,,2823
52,0.010928348848928307,True,False,31,31,0.47303750714215564,0.4791816735822501,0.0,0.47303750714215564,0.4791816735822501,0.47303750714215564,split,,2873
53,0.010928348848928307,True,False,31,31,0.47300442754886163,0.4791816735822501,0.0,0.47300442754886163,0.4791816735822501,0.47300442754886163,paired,3132,2318
54,0.010928348848928307,True,False,32,32,0.4730127662807824,0.4791816735822501,0.0,0.4730127662807824,0.4791816735822501,0.4730127662807824,split,,1
58,0.010928348848928307,True,False,31,31,0.46192478486153166,0.4791816735822501,0.0,0.46192478486153166,0.4791816735822501,0.46192478486153166,merge,2873,
59,0.010928348848928307,True,False,32,32,0.46192480168338457,0.4791816735822501,0.0,0.46192480168338457,0.4791816735822501,0.46192480168338457,split,,1779
60,0.010928348848928307,True,False,31,31,0.46192478486153166,0.4791816735822501,0.0,0.46192478486153166,0.4791816735822501,0.46192478486153166,merge,1779,
61,0.010928348848928307,True,False,30,30,0.46182308659398585,0.4791816735822501,0.0,0.46182308659398585,0.4791816735822501,0.46182308659398585,merge,1778,
62,0.010928348848928307,True,False,29,29,0.4618147478620653,0.4791816735822501,0.0,0.4618147478620653,0.4791816735822501,0.4618147478620653,merge,1,
64,0.010928348848928307,True,False,30,30,0.46184782746791486,0.4791816735822501,0.0,0.46184782746791486,0.4791816735822501,0.46184782746791486,split,,3132
65,0.010928348848928307,True,False,31,31,0.46191716826035606,0.4791816735822501,0.0,0.46191716826035606,0.4791816735822501,0.46191716826035606,split,,3133
66,0.010928348848928307,True,False,32,32,0.46230470521529043,0.4791816735822501,0.0,0.46230470521529043,0.4791816735822501,0.46230470521529043,split,,2877
68,0.010928348848928307,True,False,31,31,0.46230338944232685,0.4791816735822501,0.0,0.46230338944232685,0.4791816735822501,0.46230338944232685,merge,2847,
69,0.010928348848928307,True,False,31,31,0.46216837960854146,0.4791816735822501,0.0,0.46216837960854146,0.4791816735822501,0.46216837960854146,paired,2788,3241
70,0.010928348848928307,True,False,30,30,0.4621683795959858,0.4791816735822501,0.0,0.4621683795959858,0.4791816735822501,0.4621683795959858,merge,2318,
71,0.010928348848928307,True,False,31,31,0.4622629777375604,0.4791816735822501,0.0,0.4622629777375604,0.4791816735822501,0.4622629777375604,split,,3134
72,0.010928348848928307,True,False,30,30,0.4622629691372218,0.4791816735822501,0.0,0.4622629691372218,0.4791816735822501,0.4622629691372218,merge,3241,
73,0.010928348848928307,True,False,29,29,0.4622629367575007,0.4791816735822501,0.0,0.4622629367575007,0.4791816735822501,0.4622629367575007,merge,2211,
74,0.010928348848928307,True,False,30,30,0.4645506636736352,0.4791816735822501,0.0,0.4645506636736352,0.4791816735822501,0.4645506636736352,split,,2827
75,0.010928348848928307,True,False,30,30,0.4646523289329825,0.4791816735822501,0.0,0.4646523289329825,0.4791816735822501,0.4646523289329825,paired,2210,1778
76,0.010928348848928307,True,False,31,31,0.4757403103522332,0.4791816735822501,0.0,0.4757403103522332,0.4791816735822501,0.4757403103522332,split,,2873
77,0.010928348848928307,True,False,30,30,0.47572585513429894,0.4791816735822501,0.0,0.47572585513429894,0.4791816735822501,0.47572585513429894,merge,2209,
78,0.010928348848928307,True,False,29,29,0.4734381282181644,0.4791816735822501,0.0,0.4734381282181644,0.4791816735822501,0.4734381282181644,merge,2827,
79,0.010928348848928307,True,False,29,29,0.473433217217843,0.4791816735822501,0.0,0.473433217217843,0.4791816735822501,0.473433217217843,paired,2882,2837
80,0.010928348848928307,True,False,29,29,0.46234655157155585,0.4791816735822501,0.0,0.46234655157155585,0.4791816735822501,0.46234655157155585,paired,2873,2847
81,0.010928348848928307,True,False,28,28,0.4547715973787458,0.4791816735822501,0.0,0.4547715973787458,0.4791816735822501,0.4547715973787458,merge,2866,
82,0.010928348848928307,True,False,28,28,0.46124116976297996,0.4791816735822501,0.0,0.46124116976297996,0.4791816735822501,0.46124116976297996,paired,2823,2866
83,0.010928348848928307,True,False,28,28,0.46189554276506434,0.4791816735822501,0.0,0.46189554276506434,0.4791816735822501,0.46189554276506434,paired,2847,2812
84,0.010928348848928307,False,False,28,28,0.46189554276506434,0.4791816735822501,0.0,0.46189554276506434,0.4791816735822501,0.4555428006142813,paired,2866,2816
85,0.010928348848928307,True,False,27,27,0.4618955415567567,0.4791816735822501,0.0,0.4618955415567567,0.4791816735822501,0.4618955415567567,merge,2837,
86,0.010928348848928307,True,False,28,28,0.4618955428053186,0.4791816735822501,0.0,0.4618955428053186,0.4791816735822501,0.4618955428053186,split,,2893
87,0.010928348848928307,True,False,29,29,0.4618955441057036,0.4791816735822501,0.0,0.4618955441057036,0.4791816735822501,0.4618955441057036,split,,2894
88,0.010928348848928307,True,False,30,30,0.4618955442879957,0.4791816735822501,0.0,0.4618955442879957,0.4791816735822501,0.4618955442879957,split,,3366
89,0.010928348848928307,True,False,29,29,0.4615080073330613,0.4791816735822501,0.0,0.4615080073330613,0.4791816735822501,0.4615080073330613,merge,2877,
90,0.010928348848928307,True,False,30,30,0.472595988752312,0.4791816735822501,0.0,0.472595988752312,0.4791816735822501,0.472595988752312,split,,2873
92,0.010928348848928307,True,False,30,30,0.4735996722933421,0.4791816735822501,0.0,0.4735996722933421,0.4791816735822501,0.4735996722933421,paired,1778,2823
94,0.010928348848928307,True,False,29,29,0.4734942728021991,0.4791816735822501,0.0,0.4734942728021991,0.4791816735822501,0.4734942728021991,merge,2876,
95,0.010928348848928307,True,False,30,30,0.47362929123632314,0.4791816735822501,0.0,0.47362929123632314,0.4791816735822501,0.47362929123632314,split,,2788
97,0.010928348848928307,True,False,31,31,0.4736292924446308,0.4791816735822501,0.0,0.4736292924446308,0.4791816735822501,0.4736292924446308,split,,2837
99,0.010928348848928307,True,False,32,32,0.4736292958355566,0.4791816735822501,0.0,0.4736292958355566,0.4791816735822501,0.4736292958355566,split,,2789
101,0.01091455174001048,True,False,31,31,0.4625413144163059,0.4791816735822501,0.0,0.4625413144163059,0.4791816735822501,0.4625413144163059,merge,2873,
102,0.01090077205002914,True,False,32,32,0.46434537343160687,0.4791816735822501,0.0,0.46434537343160687,0.4791816735822501,0.46434537343160687,split,,2824
104,0.010873264838937613,False,False,32,32,0.46434537343160687,0.4791816735822501,0.0,0.46434537343160687,0.4791816735822501,0.4343453817449986,split,,2793
106,0.010845827040054557,True,False,31,31,0.4636896846565589,0.4791816735822501,0.0,0.4636896846565589,0.4791816735822501,0.4636896846565589,merge,2812,
109,0.010804800106587867,True,False,31,31,0.46366002783924565,0.4791816735822501,0.0,0.46366002783924565,0.4791816735822501,0.46366002783924565,paired,1777,2679
110,0.010791158978731615,True,False,30,30,0.4636600265388606,0.4791816735822501,0.0,0.4636600265388606,0.4791816735822501,0.4636600265388606,merge,2894,
111,0.010777535072884783,True,False,30,30,0.4635654367106777,0.4791816735822501,0.0,0.4635654367106777,0.4791816735822501,0.4635654367106777,paired,3134,2793
112,0.010763928367304472,True,False,31,31,0.46504493763344307,0.4791816735822501,0.0,0.46504493763344307,0.4791816735822501,0.46504493763344307,split,,2844
113,0.010750338840275242,True,False,31,31,0.4574712992135965,0.4791816735822501,0.0,0.4574712992135965,0.4791816735822501,0.4574712992135965,paired,2866,2847
114,0.010736766470109061,True,False,31,31,0.4574316155232094,0.4791816735822501,0.0,0.4574316155232094,0.4791816735822501,0.4574316155232094,paired,3133,1777
115,0.010723211235145283,True,False,31,31,0.4574330559689924,0.4791816735822501,0.0,0.4574330559689924,0.4791816735822501,0.4574330559689924,paired,2893,2848
116,0.010709673113750606,True,False,32,32,0.45743305646740484,0.4791816735822501,0.0,0.45743305646740484,0.4791816735822501,0.45743305646740484,split,,2680
117,0.010696152084319045,True,False,31,31,0.45595355554463946,0.4791816735822501,0.0,0.45595355554463946,0.4791816735822501,0.45595355554463946,merge,2844,
119,0.010669161215057666,True,False,30,30,0.4559535553623474,0.4791816735822501,0.0,0.4559535553623474,0.4791816735822501,0.4559535553623474,merge,3366,
120,0.010655691332152122,True,False,29,29,0.4559535470489557,0.4791816735822501,0.0,0.4559535470489557,0.4791816735822501,0.4559535470489557,merge,2793,
121,0.01064223845505817,True,False,30,30,0.4670415284682064,0.4791816735822501,0.0,0.4670415284682064,0.4791816735822501,0.4670415284682064,split,,2873
124,0.010601981644081944,True,False,30,30,0.46704152797025417,0.4791816735822501,0.0,0.46704152797025417,0.4791816735822501,0.46704152797025417,paired,2680,2727
125,0.010588596575805822,True,False,31,31,0.4670415362836458,0.4791816735822501,0.0,0.4670415362836458,0.4791816735822501,0.4670415362836458,split,,2793
126,0.01057522840626229,True,False,32,32,0.474616490476456,0.4791816735822501,0.0,0.474616490476456,0.4791816735822501,0.474616490476456,split,,2866
129,0.01053522507681434,True,False,31,31,0.4746164892681482,0.4791816735822501,0.0,0.4746164892681482,0.4791816735822501,0.4746164892681482,merge,2837,
130,0.010521924289122806,True,False,30,30,0.47458683216609415,0.4791816735822501,0.0,0.47458683216609415,0.4791816735822501,0.47458683216609415,merge,1777,
132,0.010495373069522798,True,False,31,31,0.47458683337440183,0.4791816735822501,0.0,0.47458683337440183,0.4791816735822501,0.47458683337440183,split,,2837
133,0.010482122595240251,True,False,32,32,0.47458684101748955,0.4791816735822501,0.0,0.47458684101748955,0.4791816735822501,0.47458684101748955,split,,2794
134,0.010468888849764536,True,False,31,31,0.47455376141163985,0.4791816735822501,0.0,0.47455376141163985,0.4791816735822501,0.47455376141163985,merge,3132,
135,0.01045567181197543,True,False,30,30,0.4745537602033322,0.4791816735822501,0.0,0.4745537602033322,0.4791816735822501,0.4745537602033322,merge,2837,
137,0.010429287775109437,True,False,31,31,0.4746591596944752,0.4791816735822501,0.0,0.4746591596944752,0.4791816735822501,0.4746591596944752,split,,2876
138,0.010416120733925293,True,False,31,31,0.4745537614518941,0.4791816735822501,0.0,0.4745537614518941,0.4791816735822501,0.4745537614518941,paired,2876,2893
139,0.010402970316213171,True,False,32,32,0.4745537626602018,0.4791816735822501,0.0,0.4745537626602018,0.4791816735822501,0.4745537626602018,split,,2837
142,0.010363618594169012,True,False,31,31,0.47455376141163985,0.4791816735822501,0.0,0.47455376141163985,0.4791816735822501,0.47455376141163985,merge,2893,
143,0.010350534460737403,True,False,30,30,0.47455376141117966,0.4791816735822501,0.0,0.47455376141117966,0.4791816735822501,0.47455376141117966,merge,2727,
144,0.010337466846106258,True,False,31,31,0.4745537614901906,0.4791816735822501,0.0,0.4745537614901906,0.4791816735822501,0.4745537614901906,split,,2790
145,0.01032441572942049,True,False,32,32,0.4745546873831364,0.4791816735822501,0.0,0.4745546873831364,0.4791816735822501,0.4745546873831364,split,,2853
148,0.010285361158879295,True,False,31,31,0.4745546797400487,0.4791816735822501,0.0,0.4745546797400487,0.4791816735822501,0.4745546797400487,merge,2794,
149,0.010272375825950237,True,False,30,30,0.47455467853174105,0.4791816735822501,0.0,0.47455467853174105,0.4791816735822501,0.47455467853174105,merge,2837,
151,0.010246454321587143,True,False,30,30,0.4634997767183399,0.4791816735822501,0.0,0.4634997767183399,0.4791816735822501,0.4634997767183399,paired,2873,3132
153,0.010220598228030647,True,False,31,31,0.4635691175107811,0.4791816735822501,0.0,0.4635691175107811,0.4791816735822501,0.4635691175107811,split,,3133
154,0.010207694658707701,True,False,30,30,0.45599416331797105,0.4791816735822501,0.0,0.45599416331797105,0.4791816735822501,0.45599416331797105,merge,2866,
155,0.010194807380221903,True,False,31,31,0.4561293351859876,0.4791816735822501,0.0,0.4561293351859876,0.4791816735822501,0.4561293351859876,split,,2800
156,0.010181936372005965,True,False,30,30,0.4560599943935464,0.4791816735822501,0.0,0.4560599943935464,0.4791816735822501,0.4560599943935464,merge,3133,
157,0.010169081613518573,True,False,29,29,0.45605906850060063,0.4791816735822501,0.0,0.45605906850060063,0.4791816735822501,0.45605906850060063,merge,2853,
158,0.010156243084244343,True,False,30,30,0.4560590697089083,0.4791816735822501,0.0,0.4560590697089083,0.4791816735822501,0.4560590697089083,split,,2837
159,0.010143420763693787,True,False,31,31,0.4560633937001958,0.4791816735822501,0.0,0.4560633937001958,0.4791816735822501,0.4560633937001958,split,,2850
160,0.010130614631403296,True,False,31,31,0.4560590773519959,0.4791816735822501,0.0,0.4560590773519959,0.4791816735822501,0.4560590773519959,paired,2850,2794
162,0.010105050849877182,True,False,32,32,0.45605908148135815,0.4791816735822501,0.0,0.45605908148135815,0.4791816735822501,0.45605908148135815,split,,2797
163,0.010092293159843375,True,False,31,31,0.4542550224660571,0.4791816735822501,0.0,0.4542550224660571,0.4791816735822501,0.4542550224660571,merge,2824,
164,0.010079551576473198,False,False,31,31,0.4542550224660571,0.4791816735822501,0.0,0.4542550224660571,0.4791816735822501,0.45315396464876867,paired,2823,2850
165,0.010066826079431887,True,False,32,32,0.4543243632584984,0.4791816735822501,0.0,0.4543243632584984,0.4791816735822501,0.4543243632584984,split,,3133
166,0.010054116648410352,True,False,31,31,0.4543243629737576,0.4791816735822501,0.0,0.4543243629737576,0.4791816735822501,0.4543243629737576,merge,2679,
167,0.01004142326312514,True,False,32,32,0.4543540200758116,0.4791816735822501,0.0,0.4543540200758116,0.4791816735822501,0.4543540200758116,split,,1777
169,0.010016084548757893,True,False,31,31,0.45435257838146664,0.4791816735822501,0.0,0.45435257838146664,0.4791816735822501,0.45435257838146664,merge,2848,
170,0.010003439179236868,True,False,31,31,0.45615663618845986,0.4791816735822501,0.0,0.45615663618845986,0.4791816735822501,0.45615663618845986,paired,2837,2824
171,0.00999080977457412,True,False,31,31,0.4561566362917412,0.4791816735822501,0.0,0.4561566362917412,0.4791816735822501,0.4561566362917412,paired,2790,3366
172,0.009978196314613918,True,False,32,32,0.45681232506678926,0.4791816735822501,0.0,0.45681232506678926,0.4791816735822501,0.45681232506678926,split,,2812
173,0.009965598779225973,True,False,31,31,0.4561566362917412,0.4791816735822501,0.0,0.4561566362917412,0.4791816735822501,0.4561566362917412,merge,2812,
174,0.009953017148305413,True,False,32,32,0.4637315904845513,0.4791816735822501,0.0,0.4637315904845513,0.4791816735822501,0.4637315904845513,split,,2866
179,0.00989034685881785,True,False,31,31,0.463731586355189,0.4791816735822501,0.0,0.463731586355189,0.4791816735822501,0.463731586355189,merge,2797,
180,0.009877860233918465,True,False,32,32,0.46373158756349686,0.4791816735822501,0.0,0.46373158756349686,0.4791816735822501,0.46373158756349686,split,,2837
184,0.009828071179841443,True,False,31,31,0.46366224677105555,0.4791816735822501,0.0,0.46366224677105555,0.4791816735822501,0.46366224677105555,merge,3133,
185,0.009815663178377095,True,False,31,31,0.4641459146718891,0.4791816735822501,0.0,0.4641459146718891,0.4791816735822501,0.4641459146718891,paired,2824,2827
186,0.009803270842092364,True,False,32,32,0.4651416370703294,0.4791816735822501,0.0,0.4651416370703294,0.4791816735822501,0.4651416370703294,split,,2831
187,0.009790894151209865,True,False,31,31,0.4651416368880373,0.4791816735822501,0.0,0.4651416368880373,0.4791816735822501,0.4651416368880373,merge,3366,
188,0.00977853308597718,True,False,32,32,0.46514997561995797,0.4791816735822501,0.0,0.46514997561995797,0.4791816735822501,0.46514997561995797,split,,1
189,0.009766187626666825,False,False,32,32,0.46514997561995797,0.4791816735822501,0.0,0.46514997561995797,0.4791816735822501,0.44623795703920865,split,,2873
191,0.00974154344702769,True,False,31,31,0.46512031851790386,0.4791816735822501,0.0,0.46512031851790386,0.4791816735822501,0.46512031851790386,merge,1777,
192,0.009729244687368351,True,False,30,30,0.4651119797859833,0.4791816735822501,0.0,0.4651119797859833,0.4791816735822501,0.4651119797859833,merge,1,
193,0.009716961454970169,True,False,29,29,0.4649768079179667,0.4791816735822501,0.0,0.4649768079179667,0.4791816735822501,0.4649768079179667,merge,2800,
194,0.009704693730229875,True,False,28,28,0.4649754921450031,0.4791816735822501,0.0,0.4649754921450031,0.4791816735822501,0.4649754921450031,merge,2847,
195,0.009692441493568958,True,False,29,29,0.46497549339356503,0.4791816735822501,0.0,0.46497549339356503,0.4791816735822501,0.46497549339356503,split,,2893
196,0.009680204725433619,True,False,30,30,0.4649768091665286,0.4791816735822501,0.0,0.4649768091665286,0.4791816735822501,0.4649768091665286,split,,2847
198,0.00965577751664789,True,False,31,31,0.4650064662685826,0.4791816735822501,0.0,0.4650064662685826,0.4791816735822501,0.4650064662685826,split,,1777
199,0.009643587037013216,True,False,32,32,0.4651118657597257,0.4791816735822501,0.0,0.4651118657597257,0.4791816735822501,0.4651118657597257,split,,2876
200,0.009631411947935485,True,False,31,31,0.4651118645111637,0.4791816735822501,0.0,0.4651118645111637,0.4791816735822501,0.4651118645111637,merge,2893,
201,0.009619252229984027,True,False,31,31,0.46518119766051735,0.4791816735822501,0.0,0.46518119766051735,0.4791816735822501,0.46518119766051735,paired,2794,3133
202,0.009607107863752696,True,False,32,32,0.4665650264747514,0.4791816735822501,0.0,0.4665650264747514,0.4791816735822501,0.4665650264747514,split,,2828
203,0.009594978829859848,True,False,31,31,0.46518119766051735,0.4791816735822501,0.0,0.46518119766051735,0.4791816735822501,0.46518119766051735,merge,2828,
204,0.009582865108948313,False,False,31,31,0.46518119766051735,0.4791816735822501,0.0,0.46518119766051735,0.4791816735822501,0.38057786137213656,merge,2841,
205,0.009570766681685355,True,False,30,30,0.4651811964522097,0.4791816735822501,0.0,0.4651811964522097,0.4791816735822501,0.4651811964522097,merge,2837,
207,0.009546615630896234,True,False,29,29,0.46517988067924604,0.4791816735822501,0.0,0.46517988067924604,0.4791816735822501,0.46517988067924604,merge,2847,
208,0.009534562968826519,True,False,29,29,0.4641841583598166,0.4791816735822501,0.0,0.4641841583598166,0.4791816735822501,0.4641841583598166,paired,2831,2790
209,0.009522525523318209,True,False,30,30,0.4656636592825819,0.4791816735822501,0.0,0.4656636592825819,0.4791816735822501,0.4656636592825819,split,,2844
210,0.0095105032751603,True,False,31,31,0.46746771829788303,0.4791816735822501,0.0,0.46746771829788303,0.4791816735822501,0.46746771829788303,split,,2824
211,0.009498496205166046,True,False,32,32,0.46746771954644495,0.4791816735822501,0.0,0.46746771954644495,0.4791816735822501,0.46746771954644495,split,,2893
213,0.009474527523042574,True,False,32,32,0.4666439073987275,0.4791816735822501,0.0,0.4666439073987275,0.4791816735822501,0.4666439073987275,paired,2844,2812
214,0.009462565872660854,True,False,31,31,0.46657456660628627,0.4791816735822501,0.0,0.46657456660628627,0.4791816735822501,0.46657456660628627,merge,3133,
215,0.009450619323937712,True,False,32,32,0.4666439073987275,0.4791816735822501,0.0,0.4666439073987275,0.4791816735822501,0.4666439073987275,split,,3133
216,0.009438687857807212,True,False,31,31,0.4666439073197167,0.4791816735822501,0.0,0.4666439073197167,0.4791816735822501,0.4666439073197167,merge,2790,
218,0.009414870097180703,True,False,32,32,0.4666522460516374,0.4791816735822501,0.0,0.4666522460516374,0.4791816735822501,0.4666522460516374,split,,1
219,0.009402983764673049,False,False,32,32,0.4666522460516374,0.4791816735822501,0.0,0.4666522460516374,0.4791816735822501,0.43675394431918313,split,,1778
220,0.009391112438734688,True,False,31,31,0.4643645191355029,0.4791816735822501,0.0,0.4643645191355029,0.4791816735822501,0.4643645191355029,merge,2827,
221,0.00937925610041973,True,False,30,30,0.46433486203344876,0.4791816735822501,0.0,0.46433486203344876,0.4791816735822501,0.46433486203344876,merge,1777,
222,0.009367414730806206,True,False,29,29,0.4643265233015282,0.4791816735822501,0.0,0.4643265233015282,0.4791816735822501,0.4643265233015282,merge,1,
223,0.00935558831099604,True,False,28,28,0.464257182509087,0.4791816735822501,0.0,0.464257182509087,0.4791816735822501,0.464257182509087,merge,3133,
224,0.009343776822115008,True,False,29,29,0.4642571825880978,0.4791816735822501,0.0,0.4642571825880978,0.4791816735822501,0.4642571825880978,split,,2790
225,0.00933198024531272,True,False,30,30,0.4642571867174599,0.4791816735822501,0.0,0.4642571867174599,0.4791816735822501,0.4642571867174599,split,,2797
226,0.009320198561762581,True,False,29,29,0.46360149794241196,0.4791816735822501,0.0,0.46360149794241196,0.4791816735822501,0.46360149794241196,merge,2812,
227,0.00930843175266177,True,False,28,28,0.46356841833656237,0.4791816735822501,0.0,0.46356841833656237,0.4791816735822501,0.46356841833656237,merge,3132,
228,0.0092966797992312,True,False,29,29,0.46356973410952595,0.4791816735822501,0.0,0.46356973410952595,0.4791816735822501,0.46356973410952595,split,,2847
229,0.009284942682715496,True,False,29,29,0.4635993911325692,0.4791816735822501,0.0,0.4635993911325692,0.4791816735822501,0.4635993911325692,paired,2790,1777
230,0.009273220384382956,True,False,28,28,0.4634939916414262,0.4791816735822501,0.0,0.4634939916414262,0.4791816735822501,0.4634939916414262,merge,2876,
231,0.009261512885525534,True,False,29,29,0.4634939919261669,0.4791816735822501,0.0,0.4634939919261669,0.4791816735822501,0.4634939919261669,split,,2679
232,0.009249820167458797,True,False,30,30,0.46349399200517766,0.4791816735822501,0.0,0.46349399200517766,0.4791816735822501,0.46349399200517766,split,,2790
234,0.009226478999077586,True,False,29,29,0.46168993298987665,0.4791816735822501,0.0,0.46168993298987665,0.4791816735822501,0.46168993298987665,merge,2824,
236,0.009203196730235124,True,False,30,30,0.46168993300828665,0.4791816735822501,0.0,0.46168993300828665,0.4791816735822501,0.46168993300828665,split,,3013
237,0.009191577636679953,True,False,29,29,0.46168992887892446,0.4791816735822501,0.0,0.46168992887892446,0.4791816735822501,0.46168992887892446,merge,2797,
238,0.009179973212303223,True,False,28,28,0.4616602717768704,0.4791816735822501,0.0,0.4616602717768704,0.4791816735822501,0.4616602717768704,merge,1777,
239,0.009168383438585,True,False,29,29,0.4727482531961211,0.4791816735822501,0.0,0.4727482531961211,0.4791816735822501,0.4727482531961211,split,,2873
240,0.009156808297028737,True,False,30,30,0.4727482608392087,0.4791816735822501,0.0,0.4727482608392087,0.4791816735822501,0.4727482608392087,split,,2794
241,0.00914524776916124,True,False,29,29,0.4727482607601979,0.4791816735822501,0.0,0.4727482607601979,0.4791816735822501,0.4727482607601979,merge,2790,
242,0.009133701836532636,True,False,30,30,0.4727482620605829,0.4791816735822501,0.0,0.4727482620605829,0.4791816735822501,0.4727482620605829,split,,2894
243,0.00912217048071634,True,False,29,29,0.4727482607601979,0.4791816735822501,0.0,0.4727482607601979,0.4791816735822501,0.4727482607601979,merge,2894,
244,0.00911065368330904,True,False,28,28,0.4616602793409472,0.4791816735822501,0.0,0.4616602793409472,0.4791816735822501,0.4616602793409472,merge,2873,
245,0.009099151425930648,True,False,28,28,0.46166861805445786,0.4791816735822501,0.0,0.46166861805445786,0.4791816735822501,0.46166861805445786,paired,3013,1
246,0.009087663690224292,True,False,27,27,0.46166861680589594,0.4791816735822501,0.0,0.46166861680589594,0.4791816735822501,0.46166861680589594,merge,2893,
247,0.009076190457856265,True,False,28,28,0.4616883949510635,0.4791816735822501,0.0,0.4616883949510635,0.4791816735822501,0.4616883949510635,split,,2
248,0.009064731710516015,True,False,29,29,0.46168839908042575,0.4791816735822501,0.0,0.46168839908042575,0.4791816735822501,0.46168839908042575,split,,2797
249,0.009053287429916103,True,False,29,29,0.4617214745569131,0.4791816735822501,0.0,0.4617214745569131,0.4791816735822501,0.4617214745569131,paired,2797,3132
251,0.00903044219590295,True,False,29,29,0.472809455691423,0.4791816735822501,0.0,0.472809455691423,0.4791816735822501,0.472809455691423,paired,2679,2873
252,0.009019041206030155,True,False,30,30,0.474613514706724,0.4791816735822501,0.0,0.474613514706724,0.4791816735822501,0.474613514706724,split,,2824
253,0.00900765460997853,True,False,30,30,0.46851806143667935,0.4791816735822501,0.0,0.46851806143667935,0.4791816735822501,0.46851806143667935,paired,2866,2844
254,0.008996282389575791,True,False,30,30,0.4685477108956458,0.4791816735822501,0.0,0.4685477108956458,0.4791816735822501,0.4685477108956458,paired,2794,1777
255,0.00898492452667259,True,False,29,29,0.4685180537935918,0.4791816735822501,0.0,0.4685180537935918,0.4791816735822501,0.4685180537935918,merge,1777,
256,0.008973581003142491,True,False,30,30,0.4708057807097263,0.4791816735822501,0.0,0.4708057807097263,0.4791816735822501,0.4708057807097263,split,,2827
257,0.008962251800881947,True,False,31,31,0.47180150310816654,0.4791816735822501,0.0,0.47180150310816654,0.4791816735822501,0.47180150310816654,split,,2831
258,0.008950936901810263,True,False,31,31,0.47188712445414194,0.4791816735822501,0.0,0.47188712445414194,0.4791816735822501,0.47188712445414194,paired,2,2876
259,0.008939636287869578,True,False,30,30,0.47187878572222136,0.4791816735822501,0.0,0.47187878572222136,0.4791816735822501,0.47187878572222136,merge,1,
262,0.00890581997659665,True,False,31,31,0.4718787860069621,0.4791816735822501,0.0,0.4718787860069621,0.4791816735822501,0.4718787860069621,split,,2679
263,0.008894576323056827,True,False,32,32,0.47253447478201016,0.4791816735822501,0.0,0.47253447478201016,0.4791816735822501,0.47253447478201016,split,,2812
264,0.008883346864700072,False,False,32,32,0.47253447478201016,0.4791816735822501,0.0,0.47253447478201016,0.4791816735822501,0.44292201173694445,split,,2877
265,0.008872131583604876,True,False,31,31,0.47250139517616047,0.4791816735822501,0.0,0.47250139517616047,0.4791816735822501,0.47250139517616047,merge,3132,
266,0.008860930461872356,True,False,30,30,0.4725013868627688,0.4791816735822501,0.0,0.4725013868627688,0.4791816735822501,0.4725013868627688,merge,2793,
267,0.00884974348162623,True,False,31,31,0.4726365587307853,0.4791816735822501,0.0,0.4726365587307853,0.4791816735822501,0.4726365587307853,split,,2800
268,0.008838570625012782,True,False,30,30,0.47263524295782183,0.4791816735822501,0.0,0.47263524295782183,0.4791816735822501,0.47263524295782183,merge,2847,
269,0.008827411874200837,True,False,29,29,0.4716395205593816,0.4791816735822501,0.0,0.4716395205593816,0.4791816735822501,0.4716395205593816,merge,2831,
270,0.00881626721138173,True,False,30,30,0.4716395206383924,0.4791816735822501,0.0,0.4716395206383924,0.4791816735822501,0.4716395206383924,split,,2790
271,0.008805136618769287,True,False,29,29,0.47163952035365164,0.4791816735822501,0.0,0.47163952035365164,0.4791816735822501,0.47163952035365164,merge,2679,
273,0.008782917573131911,True,False,29,29,0.47023787833994185,0.4791816735822501,0.0,0.47023787833994185,0.4791816735822501,0.47023787833994185,paired,2844,2813
274,0.008771829084646784,True,False,30,30,0.4702462170718625,0.4791816735822501,0.0,0.4702462170718625,0.4791816735822501,0.4702462170718625,split,,1
275,0.00876075459544787,True,False,30,30,0.47023787862468264,0.4791816735822501,0.0,0.47023787862468264,0.4791816735822501,0.47023787862468264,paired,1,2679
276,0.008749694087860981,True,False,30,30,0.470242790548571,0.4791816735822501,0.0,0.470242790548571,0.4791816735822501,0.470242790548571,paired,2679,2882
277,0.008738647544234245,True,False,29,29,0.4702427904695602,0.4791816735822501,0.0,0.4702427904695602,0.4791816735822501,0.4702427904695602,merge,2790,
278,0.008727614946938075,True,False,29,29,0.4684387397676509,0.4791816735822501,0.0,0.4684387397676509,0.4791816735822501,0.4684387397676509,paired,2824,2793
279,0.00871659627836514,True,False,28,28,0.46843382755902174,0.4791816735822501,0.0,0.46843382755902174,0.4791816735822501,0.46843382755902174,merge,2882,
280,0.008705591520930341,True,False,29,29,0.4698176563732557,0.4791816735822501,0.0,0.4698176563732557,0.4791816735822501,0.4698176563732557,split,,2828
281,0.008694600657070778,True,False,28,28,0.46971225688211266,0.4791816735822501,0.0,0.46971225688211266,0.4791816735822501,0.46971225688211266,merge,2876,
282,0.008683623669245726,True,False,29,29,0.4697122569611234,0.4791816735822501,0.0,0.4697122569611234,0.4791816735822501,0.4697122569611234,split,,2790
283,0.008672660539936603,True,False,28,28,0.46957708509310686,0.4791816735822501,0.0,0.46957708509310686,0.4791816735822501,0.46957708509310686,merge,2800,
284,0.008661711251646947,False,False,28,28,0.46957708509310686,0.4791816735822501,0.0,0.46957708509310686,0.4791816735822501,0.39206808139036414,merge,2870,
286,0.008639854128250603,True,False,27,27,0.46957708501409606,0.4791816735822501,0.0,0.46957708501409606,0.4791816735822501,0.46957708501409606,merge,2790,
288,0.008618052159526273,True,False,28,28,0.4695770926571837,0.4791816735822501,0.0,0.4695770926571837,0.4791816735822501,0.4695770926571837,split,,2794
289,0.008607171814659156,False,False,28,28,0.4695770926571837,0.4791816735822501,0.0,0.4695770926571837,0.4791816735822501,0.458489111237933,merge,2873,
290,0.00859630520629563,True,False,29,29,0.46958543138910436,0.4791816735822501,0.0,0.46958543138910436,0.4791816735822501,0.46958543138910436,split,,1
291,0.008585452317093272,True,False,30,30,0.46972060325712084,0.4791816735822501,0.0,0.46972060325712084,0.4791816735822501,0.46972060325712084,split,,2800
292,0.008574613129731554,True,False,30,30,0.46836643154494095,0.4791816735822501,0.0,0.46836643154494095,0.4791816735822501,0.46836643154494095,paired,2828,1777
293,0.008563787626911819,True,False,30,30,0.4698375937357857,0.4791816735822501,0.0,0.4698375937357857,0.4791816735822501,0.4698375937357857,paired,1,2844
294,0.008552975791357244,True,False,31,31,0.4698375939766074,0.4791816735822501,0.0,0.4698375939766074,0.4791816735822501,0.4698375939766074,split,,2801
295,0.008542177605812823,True,False,30,30,0.46754986706047297,0.4791816735822501,0.0,0.46754986706047297,0.4791816735822501,0.46754986706047297,merge,2827,
296,0.008531393053045334,True,False,31,31,0.4675498683090349,0.4791816735822501,0.0,0.4675498683090349,0.4791816735822501,0.4675498683090349,split,,2893
299,0.008499121019398398,True,False,32,32,0.4676515665765807,0.4791816735822501,0.0,0.4676515665765807,0.4791816735822501,0.4676515665765807,split,,1778
300,0.008488390825841121,True,False,31,31,0.4675498683090349,0.4791816735822501,0.0,0.4675498683090349,0.4791816735822501,0.4675498683090349,merge,1778,
301,0.008477674179220466,True,False,32,32,0.4675498685937757,0.4791816735822501,0.0,0.4675498685937757,0.4791816735822501,0.4675498685937757,split,,2679
303,0.00845628145839824,True,False,31,31,0.46747200968472,0.4791816735822501,0.0,0.46747200968472,0.4791816735822501,0.46747200968472,merge,2813,
304,0.008445605350055235,True,False,32,32,0.4750469638775301,0.4791816735822501,0.0,0.4750469638775301,0.4791816735822501,0.4750469638775301,split,,2866
305,0.008434942720365927,True,False,31,31,0.4735674629547647,0.4791816735822501,0.0,0.4735674629547647,0.4791816735822501,0.4735674629547647,merge,2844,
306,0.008424293552313434,True,False,32,32,0.473567467084127,0.4791816735822501,0.0,0.473567467084127,0.4791816735822501,0.473567467084127,split,,2797
307,0.008413657828902353,True,False,31,31,0.4735674594410393,0.4791816735822501,0.0,0.4735674594410393,0.4791816735822501,0.4735674594410393,merge,2794,
309,0.008392426648130082,True,False,32,32,0.4736728589321824,0.4791816735822501,0.0,0.4736728589321824,0.4791816735822501,0.4736728589321824,split,,2876
310,0.008381831156885265,True,False,32,32,0.4736728561032052,0.4791816735822501,0.0,0.4736728561032052,0.4791816735822501,0.4736728561032052,paired,2797,2894
311,0.008371249042514555,True,False,32,32,0.47515235674122985,0.4791816735822501,0.0,0.47515235674122985,0.4791816735822501,0.47515235674122985,paired,2679,2844
314,0.00833958279186977,False,False,32,32,0.47515235674122985,0.4791816735822501,0.0,0.47515235674122985,0.4791816735822501,0.44515235702597056,split,,2679
315,0.008329054016324694,True,False,31,31,0.4736728558184644,0.4791816735822501,0.0,0.4736728558184644,0.4791816735822501,0.4736728558184644,merge,2844,
316,0.008318538533424735,True,False,32,32,0.4740603927733988,0.4791816735822501,0.0,0.4740603927733988,0.4791816735822501,0.4740603927733988,split,,2877
318,0.008297547378453167,True,False,32,32,0.47406265311617185,0.4791816735822501,0.0,0.47406265311617185,0.4791816735822501,0.47406265311617185,paired,2793,2879
319,0.008287071672880994,True,False,31,31,0.47406265181578683,0.4791816735822501,0.0,0.47406265181578683,0.4791816735822501,0.47406265181578683,merge,2894,
320,0.008276609192952767,True,False,30,30,0.472957270007211,0.4791816735822501,0.0,0.472957270007211,0.4791816735822501,0.472957270007211,merge,2823,
322,0.008255723843259394,True,False,30,30,0.4723015813111737,0.4791816735822501,0.0,0.4723015813111737,0.4791816735822501,0.4723015813111737,paired,2812,2790
323,0.008245300940162544,True,False,31,31,0.472316036529108,0.4791816735822501,0.0,0.472316036529108,0.4791816735822501,0.472316036529108,split,,2209
324,0.008234891196046182,True,False,32,32,0.4723209487377371,0.4791816735822501,0.0,0.4723209487377371,0.4791816735822501,0.4723209487377371,split,,2882
326,0.008214111118322716,True,False,32,32,0.4723160695373064,0.4791816735822501,0.0,0.4723160695373064,0.4791816735822501,0.4723160695373064,paired,2882,2210
329,0.008183039279439901,False,False,32,32,0.4723160695373064,0.4791816735822501,0.0,0.4723160695373064,0.4791816735822501,0.4423160708376914,split,,2894
332,0.008152084977215366,True,False,31,31,0.472316036529108,0.4791816735822501,0.0,0.472316036529108,0.4791816735822501,0.472316036529108,merge,2210,
334,0.008131513854245803,False,False,31,31,0.472316036529108,0.4791816735822501,0.0,0.472316036529108,0.4791816735822501,0.46622058325906324,paired,2866,2844
335,0.008121247767038597,True,False,32,32,0.47231604484249967,0.4791816735822501,0.0,0.47231604484249967,0.4791816735822501,0.47231604484249967,split,,2793
336,0.00811099464083084,True,False,31,31,0.47231604359393775,0.4791816735822501,0.0,0.47231604359393775,0.4791816735822501,0.47231604359393775,merge,2893,
338,0.008090527205980939,True,False,30,30,0.472313774937773,0.4791816735822501,0.0,0.472313774937773,0.4791816735822501,0.472313774937773,merge,2879,
339,0.008080312864674064,False,False,30,30,0.472313774937773,0.4791816735822501,0.0,0.472313774937773,0.4791816735822501,0.38771043893413293,paired,2841,2679
341,0.00805992285278921,True,False,31,31,0.47241547320531874,0.4791816735822501,0.0,0.47241547320531874,0.4791816735822501,0.47241547320531874,split,,1778
343,0.008039584293439875,True,False,32,32,0.4724485528111684,0.4791816735822501,0.0,0.4724485528111684,0.4791816735822501,0.4724485528111684,split,,3132
344,0.008029434267879379,True,False,31,31,0.4723468545436226,0.4791816735822501,0.0,0.4723468545436226,0.4791816735822501,0.4723468545436226,merge,1778,
345,0.00801929705678977,True,False,32,32,0.4723468621867102,0.4791816735822501,0.0,0.4723468621867102,0.4791816735822501,0.4723468621867102,split,,2794
346,0.008009172643992703,True,False,32,32,0.47234686212818044,0.4791816735822501,0.0,0.47234686212818044,0.4791816735822501,0.47234686212818044,paired,2801,3366
349,0.007978876033879447,False,False,32,32,0.47234686212818044,0.4791816735822501,0.0,0.47234686212818044,0.4791816735822501,0.46129184394111744,paired,2873,2443
354,0.007928636145473976,True,False,31,31,0.4707741072453988,0.4791816735822501,0.0,0.4707741072453988,0.4791816735822501,0.4707741072453988,merge,2811,
355,0.00791862619264568,True,False,32,32,0.47077410748006515,0.4791816735822501,0.0,0.47077410748006515,0.4791816735822501,0.47077410748006515,split,,3486
356,0.007908628877445572,True,False,32,32,0.47077410864961633,0.4791816735822501,0.0,0.47077410864961633,0.4791816735822501,0.47077410864961633,paired,2790,2893
358,0.007888672096129715,True,False,31,31,0.470759653431682,0.4791816735822501,0.0,0.470759653431682,0.4791816735822501,0.470759653431682,merge,2209,
359,0.0078787125981642,False,False,31,31,0.470759653431682,0.4791816735822501,0.0,0.470759653431682,0.4791816735822501,0.3861563184436863,paired,2841,2894
360,0.007868765674127292,True,False,32,32,0.4707596534500921,0.4791816735822501,0.0,0.4707596534500921,0.4791816735822501,0.4707596534500921,split,,3013
361,0.007858831308144326,True,False,32,32,0.47116003499077336,0.4791816735822501,0.0,0.47116003499077336,0.4791816735822501,0.47116003499077336,paired,3013,2804
362,0.007848909484360678,True,False,31,31,0.471160034756107,0.4791816735822501,0.0,0.471160034756107,0.4791816735822501,0.471160034756107,merge,3486,
364,0.007829103400072913,True,False,31,31,0.472251998723938,0.4791816735822501,0.0,0.472251998723938,0.4791816735822501,0.472251998723938,paired,2877,2844
366,0.007809347294826898,True,False,31,31,0.47225199868368384,0.4791816735822501,0.0,0.47225199868368384,0.4791816735822501,0.47225199868368384,paired,2893,2837
367,0.0077994879449202175,True,False,30,30,0.4721465991925408,0.4791816735822501,0.0,0.4721465991925408,0.4791816735822501,0.4721465991925408,merge,2876,
368,0.007789641042504589,True,False,31,31,0.472215939984982,0.4791816735822501,0.0,0.472215939984982,0.4791816735822501,0.472215939984982,split,,3133
369,0.007779806571864978,True,False,31,31,0.47181556255525287,0.4791816735822501,0.0,0.47181556255525287,0.4791816735822501,0.47181556255525287,paired,2804,2797
370,0.007769984517306191,True,False,32,32,0.47181687832821656,0.4791816735822501,0.0,0.47181687832821656,0.4791816735822501,0.47181687832821656,split,,2847
374,0.0077308201466683695,False,False,32,32,0.47181687832821656,0.4791816735822501,0.0,0.47181687832821656,0.4791816735822501,0.44192227781935955,split,,2876
375,0.007721059937778426,True,False,32,32,0.47181687427786506,0.4791816735822501,0.0,0.47181687427786506,0.4791816735822501,0.47181687427786506,paired,2797,2790
378,0.007691853182849577,True,False,31,31,0.47181687409557294,0.4791816735822501,0.0,0.47181687409557294,0.4791816735822501,0.47181687409557294,merge,3366,
379,0.007682142169995689,False,False,31,31,0.47181687409557294,0.4791816735822501,0.0,0.47181687409557294,0.4791816735822501,0.4642419199027628,merge,2866,
382,0.007653082630826743,True,False,30,30,0.47033737317280755,0.4791816735822501,0.0,0.47033737317280755,0.4791816735822501,0.47033737317280755,merge,2844,
384,0.007633770699666189,True,False,29,29,0.470336057399844,0.4791816735822501,0.0,0.470336057399844,0.4791816735822501,0.470336057399844,merge,2847,
386,0.007614507500592187,True,False,30,30,0.47181555832260935,0.4791816735822501,0.0,0.47181555832260935,0.4791816735822501,0.47181555832260935,split,,2844
388,0.0075952929106332815,True,False,31,31,0.47221593988170074,0.4791816735822501,0.0,0.47221593988170074,0.4791816735822501,0.47221593988170074,split,,2804
389,0.007585703805728284,True,False,32,32,0.4722172556546644,0.4791816735822501,0.0,0.4722172556546644,0.4791816735822501,0.4722172556546644,split,,2847
394,0.007537939570382537,False,False,32,32,0.4722172556546644,0.4791816735822501,0.0,0.4722172556546644,0.4791816735822501,0.4612309725029594,paired,2873,1778
395,0.007528422874429079,True,False,32,32,0.471922273586716,0.4791816735822501,0.0,0.471922273586716,0.4791816735822501,0.471922273586716,paired,2804,2876
396,0.007518918193363912,True,False,32,32,0.4718168743363948,0.4791816735822501,0.0,0.4718168743363948,0.4791816735822501,0.4718168743363948,paired,2876,2801
397,0.007509425512018162,True,False,31,31,0.4717872172343407,0.4791816735822501,0.0,0.4717872172343407,0.4791816735822501,0.4717872172343407,merge,1777,
398,0.00749994481524211,True,False,30,30,0.46421226304153057,0.4791816735822501,0.0,0.46421226304153057,0.4791816735822501,0.46421226304153057,merge,2866,
399,0.007490476087905158,False,False,30,30,0.46421226304153057,0.4791816735822501,0.0,0.46421226304153057,0.4791816735822501,0.394278213531598,paired,2870,2866
401,0.0074715744811216745,True,False,29,29,0.46421226183322284,0.4791816735822501,0.0,0.46421226183322284,0.4791816735822501,0.46421226183322284,merge,2837,
402,0.007462141571509369,True,False,28,28,0.4642122617542121,0.4791816735822501,0.0,0.4642122617542121,0.4791816735822501,0.4642122617542121,merge,2790,
403,0.007452720571004571,True,False,27,27,0.46421225411112443,0.4791816735822501,0.0,0.46421225411112443,0.4791816735822501,0.46421225411112443,merge,2794,
404,0.00744331146457196,True,False,27,27,0.4631331347474505,0.4791816735822501,0.0,0.4631331347474505,0.4791816735822501,0.4631331347474505,paired,2844,2804
405,0.007433914237195194,True,False,28,28,0.463133142390538,0.4791816735822501,0.0,0.463133142390538,0.4791816735822501,0.463133142390538,split,,2794
406,0.00742452887387689,True,False,29,29,0.4631331435988458,0.4791816735822501,0.0,0.4631331435988458,0.4791816735822501,0.4631331435988458,split,,2837
408,0.007405793679520786,True,False,28,28,0.463133142390538,0.4791816735822501,0.0,0.463133142390538,0.4791816735822501,0.463133142390538,merge,2837,
409,0.0073964438185828,False,False,28,28,0.463133142390538,0.4791816735822501,0.0,0.463133142390538,0.4791816735822501,0.37852980610215725,merge,2841,
411,0.007377779494577984,True,False,27,27,0.4631331421497163,0.4791816735822501,0.0,0.4631331421497163,0.4791816735822501,0.4631331421497163,merge,2801,
412,0.007368465001724072,True,False,28,28,0.4631331424344571,0.4791816735822501,0.0,0.4631331424344571,0.4791816735822501,0.4631331424344571,split,,2679
413,0.007359162268475768,True,False,29,29,0.4707080966272671,0.4791816735822501,0.0,0.4707080966272671,0.4791816735822501,0.4707080966272671,split,,2866
414,0.007349871279986498,False,False,29,29,0.4707080966272671,0.4791816735822501,0.0,0.4707080966272671,0.4791816735822501,0.4631331424344571,merge,2866,
415,0.00734059202142843,True,False,28,28,0.45962011520801643,0.4791816735822501,0.0,0.45962011520801643,0.4791816735822501,0.45962011520801643,merge,2873,
417,0.007322068634888147,True,False,29,29,0.4596201157064288,0.4791816735822501,0.0,0.4596201157064288,0.4791816735822501,0.4596201157064288,split,,2680
418,0.007312824477343774,True,False,30,30,0.45971471384800344,0.4791816735822501,0.0,0.45971471384800344,0.4791816735822501,0.45971471384800344,split,,3134
419,0.007303591990606242,False,False,30,30,0.45971471384800344,0.4791816735822501,0.0,0.45971471384800344,0.4791816735822501,0.3822057101858575,paired,2870,2704
421,0.007285161970632431,True,False,29,29,0.4596201157064288,0.4791816735822501,0.0,0.4596201157064288,0.4791816735822501,0.4596201157064288,merge,3134,
422,0.0072759644079830035,True,False,29,29,0.4596187999339254,0.4791816735822501,0.0,0.4596187999339254,0.4791816735822501,0.4596187999339254,paired,2847,2727
423,0.007266778457314069,True,False,30,30,0.4596188011422331,0.4791816735822501,0.0,0.4596188011422331,0.4791816735822501,0.4596188011422331,split,,2837
424,0.007257604103965428,True,False,31,31,0.4596188011442985,0.4791816735822501,0.0,0.4596188011442985,0.4791816735822501,0.4596188011442985,split,,2681
425,0.0072484413332953935,True,False,32,32,0.4596188011463583,0.4791816735822501,0.0,0.4596188011463583,0.4791816735822501,0.4596188011463583,split,,2757
427,0.007230150481516782,True,False,31,31,0.4592184195872669,0.4791816735822501,0.0,0.4592184195872669,0.4791816735822501,0.4592184195872669,merge,2804,
428,0.00722102237121716,True,False,32,32,0.4592184195889464,0.4791816735822501,0.0,0.4592184195889464,0.4791816735822501,0.4592184195889464,split,,2728
429,0.007211905785214004,False,False,32,32,0.4592184195889464,0.4791816735822501,0.0,0.4592184195889464,0.4791816735822501,0.42921841966795715,split,,2790
430,0.0072028007089578175,True,False,31,31,0.4592184119458587,0.4791816735822501,0.0,0.4592184119458587,0.4791816735822501,0.4592184119458587,merge,2794,
431,0.007193707127917474,True,False,32,32,0.4606979128686241,0.4791816735822501,0.0,0.4606979128686241,0.4791816735822501,0.4606979128686241,split,,2844
433,0.007175554393451503,True,False,31,31,0.4606979045552324,0.4791816735822501,0.0,0.4606979045552324,0.4791816735822501,0.4606979045552324,merge,2793,
434,0.0071664952110552585,True,False,32,32,0.4606979046342432,0.4791816735822501,0.0,0.4606979046342432,0.4791816735822501,0.4606979046342432,split,,2790
435,0.007157447465933569,True,False,31,31,0.4606979046325637,0.4791816735822501,0.0,0.4606979046325637,0.4791816735822501,0.4606979046325637,merge,2728,
436,0.007148411143646805,True,False,30,30,0.4606285638401225,0.4791816735822501,0.0,0.4606285638401225,0.4791816735822501,0.4606285638401225,merge,3133,
437,0.007139386229773564,True,False,29,29,0.46059548423427293,0.4791816735822501,0.0,0.46059548423427293,0.4791816735822501,0.46059548423427293,merge,3132,
438,0.007130372709910655,True,False,29,29,0.4604899694683104,0.4791816735822501,0.0,0.4604899694683104,0.4791816735822501,0.4604899694683104,paired,2800,1777
439,0.0071213705696730675,False,False,29,29,0.4604899694683104,0.4791816735822501,0.0,0.4604899694683104,0.4791816735822501,0.37591971278577924,paired,2841,3132
440,0.007112379794693952,True,False,28,28,0.4604899682600026,0.4791816735822501,0.0,0.4604899682600026,0.4791816735822501,0.4604899682600026,merge,2837,
441,0.007103400370624601,True,False,29,29,0.4605230478658522,0.4791816735822501,0.0,0.4605230478658522,0.4791816735822501,0.4605230478658522,split,,3132
442,0.007094432283134417,True,False,30,30,0.460624746133398,0.4791816735822501,0.0,0.460624746133398,0.4791816735822501,0.460624746133398,split,,1778
443,0.007085475517910899,True,False,30,30,0.4531191327330291,0.4791816735822501,0.0,0.4531191327330291,0.4791816735822501,0.4531191327330291,paired,2866,3133
444,0.0070765300606596155,False,False,30,30,0.4531191327330291,0.4791816735822501,0.0,0.4531191327330291,0.4791816735822501,0.3685157964452659,paired,2841,2769
445,0.0070675958971041794,True,False,31,31,0.4531191339413369,0.4791816735822501,0.0,0.4531191339413369,0.4791816735822501,0.4531191339413369,split,,2837
446,0.007058673012986227,True,False,32,32,0.45311914254167557,0.4791816735822501,0.0,0.45311914254167557,0.4791816735822501,0.45311914254167557,split,,3241
449,0.007031971894943555,False,False,32,32,0.45311914254167557,0.4791816735822501,0.0,0.45311914254167557,0.4791816735822501,0.42311914258227223,split,,2704
453,0.006996527454482327,True,False,31,31,0.4531191413333677,0.4791816735822501,0.0,0.4531191413333677,0.4791816735822501,0.4531191413333677,merge,2837,
454,0.006987694294718626,True,False,31,31,0.4531204571042659,0.4791816735822501,0.0,0.4531204571042659,0.4791816735822501,0.4531204571042659,paired,2681,2847
456,0.006970061416870551,True,False,30,30,0.4516409561815006,0.4791816735822501,0.0,0.4516409561815006,0.4791816735822501,0.4516409561815006,merge,2844,
457,0.006961261670645216,True,False,30,30,0.45184504857413677,0.4791816735822501,0.0,0.45184504857413677,0.4791816735822501,0.45184504857413677,paired,2847,1994
459,0.006943695493372728,True,False,31,31,0.4518450498226987,0.4791816735822501,0.0,0.4518450498226987,0.4791816735822501,0.4518450498226987,split,,2893
460,0.0069349290342910624,True,False,32,32,0.4518450498229851,0.4791816735822501,0.0,0.4518450498229851,0.4791816735822501,0.4518450498229851,split,,2758
463,0.006908696007428719,True,False,31,31,0.45184504857442315,0.4791816735822501,0.0,0.45184504857442315,0.4791816735822501,0.45184504857442315,merge,2893,
464,0.006899973735417427,True,False,30,30,0.45163964040882343,0.4791816735822501,0.0,0.45163964040882343,0.4791816735822501,0.45163964040882343,merge,1994,
465,0.006891262475329217,True,False,31,31,0.45184504857442315,0.4791816735822501,0.0,0.45184504857442315,0.4791816735822501,0.45184504857442315,split,,1994
466,0.00688256221326147,True,False,30,30,0.4518450484954124,0.4791816735822501,0.0,0.4518450484954124,0.4791816735822501,0.4518450484954124,merge,2790,
467,0.006873872935329114,True,False,31,31,0.45184505096233823,0.4791816735822501,0.0,0.45184505096233823,0.4791816735822501,0.45184505096233823,split,,1995
469,0.006856527276417924,False,False,31,31,0.45184505096233823,0.4791816735822501,0.0,0.45184505096233823,0.4791816735822501,0.36724171467395744,merge,2841,
470,0.006847870867756513,True,False,30,30,0.4518450484954124,0.4791816735822501,0.0,0.4518450484954124,0.4791816735822501,0.4518450484954124,merge,1995,
471,0.006839225387865294,True,False,30,30,0.451845065054571,0.4791816735822501,0.0,0.451845065054571,0.4791816735822501,0.451845065054571,paired,2758,3297
473,0.006821967159220284,True,False,30,30,0.4517748287569878,0.4791816735822501,0.0,0.4517748287569878,0.4791816735822501,0.4517748287569878,paired,1994,2800
474,0.006813354382923448,True,False,30,30,0.45164097266193476,0.4791816735822501,0.0,0.45164097266193476,0.4791816735822501,0.45164097266193476,paired,2800,2847
475,0.0068047524803106696,True,False,31,31,0.4516418985548806,0.4791816735822501,0.0,0.4516418985548806,0.4791816735822501,0.4516418985548806,split,,2853
476,0.006796161437653856,True,False,31,31,0.45312047358470015,0.4791816735822501,0.0,0.45312047358470015,0.4791816735822501,0.45312047358470015,paired,2853,2844
477,0.0067875812412422415,True,False,30,30,0.4530187753171544,0.4791816735822501,0.0,0.4530187753171544,0.4791816735822501,0.4530187753171544,merge,1778,
478,0.006779011877382375,True,False,29,29,0.45301877481874203,0.4791816735822501,0.0,0.45301877481874203,0.4791816735822501,0.45301877481874203,merge,2680,
479,0.006770453332398093,True,False,30,30,0.4531539466867585,0.4791816735822501,0.0,0.4531539466867585,0.4791816735822501,0.4531539466867585,split,,2800
480,0.006761905592630495,True,False,30,30,0.4531539432975122,0.4791816735822501,0.0,0.4531539432975122,0.4791816735822501,0.4531539432975122,paired,2789,2728
481,0.00675336864443793,True,False,31,31,0.4531622820294329,0.4791816735822501,0.0,0.4531622820294329,0.4791816735822501,0.4531622820294329,split,,1
482,0.0067448424741959655,True,False,32,32,0.4531622820300505,0.4791816735822501,0.0,0.4531622820300505,0.4791816735822501,0.4531622820300505,split,,2769
483,0.0067363270682973715,True,False,32,32,0.45356134781617824,0.4791816735822501,0.0,0.45356134781617824,0.4791816735822501,0.45356134781617824,paired,2847,2804
484,0.0067278224131520955,True,False,31,31,0.45355300908425755,0.4791816735822501,0.0,0.45355300908425755,0.4791816735822501,0.45355300908425755,merge,1,
485,0.006719328495187246,True,False,32,32,0.45355301247518337,0.4791816735822501,0.0,0.45355301247518337,0.4791816735822501,0.45355301247518337,split,,2789
486,0.006710845300847065,True,False,31,31,0.453152630916092,0.4791816735822501,0.0,0.453152630916092,0.4791816735822501,0.453152630916092,merge,2804,
487,0.006702372816592909,True,False,31,31,0.45312298212742963,0.4791816735822501,0.0,0.45312298212742963,0.4791816735822501,0.45312298212742963,paired,1777,2793
488,0.006693911028903228,True,False,31,31,0.45352335537312927,0.4791816735822501,0.0,0.45352335537312927,0.4791816735822501,0.45352335537312927,paired,2793,2804
489,0.006685459924273539,True,False,30,30,0.45352335537144983,0.4791816735822501,0.0,0.45352335537144983,0.4791816735822501,0.45352335537144983,merge,2728,
491,0.006668589710261456,True,False,29,29,0.4535233519805241,0.4791816735822501,0.0,0.4535233519805241,0.4791816735822501,0.4535233519805241,merge,2789,
492,0.006660170573955261,True,False,30,30,0.4535233519822035,0.4791816735822501,0.0,0.4535233519822035,0.4791816735822501,0.4535233519822035,split,,2728
493,0.006651762066861423,True,False,31,31,0.4535233519824899,0.4791816735822501,0.0,0.4535233519824899,0.4791816735822501,0.4535233519824899,split,,2758
494,0.00664336417556049,True,False,31,31,0.4536179501223851,0.4791816735822501,0.0,0.4536179501223851,0.4791816735822501,0.4536179501223851,paired,2728,3134
495,0.006634976886649963,True,False,32,32,0.46119290431519516,0.4791816735822501,0.0,0.46119290431519516,0.4791816735822501,0.46119290431519516,split,,2866
496,0.006626600186744255,True,False,32,32,0.4611929217362774,0.4791816735822501,0.0,0.4611929217362774,0.4791816735822501,0.4611929217362774,paired,2758,3242
498,0.0066098785004894325,True,False,32,32,0.45971342420443784,0.4791816735822501,0.0,0.45971342420443784,0.4791816735822501,0.45971342420443784,paired,2844,2789
499,0.006601533487453561,False,False,32,32,0.45971342420443784,0.4791816735822501,0.0,0.45971342420443784,0.4791816735822501,0.3822044205016951,merge,2870,
501,0.006584875054974306,True,False,31,31,0.4593130426453465,0.4791816735822501,0.0,0.4593130426453465,0.4791816735822501,0.4593130426453465,merge,2804,
502,0.006576561608945113,True,False,30,30,0.45931303925442074,0.4791816735822501,0.0,0.45931303925442074,0.4791816735822501,0.45931303925442074,merge,2789,
503,0.006568258658693638,True,False,29,29,0.4593130392538032,0.4791816735822501,0.0,0.4593130392538032,0.4791816735822501,0.4593130392538032,merge,2769,
504,0.006559966190968896,False,False,29,29,0.4593130392538032,0.4791816735822501,0.0,0.4593130392538032,0.4791816735822501,0.37470970417373006,paired,2841,2837
505,0.006551684192536633,True,False,28,28,0.45931302183243455,0.4791816735822501,0.0,0.45931302183243455,0.4791816735822501,0.45931302183243455,merge,3242,
507,0.006535151550696035,True,False,27,27,0.45917784996441796,0.4791816735822501,0.0,0.45917784996441796,0.4791816735822501,0.45917784996441796,merge,2800,
509,0.006518660627631587,True,False,26,26,0.4516028957716079,0.4791816735822501,0.0,0.4516028957716079,0.4791816735822501,0.4516028957716079,merge,2866,
510,0.00651043077773193,True,False,27,27,0.4516042115445715,0.4791816735822501,0.0,0.4516042115445715,0.4791816735822501,0.4516042115445715,split,,2847
511,0.006502211318069353,True,False,28,28,0.45160421154625086,0.4791816735822501,0.0,0.45160421154625086,0.4791816735822501,0.45160421154625086,split,,2728
512,0.006494002235526117,True,False,27,27,0.4516041949868059,0.4791816735822501,0.0,0.4516041949868059,0.4791816735822501,0.4516041949868059,merge,3297,
513,0.006485803517001045,True,False,26,26,0.45160418638646727,0.4791816735822501,0.0,0.45160418638646727,0.4791816735822501,0.45160418638646727,merge,3241,
514,0.006477615149409498,True,False,25,25,0.4514691679523433,0.4791816735822501,0.0,0.4514691679523433,0.4791816735822501,0.4514691679523433,merge,2788,
515,0.006469437119683358,True,False,26,26,0.45146916845075574,0.4791816735822501,0.0,0.45146916845075574,0.4791816735822501,0.45146916845075574,split,,2680
516,0.006461269414771004,True,False,27,27,0.45167220630608357,0.4791816735822501,0.0,0.45167220630608357,0.4791816735822501,0.45167220630608357,split,,3135
517,0.0064531120216372966,True,False,26,26,0.45146916845075574,0.4791816735822501,0.0,0.45146916845075574,0.4791816735822501,0.45146916845075574,merge,3135,
519,0.00643682811864751,True,False,25,25,0.4513745703091811,0.4791816735822501,0.0,0.4513745703091811,0.4791816735822501,0.4513745703091811,merge,3134,
521,0.006420585306761628,True,False,26,26,0.45137457030946754,0.4791816735822501,0.0,0.45137457030946754,0.4791816735822501,0.45137457030946754,split,,2758
523,0.006404383482289591,True,False,27,27,0.4513754962024133,0.4791816735822501,0.0,0.4513754962024133,0.4791816735822501,0.4513754962024133,split,,2853
524,0.006396297908002187,True,False,26,26,0.45137457030946754,0.4791816735822501,0.0,0.45137457030946754,0.4791816735822501,0.45137457030946754,merge,2853,
525,0.006388222541802999,True,False,25,25,0.4513745703091811,0.4791816735822501,0.0,0.4513745703091811,0.4791816735822501,0.4513745703091811,merge,2758,
526,0.006380157370804252,True,False,24,24,0.45137457030750167,0.4791816735822501,0.0,0.45137457030750167,0.4791816735822501,0.45137457030750167,merge,2728,
528,0.006364057562938312,True,False,24,24,0.4514786540256812,0.4791816735822501,0.0,0.4514786540256812,0.4791816735822501,0.4514786540256812,paired,2847,2876
529,0.006356022900376841,False,False,24,24,0.4514786540256812,0.4791816735822501,0.0,0.4514786540256812,0.4791816735822501,0.37397798905485913,paired,2870,1
530,0.006347998381627214,True,False,25,25,0.45157325216725575,0.4791816735822501,0.0,0.45157325216725575,0.4791816735822501,0.45157325216725575,split,,3134
532,0.006331979724353152,True,False,25,25,0.4515770214901141,0.4791816735822501,0.0,0.4515770214901141,0.4791816735822501,0.4515770214901141,paired,2680,3182
534,0.006316001488857016,False,False,25,25,0.4515770214901141,0.4791816735822501,0.0,0.4515770214901141,0.4791816735822501,0.37406801778798887,paired,2870,2769
535,0.0063080274973902764,True,False,25,25,0.451585360219975,0.4791816735822501,0.0,0.451585360219975,0.4791816735822501,0.451585360219975,paired,2757,1
536,0.006300063573137742,True,False,24,24,0.45157702148805434,0.4791816735822501,0.0,0.45157702148805434,0.4791816735822501,0.45157702148805434,merge,1,
538,0.006284165875451652,True,False,25,25,0.45314977637083603,0.4791816735822501,0.0,0.45314977637083603,0.4791816735822501,0.45314977637083603,split,,2811
539,0.006276232076646374,False,False,25,25,0.45314977637083603,0.4791816735822501,0.0,0.45314977637083603,0.4791816735822501,0.3756407726680933,merge,2870,
540,0.006268308294311814,True,False,25,25,0.45314977757868363,0.4791816735822501,0.0,0.45314977757868363,0.4791816735822501,0.45314977757868363,paired,2727,2837
541,0.006260394515802116,True,False,24,24,0.4531497772939429,0.4791816735822501,0.0,0.4531497772939429,0.4791816735822501,0.4531497772939429,merge,2679,
542,0.006252490728487388,True,False,25,25,0.45314977757868363,0.4791816735822501,0.0,0.45314977757868363,0.4791816735822501,0.45314977757868363,split,,2679
543,0.006244596919753682,True,False,26,26,0.45353731453361795,0.4791816735822501,0.0,0.45353731453361795,0.4791816735822501,0.45353731453361795,split,,2877
544,0.006236713077002981,True,False,27,27,0.4537403523889458,0.4791816735822501,0.0,0.4537403523889458,0.4791816735822501,0.4537403523889458,split,,3135
545,0.0062288391876531655,True,False,27,27,0.45353732313395656,0.4791816735822501,0.0,0.45353732313395656,0.4791816735822501,0.45353732313395656,paired,3135,3241
546,0.006220975239138006,True,False,26,26,0.45353732192564883,0.4791816735822501,0.0,0.45353732192564883,0.4791816735822501,0.45353732192564883,merge,2837,
548,0.006205277114426034,True,False,27,27,0.4541930107006969,0.4791816735822501,0.0,0.4541930107006969,0.4791816735822501,0.4541930107006969,split,,2812
549,0.0061974429131760045,True,False,27,27,0.45419415308805533,0.4791816735822501,0.0,0.45419415308805533,0.4791816735822501,0.45419415308805533,paired,3182,2882
550,0.006189618602654157,True,False,26,26,0.45419415280331454,0.4791816735822501,0.0,0.45419415280331454,0.4791816735822501,0.45419415280331454,merge,2679,
551,0.006181804170373383,True,False,27,27,0.4541954685762781,0.4791816735822501,0.0,0.4541954685762781,0.4791816735822501,0.4541954685762781,split,,2847
552,0.006173999603862342,True,False,26,26,0.45419415280331454,0.4791816735822501,0.0,0.45419415280331454,0.4791816735822501,0.45419415280331454,merge,2847,
553,0.006166204890665439,True,False,25,25,0.4535384640282666,0.4791816735822501,0.0,0.4535384640282666,0.4791816735822501,0.4535384640282666,merge,2812,
554,0.006158420018342802,True,False,26,26,0.4535384643130073,0.4791816735822501,0.0,0.4535384643130073,0.4791816735822501,0.4535384643130073,split,,2679
555,0.006150644974470266,True,False,25,25,0.4535335521043781,0.4791816735822501,0.0,0.4535335521043781,0.4791816735822501,0.4535335521043781,merge,2882,
556,0.006142879746639351,True,False,26,26,0.4535384643130073,0.4791816735822501,0.0,0.4535384643130073,0.4791816735822501,0.4535384643130073,split,,2882
557,0.006135124322457242,True,False,27,27,0.45356812141506136,0.4791816735822501,0.0,0.45356812141506136,0.4791816735822501,0.45356812141506136,split,,1777
559,0.006119642835546401,True,False,28,28,0.4535681226636233,0.4791816735822501,0.0,0.4535681226636233,0.4791816735822501,0.4535681226636233,split,,2893
560,0.00611191674811019,True,False,29,29,0.46465610408287394,0.4791816735822501,0.0,0.46465610408287394,0.4791816735822501,0.46465610408287394,split,,2873
561,0.006104200414907794,True,False,28,28,0.4646264469808199,0.4791816735822501,0.0,0.4646264469808199,0.4791816735822501,0.4646264469808199,merge,1777,
564,0.006081109817633386,False,False,28,28,0.4646264469808199,0.4791816735822501,0.0,0.4646264469808199,0.4791816735822501,0.38714431385338843,paired,2870,2886
565,0.006073432378373807,True,False,28,28,0.4661059393032467,0.4791816735822501,0.0,0.4661059393032467,0.4791816735822501,0.4661059393032467,paired,3241,2844
566,0.006065764631929412,True,False,29,29,0.4662409577373706,0.4791816735822501,0.0,0.4662409577373706,0.4791816735822501,0.4662409577373706,split,,2788
567,0.006058106566062964,True,False,29,29,0.4661059405115544,0.4791816735822501,0.0,0.4661059405115544,0.4791816735822501,0.4661059405115544,paired,2788,2837
568,0.006050458168552668,True,False,30,30,0.4661355976136084,0.4791816735822501,0.0,0.4661355976136084,0.4791816735822501,0.4661355976136084,split,,1777
569,0.006042819427192168,True,False,31,31,0.46614393634552903,0.4791816735822501,0.0,0.46614393634552903,0.4791816735822501,0.46614393634552903,split,,1
570,0.0060351903297905145,True,False,32,32,0.467249318154105,0.4791816735822501,0.0,0.467249318154105,0.4791816735822501,0.467249318154105,split,,2823
572,0.00601996101817688,True,False,31,31,0.4668617811991706,0.4791816735822501,0.0,0.4668617811991706,0.4791816735822501,0.4668617811991706,merge,2877,
573,0.006012360779659878,True,False,32,32,0.46696347946671635,0.4791816735822501,0.0,0.46696347946671635,0.4791816735822501,0.46696347946671635,split,,1778
574,0.006004770136491641,False,False,32,32,0.46696347946671635,0.4791816735822501,0.0,0.46696347946671635,0.4791816735822501,0.3894544757639736,merge,2870,
575,0.0059971890765579796,True,False,31,31,0.4654839785439509,0.4791816735822501,0.0,0.4654839785439509,0.4791816735822501,0.4654839785439509,merge,2844,
576,0.00598961758776,True,False,32,32,0.46548397856236096,0.4791816735822501,0.0,0.46548397856236096,0.4791816735822501,0.46548397856236096,split,,3013
579,0.005966960427420229,False,False,32,32,0.46548397856236096,0.4791816735822501,0.0,0.46548397856236096,0.4791816735822501,0.4354839953842139,split,,1779
580,0.005959427102481251,True,False,31,31,0.4654790663537318,0.4791816735822501,0.0,0.4654790663537318,0.4791816735822501,0.4654790663537318,merge,2882,
581,0.005951903288412226,True,False,32,32,0.46568210420905964,0.4791816735822501,0.0,0.46568210420905964,0.4791816735822501,0.46568210420905964,split,,3135
584,0.005929388791425314,True,False,31,31,0.4656821039243189,0.4791816735822501,0.0,0.4656821039243189,0.4791816735822501,0.4656821039243189,merge,2679,
585,0.005921902900912271,True,False,32,32,0.46568341969728255,0.4791816735822501,0.0,0.46568341969728255,0.4791816735822501,0.46568341969728255,split,,2847
587,0.005906959460905332,True,False,31,31,0.46457803788870655,0.4791816735822501,0.0,0.46457803788870655,0.4791816735822501,0.46457803788870655,merge,2823,
588,0.005899501887562651,True,False,32,32,0.4645780391890916,0.4791816735822501,0.0,0.4645780391890916,0.4791816735822501,0.4645780391890916,split,,2894
589,0.005892053729453056,False,False,32,32,0.4645780391890916,0.4791816735822501,0.0,0.4645780391890916,0.4791816735822501,0.3870690354863489,merge,2870,
591,0.005877185611400972,True,False,31,31,0.4644763409215458,0.4791816735822501,0.0,0.4644763409215458,0.4791816735822501,0.4644763409215458,merge,1778,
592,0.005869765627729904,True,False,32,32,0.4644763409215459,0.4791816735822501,0.0,0.4644763409215459,0.4791816735822501,0.4644763409215459,split,,2954
594,0.0058549537518885674,False,False,32,32,0.4644763409215459,0.4791816735822501,0.0,0.4644763409215459,0.4791816735822501,0.3869687789131481,paired,2870,2848
595,0.005847561836079477,True,False,31,31,0.46437094143040286,0.4791816735822501,0.0,0.46437094143040286,0.4791816735822501,0.46437094143040286,merge,2876,
597,0.005832805989699279,True,False,30,30,0.46434128432834876,0.4791816735822501,0.0,0.46434128432834876,0.4791816735822501,0.46434128432834876,merge,1777,
598,0.005825442035578768,True,False,31,31,0.46434128461308954,0.4791816735822501,0.0,0.46434128461308954,0.4791816735822501,0.46434128461308954,split,,2679
599,0.0058180873784964915,False,False,31,31,0.46434128461308954,0.4791816735822501,0.0,0.46434128461308954,0.4791816735822501,0.3797379483247088,paired,2841,3073
600,0.005810742006714878,True,False,31,31,0.46447630302880355,0.4791816735822501,0.0,0.46447630302880355,0.4791816735822501,0.46447630302880355,paired,3013,2788
602,0.00579607907217744,True,False,30,30,0.4642732651734757,0.4791816735822501,0.0,0.4642732651734757,0.4791816735822501,0.4642732651734757,merge,3135,
603,0.005788761486020497,True,False,31,31,0.4643029222755298,0.4791816735822501,0.0,0.4643029222755298,0.4791816735822501,0.4643029222755298,split,,1777
604,0.005781453138361941,True,False,30,30,0.4642732651734757,0.4791816735822501,0.0,0.4642732651734757,0.4791816735822501,0.4642732651734757,merge,1777,
605,0.005774154017538111,True,False,29,29,0.4641786670319011,0.4791816735822501,0.0,0.4641786670319011,0.4791816735822501,0.4641786670319011,merge,3134,
606,0.005766864111900071,True,False,30,30,0.4641786670319011,0.4791816735822501,0.0,0.4641786670319011,0.4791816735822501,0.4641786670319011,split,,2955
607,0.005759583409813589,True,False,29,29,0.4641773512589375,0.4791816735822501,0.0,0.4641773512589375,0.4791816735822501,0.4641773512589375,merge,2847,
608,0.005752311899659125,True,False,30,30,0.4641773512773475,0.4791816735822501,0.0,0.4641773512773475,0.4791816735822501,0.4641773512773475,split,,3013
609,0.005745049569831807,True,False,29,29,0.46404233284322355,0.4791816735822501,0.0,0.46404233284322355,0.4791816735822501,0.46404233284322355,merge,2788,
610,0.005737796408741416,True,False,30,30,0.4640423351200787,0.4791816735822501,0.0,0.4640423351200787,0.4791816735822501,0.4640423351200787,split,,2895
611,0.0057305524048123615,True,False,29,29,0.4640423348353379,0.4791816735822501,0.0,0.4640423348353379,0.4791816735822501,0.4640423348353379,merge,2679,
612,0.00572331754648367,True,False,30,30,0.46404240613617576,0.4791816735822501,0.0,0.46404240613617576,0.4791816735822501,0.46404240613617576,split,,865
613,0.005716091822208965,True,False,29,29,0.4640423348353379,0.4791816735822501,0.0,0.4640423348353379,0.4791816735822501,0.4640423348353379,merge,865,
614,0.005708875220456447,True,False,30,30,0.46404233739267675,0.4791816735822501,0.0,0.46404233739267675,0.4791816735822501,0.46404233739267675,split,,2925
616,0.005694469338463541,True,False,29,29,0.46403399866075606,0.4791816735822501,0.0,0.46403399866075606,0.4791816735822501,0.46403399866075606,merge,1,
617,0.005687280035232275,True,False,30,30,0.46403399866264006,0.4791816735822501,0.0,0.46403399866264006,0.4791816735822501,0.46403399866264006,split,,2896
618,0.005680099808541399,True,False,30,30,0.4640339961053012,0.4791816735822501,0.0,0.4640339961053012,0.4791816735822501,0.4640339961053012,paired,2925,2967
619,0.005672928646931724,False,False,30,30,0.4640339961053012,0.4791816735822501,0.0,0.4640339961053012,0.4791816735822501,0.3794306598169204,merge,2841,
621,0.005658613473191539,True,False,31,31,0.4640339962875933,0.4791816735822501,0.0,0.4640339962875933,0.4791816735822501,0.4640339962875933,split,,3366
622,0.005651469438214913,True,False,32,32,0.4640340048879319,0.4791816735822501,0.0,0.4640340048879319,0.4791816735822501,0.4640340048879319,split,,3241
624,0.005637208415041434,False,False,32,32,0.4640340048879319,0.4791816735822501,0.0,0.4640340048879319,0.4791816735822501,0.3865250011851892,paired,2870,3073
625,0.005630091404084885,True,False,31,31,0.4640340036796241,0.4791816735822501,0.0,0.4640340036796241,0.4791816735822501,0.4640340036796241,merge,2837,
626,0.005622983378399276,True,False,30,30,0.46403400367962405,0.4791816735822501,0.0,0.46403400367962405,0.4791816735822501,0.46403400367962405,merge,2967,
628,0.005608794237479357,True,False,30,30,0.4624612513541813,0.4791816735822501,0.0,0.4624612513541813,0.4791816735822501,0.4624612513541813,paired,2811,2925
629,0.005601713099600072,True,False,31,31,0.4624612530109182,0.4791816735822501,0.0,0.4624612530109182,0.4791816735822501,0.4624612530109182,split,,2937
630,0.005594640901701743,True,False,30,30,0.4624612530109182,0.4791816735822501,0.0,0.4624612530109182,0.4791816735822501,0.4624612530109182,merge,2955,
632,0.005580523280715073,True,False,29,29,0.46246125135418126,0.4791816735822501,0.0,0.46246125135418126,0.4791816735822501,0.46246125135418126,merge,2937,
634,0.005566441284395978,True,False,29,29,0.462461242988509,0.4791816735822501,0.0,0.462461242988509,0.4791816735822501,0.462461242988509,paired,3241,3486
635,0.005559413617385419,True,False,28,28,0.459919888259818,0.4791816735822501,0.0,0.459919888259818,0.4791816735822501,0.459919888259818,merge,2787,
636,0.005552394822848508,True,False,29,29,0.460025287750961,0.4791816735822501,0.0,0.460025287750961,0.4791816735822501,0.460025287750961,split,,2876
637,0.005545384889583691,True,False,30,30,0.4615047886737263,0.4791816735822501,0.0,0.4615047886737263,0.4791816735822501,0.4615047886737263,split,,2844
638,0.0055383838064035585,True,False,29,29,0.4613993891825834,0.4791816735822501,0.0,0.4613993891825834,0.4791816735822501,0.4613993891825834,merge,2876,
639,0.005531391562134821,True,False,30,30,0.46139939039089106,0.4791816735822501,0.0,0.46139939039089106,0.4791816735822501,0.46139939039089106,split,,2837
640,0.005524408145618299,True,False,29,29,0.4613993903890071,0.4791816735822501,0.0,0.4613993903890071,0.4791816735822501,0.4613993903890071,merge,2896,
641,0.0055174335457089,True,False,28,28,0.4613993901543408,0.4791816735822501,0.0,0.4613993901543408,0.4791816735822501,0.4613993901543408,merge,3486,
642,0.005510467751275601,True,False,27,27,0.4613993899720487,0.4791816735822501,0.0,0.4613993899720487,0.4791816735822501,0.4613993899720487,merge,3366,
644,0.0054965625343834645,True,False,26,26,0.46139938995363877,0.4791816735822501,0.0,0.46139938995363877,0.4791816735822501,0.46139938995363877,merge,3013,
645,0.005489623089732779,True,False,26,26,0.461399390402068,0.4791816735822501,0.0,0.461399390402068,0.4791816735822501,0.461399390402068,paired,2837,2937
646,0.005482692406174458,True,False,26,26,0.4613300497919189,0.4791816735822501,0.0,0.4613300497919189,0.4791816735822501,0.4613300497919189,paired,3133,3366
647,0.00547577047264757,True,False,26,26,0.4613300496096268,0.4791816735822501,0.0,0.4613300496096268,0.4791816735822501,0.4613300496096268,paired,3366,2984
648,0.0054688572781051445,True,False,25,25,0.46129697000377723,0.4791816735822501,0.0,0.46129697000377723,0.4791816735822501,0.46129697000377723,merge,3132,
649,0.005461952811514159,True,False,26,26,0.46129697028851796,0.4791816735822501,0.0,0.46129697028851796,0.4791816735822501,0.46129697028851796,split,,2679
651,0.005448170018124044,True,False,27,27,0.461296970288518,0.4791816735822501,0.0,0.461296970288518,0.4791816735822501,0.461296970288518,split,,2955
652,0.005441291669328447,True,False,27,27,0.46129697030692796,0.4791816735822501,0.0,0.46129697030692796,0.4791816735822501,0.46129697030692796,paired,2955,3013
653,0.005434422004491316,True,False,28,28,0.4612969703348734,0.4791816735822501,0.0,0.4612969703348734,0.4791816735822501,0.4612969703348734,split,,2938
654,0.005427561012649099,True,False,27,27,0.4612969703164634,0.4791816735822501,0.0,0.4612969703164634,0.4791816735822501,0.4612969703164634,merge,3013,
655,0.005420708682852086,True,False,26,26,0.4612969700317226,0.4791816735822501,0.0,0.4612969700317226,0.4791816735822501,0.4612969700317226,merge,2679,
657,0.005407029965663931,True,False,27,27,0.4612969793555555,0.4791816735822501,0.0,0.4612969793555555,0.4791816735822501,0.4612969793555555,split,,2926
658,0.00540020355644242,True,False,26,26,0.46129697935555547,0.4791816735822501,0.0,0.46129697935555547,0.4791816735822501,0.46129697935555547,merge,2984,
659,0.0053933857656053375,False,False,26,26,0.46129697935555547,0.4791816735822501,0.0,0.46129697935555547,0.4791816735822501,0.38389337514395583,paired,2870,2876
660,0.005386576582271919,True,False,27,27,0.46129698056386326,0.4791816735822501,0.0,0.46129698056386326,0.4791816735822501,0.46129698056386326,split,,2837
661,0.005379775995575136,True,False,26,26,0.46129698053591783,0.4791816735822501,0.0,0.46129698053591783,0.4791816735822501,0.46129698053591783,merge,2938,
663,0.005366200568691953,True,False,25,25,0.4612969788791809,0.4791816735822501,0.0,0.4612969788791809,0.4791816735822501,0.4612969788791809,merge,2937,
664,0.005359425706840027,False,False,25,25,0.4612969788791809,0.4791816735822501,0.0,0.4612969788791809,0.4791816735822501,0.4502089974599302,merge,2873,
665,0.0053526593982936525,True,False,24,24,0.4612969788791809,0.4791816735822501,0.0,0.4612969788791809,0.4791816735822501,0.4612969788791809,merge,2954,
666,0.0053459016322542265,True,False,25,25,0.4612969788791809,0.4791816735822501,0.0,0.4612969788791809,0.4791816735822501,0.4612969788791809,split,,2954
667,0.005339152397936781,True,False,26,26,0.4613266359812349,0.4791816735822501,0.0,0.4613266359812349,0.4791816735822501,0.4613266359812349,split,,1777
668,0.0053324116845699645,True,False,27,27,0.46134109119916916,0.4791816735822501,0.0,0.46134109119916916,0.4791816735822501,0.46134109119916916,split,,2209
669,0.005325679481396022,False,False,27,27,0.46134109119916916,0.4791816735822501,0.0,0.46134109119916916,0.4791816735822501,0.3767377549107883,merge,2841,
670,0.005318955777670783,True,False,28,28,0.46137417080501875,0.4791816735822501,0.0,0.46137417080501875,0.4791816735822501,0.46137417080501875,split,,3132
671,0.00531224056266364,True,False,27,27,0.461374169596711,0.4791816735822501,0.0,0.461374169596711,0.4791816735822501,0.461374169596711,merge,2837,
672,0.005305533825657531,True,False,28,28,0.46894912378952114,0.4791816735822501,0.0,0.46894912378952114,0.4791816735822501,0.46894912378952114,split,,2866
674,0.005292145742847819,False,False,28,28,0.46894912378952114,0.4791816735822501,0.0,0.46894912378952114,0.4791816735822501,0.4578611423702704,merge,2873,
675,0.005285464375677677,True,False,29,29,0.46901846458196234,0.4791816735822501,0.0,0.46901846458196234,0.4791816735822501,0.46901846458196234,split,,3133
676,0.005278791443775465,True,False,30,30,0.4691238640731053,0.4791816735822501,0.0,0.4691238640731053,0.4791816735822501,0.4691238640731053,split,,2876
678,0.005265470843189959,True,False,29,29,0.4676443631503399,0.4791816735822501,0.0,0.4676443631503399,0.4791816735822501,0.4676443631503399,merge,2844,
679,0.005258823153247827,True,False,28,28,0.4675389636591969,0.4791816735822501,0.0,0.4675389636591969,0.4791816735822501,0.4675389636591969,merge,2876,
680,0.005252183856055913,True,False,27,27,0.467538954335364,0.4791816735822501,0.0,0.467538954335364,0.4791816735822501,0.467538954335364,merge,2926,
681,0.005245552941018318,True,False,28,28,0.4675719175675516,0.4791816735822501,0.0,0.4675719175675516,0.4791816735822501,0.4675719175675516,split,,2443
682,0.005238930397552517,True,False,27,27,0.4675025767751104,0.4791816735822501,0.0,0.4675025767751104,0.4791816735822501,0.4675025767751104,merge,3133,
683,0.005232316215089351,True,False,28,28,0.4675025769574025,0.4791816735822501,0.0,0.4675025769574025,0.4791816735822501,0.4675025769574025,split,,3366
684,0.005225710383073,True,False,27,27,0.4675025744000637,0.4791816735822501,0.0,0.4675025744000637,0.4791816735822501,0.4675025744000637,merge,2925,
685,0.005219112890960974,True,False,26,26,0.46750257421777164,0.4791816735822501,0.0,0.46750257421777164,0.4791816735822501,0.46750257421777164,merge,3366,
686,0.005212523728224091,True,False,27,27,0.4675025742177716,0.4791816735822501,0.0,0.4675025742177716,0.4791816735822501,0.4675025742177716,split,,2984
687,0.005205942884346462,True,False,28,28,0.46750257940683027,0.4791816735822501,0.0,0.46750257940683027,0.4791816735822501,0.46750257940683027,split,,2551
688,0.0051993703488254755,True,False,29,29,0.46750257942524026,0.4791816735822501,0.0,0.46750257942524026,0.4791816735822501,0.46750257942524026,split,,3013
689,0.0051928061111717804,False,False,29,29,0.46750257942524026,0.4791816735822501,0.0,0.46750257942524026,0.4791816735822501,0.45992762523243014,merge,2866,
692,0.005173163080719452,True,False,29,29,0.46750257940871415,0.4791816735822501,0.0,0.46750257940871415,0.4791816735822501,0.46750257940871415,paired,3013,2896
693,0.005166631929906,True,False,28,28,0.4599276252159041,0.4791816735822501,0.0,0.4599276252159041,0.4791816735822501,0.4599276252159041,merge,2866,
694,0.005160109024711386,True,False,29,29,0.4599276253191486,0.4791816735822501,0.0,0.4599276253191486,0.4791816735822501,0.4599276253191486,split,,2908
696,0.005147087909551231,True,False,30,30,0.4599276255014407,0.4791816735822501,0.0,0.4599276255014407,0.4791816735822501,0.4599276255014407,split,,3366
697,0.005140589678804811,True,False,29,29,0.4599276253191486,0.4791816735822501,0.0,0.4599276253191486,0.4791816735822501,0.4599276253191486,merge,3366,
698,0.0051340996521154385,True,False,30,30,0.4599276253375586,0.4791816735822501,0.0,0.4599276253375586,0.4791816735822501,0.4599276253375586,split,,3013
699,0.005127617819125439,True,False,31,31,0.4599276256222994,0.4791816735822501,0.0,0.4599276256222994,0.4791816735822501,0.4599276256222994,split,,2679
700,0.005121144169490215,True,False,32,32,0.4599276261207117,0.4791816735822501,0.0,0.4599276261207117,0.4791816735822501,0.4599276261207117,split,,2680
704,0.005095331198061905,True,False,31,31,0.4599276261023017,0.4791816735822501,0.0,0.4599276261023017,0.4791816735822501,0.4599276261023017,merge,3013,
705,0.005088898310488138,True,False,32,32,0.4599276261023052,0.4791816735822501,0.0,0.4599276261023052,0.4791816735822501,0.4599276261023052,split,,2914
707,0.005076056889769728,True,False,31,31,0.4599276261023017,0.4791816735822501,0.0,0.4599276261023017,0.4791816735822501,0.4599276261023017,merge,2914,
708,0.005069648336130987,True,False,31,31,0.45989454649645556,0.4791816735822501,0.0,0.45989454649645556,0.4791816735822501,0.45989454649645556,paired,3132,2914
709,0.005063247873331381,True,False,31,31,0.4598945465148621,0.4791816735822501,0.0,0.4598945465148621,0.4791816735822501,0.4598945465148621,paired,2914,3013
710,0.005056855491156177,True,False,30,30,0.45989454132580354,0.4791816735822501,0.0,0.45989454132580354,0.4791816735822501,0.45989454132580354,merge,2551,
711,0.005050471179403534,True,False,29,29,0.4598945408273912,0.4791816735822501,0.0,0.4598945408273912,0.4791816735822501,0.4598945408273912,merge,2680,
712,0.005044094927884495,True,False,29,29,0.45989454072414665,0.4791816735822501,0.0,0.45989454072414665,0.4791816735822501,0.45989454072414665,paired,2908,3073
713,0.005037726726422963,True,False,28,28,0.45989454072226277,0.4791816735822501,0.0,0.45989454072226277,0.4791816735822501,0.45989454072226277,merge,2896,
714,0.00503136656485569,True,False,29,29,0.46746949491507284,0.4791816735822501,0.0,0.46746949491507284,0.4791816735822501,0.46746949491507284,split,,2866
715,0.00502501443303226,True,False,30,30,0.4674694949525672,0.4791816735822501,0.0,0.4674694949525672,0.4791816735822501,0.4674694949525672,split,,3014
716,0.00501867032081507,True,False,31,31,0.4674695279607657,0.4791816735822501,0.0,0.4674695279607657,0.4791816735822501,0.4674695279607657,split,,2210
717,0.005012334218079318,True,False,30,30,0.46746952568391054,0.4791816735822501,0.0,0.46746952568391054,0.4791816735822501,0.46746952568391054,merge,2895,
719,0.004999686000616811,False,False,30,30,0.46746952568391054,0.4791816735822501,0.0,0.46746952568391054,0.4791816735822501,0.4564213988987951,paired,2873,2444
721,0.004987069699901674,True,False,29,29,0.4674695256839105,0.4791816735822501,0.0,0.4674695256839105,0.4791816735822501,0.4674695256839105,merge,2984,
722,0.00498077349314789,True,False,30,30,0.4675712239514564,0.4791816735822501,0.0,0.4675712239514564,0.4791816735822501,0.4675712239514564,split,,1778
723,0.004974485235394595,True,False,30,30,0.4675712239139621,0.4791816735822501,0.0,0.4675712239139621,0.4791816735822501,0.4675712239139621,paired,3014,3074
724,0.004968204916606127,True,False,29,29,0.4599962697211519,0.4791816735822501,0.0,0.4599962697211519,0.4791816735822501,0.4599962697211519,merge,2866,
725,0.004961932526759493,True,False,30,30,0.4599963021008731,0.4791816735822501,0.0,0.4599963021008731,0.4791816735822501,0.4599963021008731,split,,2211
726,0.004955668055844353,True,False,31,31,0.45999630355601756,0.4791816735822501,0.0,0.45999630355601756,0.4791816735822501,0.45999630355601756,split,,2212
727,0.004949411493863009,True,False,32,32,0.45999630356857313,0.4791816735822501,0.0,0.45999630356857313,0.4791816735822501,0.45999630356857313,split,,2318
728,0.00494316283083038,True,False,31,31,0.4599963032838324,0.4791816735822501,0.0,0.4599963032838324,0.4791816735822501,0.4599963032838324,merge,2679,
729,0.004936922056773995,True,False,30,30,0.45999630327127683,0.4791816735822501,0.0,0.45999630327127683,0.4791816735822501,0.45999630327127683,merge,2318,
730,0.004930689161733972,True,False,31,31,0.45999630330565205,0.4791816735822501,0.0,0.45999630330565205,0.4791816735822501,0.45999630330565205,split,,2236
731,0.004924464135763002,True,False,32,32,0.46003615793978736,0.4791816735822501,0.0,0.46003615793978736,0.4791816735822501,0.46003615793978736,split,,2444
732,0.004918246968926339,True,False,31,31,0.4600361579054121,0.4791816735822501,0.0,0.4600361579054121,0.4791816735822501,0.4600361579054121,merge,2236,
733,0.004912037651301774,True,False,32,32,0.46003718677841676,0.4791816735822501,0.0,0.46003718677841676,0.4791816735822501,0.46003718677841676,split,,2492
734,0.004905836172979627,False,False,32,32,0.46003718677841676,0.4791816735822501,0.0,0.46003718677841676,0.4791816735822501,0.4489492053591661,merge,2873,
736,0.004893456694666416,True,False,31,31,0.459935488510871,0.4791816735822501,0.0,0.459935488510871,0.4791816735822501,0.459935488510871,merge,1778,
737,0.004887278674918483,True,False,32,32,0.46000962591693645,0.4791816735822501,0.0,0.46000962591693645,0.4791816735822501,0.46000962591693645,split,,2445
738,0.004881108454959204,True,False,32,32,0.46000859704393177,0.4791816735822501,0.0,0.46000859704393177,0.4791816735822501,0.46000859704393177,paired,2492,3086
739,0.004874946024941297,False,False,32,32,0.46000859704393177,0.4791816735822501,0.0,0.46000859704393177,0.4791816735822501,0.4489206156246811,paired,2873,2984
743,0.004850374007772547,True,False,31,31,0.4599344596378663,0.4791816735822501,0.0,0.4599344596378663,0.4791816735822501,0.4599344596378663,merge,2445,
744,0.004844250380186849,True,False,30,30,0.4488464782186156,0.4791816735822501,0.0,0.4488464782186156,0.4791816735822501,0.4488464782186156,merge,2873,
745,0.004838134483719359,True,False,29,29,0.4488066235844803,0.4791816735822501,0.0,0.4488066235844803,0.4791816735822501,0.4488066235844803,merge,2444,
746,0.004832026308609491,True,False,28,28,0.4488066221293359,0.4791816735822501,0.0,0.4488066221293359,0.4791816735822501,0.4488066221293359,merge,2212,
747,0.004825925845108985,True,False,27,27,0.4488066221293359,0.4791816735822501,0.0,0.4488066221293359,0.4791816735822501,0.4488066221293359,merge,3086,
748,0.0048198330834818845,True,False,26,26,0.4487736588971483,0.4791816735822501,0.0,0.4487736588971483,0.4791816735822501,0.4487736588971483,merge,2443,
749,0.004813748014004526,True,False,27,27,0.45025315981991365,0.4791816735822501,0.0,0.45025315981991365,0.4791816735822501,0.45025315981991365,split,,2844
750,0.004807670626965522,True,False,27,27,0.4502531274401925,0.4791816735822501,0.0,0.4502531274401925,0.4791816735822501,0.4502531274401925,paired,2211,3075
751,0.0048016009126657455,True,False,27,27,0.45026143316391465,0.4791816735822501,0.0,0.45026143316391465,0.4791816735822501,0.45026143316391465,paired,2210,1
752,0.004795538861418317,True,False,27,27,0.4502530956403017,0.4791816735822501,0.0,0.4502530956403017,0.4791816735822501,0.4502530956403017,paired,1,2837
753,0.004789484463548583,True,False,28,28,0.4502530956403017,0.4791816735822501,0.0,0.4502530956403017,0.4791816735822501,0.4502530956403017,split,,3086
754,0.0047834377093941075,False,False,28,28,0.4502530956403017,0.4791816735822501,0.0,0.4502530956403017,0.4791816735822501,0.36564975935192096,merge,2841,
755,0.0047773985893046515,True,False,28,28,0.4503584951314447,0.4791816735822501,0.0,0.4503584951314447,0.4791816735822501,0.4503584951314447,paired,2954,2876
756,0.00477136709364216,True,False,29,29,0.4503668338633654,0.4791816735822501,0.0,0.4503668338633654,0.4791816735822501,0.4503668338633654,split,,1
757,0.004765343212780746,True,False,28,28,0.4503668338633654,0.4791816735822501,0.0,0.4503668338633654,0.4791816735822501,0.4503668338633654,merge,3086,
758,0.0047593269371066765,True,False,27,27,0.4503584951314447,0.4791816735822501,0.0,0.4503584951314447,0.4791816735822501,0.4503584951314447,merge,1,
759,0.004753318257018353,True,False,28,28,0.4503584951314447,0.4791816735822501,0.0,0.4503584951314447,0.4791816735822501,0.4503584951314447,split,,3086
761,0.004741323645253155,True,False,29,29,0.45793344932425484,0.4791816735822501,0.0,0.45793344932425484,0.4791816735822501,0.45793344932425484,split,,2866
762,0.004735337694433637,True,False,30,30,0.4579665289301044,0.4791816735822501,0.0,0.4579665289301044,0.4791816735822501,0.4579665289301044,split,,3132
763,0.004729359300914547,True,False,29,29,0.45796652893010437,0.4791816735822501,0.0,0.45796652893010437,0.4791816735822501,0.45796652893010437,merge,3075,
764,0.004723388455154746,True,False,30,30,0.45796652896759865,0.4791816735822501,0.0,0.45796652896759865,0.4791816735822501,0.45796652896759865,split,,3014
765,0.00471742514762514,True,False,29,29,0.45648702804483327,0.4791816735822501,0.0,0.45648702804483327,0.4791816735822501,0.45648702804483327,merge,2844,
766,0.004711469368808666,True,False,28,28,0.4564725728268992,0.4791816735822501,0.0,0.4564725728268992,0.4791816735822501,0.4564725728268992,merge,2209,
767,0.004705521109200279,True,False,29,29,0.45795207374966446,0.4791816735822501,0.0,0.45795207374966446,0.4791816735822501,0.45795207374966446,split,,2844
769,0.004693647109647553,True,False,29,29,0.4579189941438149,0.4791816735822501,0.0,0.4579189941438149,0.4791816735822501,0.4579189941438149,paired,3132,3103
771,0.004681803073166314,True,False,30,30,0.45795207374966446,0.4791816735822501,0.0,0.45795207374966446,0.4791816735822501,0.45795207374966446,split,,3132
772,0.004675892267442115,True,False,31,31,0.45796652896759865,0.4791816735822501,0.0,0.45796652896759865,0.4791816735822501,0.45796652896759865,split,,2209
774,0.004664093033860176,True,False,32,32,0.45806822723514445,0.4791816735822501,0.0,0.45806822723514445,0.4791816735822501,0.45806822723514445,split,,1778
776,0.004652323574683881,True,False,31,31,0.4580682271976501,0.4791816735822501,0.0,0.4580682271976501,0.4791816735822501,0.4580682271976501,merge,3014,
777,0.004646449987011286,True,False,30,30,0.45803514759180053,0.4791816735822501,0.0,0.45803514759180053,0.4791816735822501,0.45803514759180053,merge,3132,
778,0.004640583814779942,True,False,30,30,0.4580351465761562,0.4791816735822501,0.0,0.4580351465761562,0.4791816735822501,0.4580351465761562,paired,2894,2679
779,0.004634725048627808,True,False,31,31,0.4580351465761562,0.4791816735822501,0.0,0.4580351465761562,0.4791816735822501,0.4580351465761562,split,,3115
780,0.004628873679204661,True,False,30,30,0.45792974708501316,0.4791816735822501,0.0,0.45792974708501316,0.4791816735822501,0.45792974708501316,merge,2876,
781,0.0046230296971720855,True,False,29,29,0.4578280488174676,0.4791816735822501,0.0,0.4578280488174676,0.4791816735822501,0.4578280488174676,merge,1778,
783,0.0046113638579839186,True,False,28,28,0.4578280485327268,0.4791816735822501,0.0,0.4578280485327268,0.4791816735822501,0.4578280485327268,merge,2679,
784,0.004605541982210382,False,False,28,28,0.4578280485327268,0.4791816735822501,0.0,0.4578280485327268,0.4791816735822501,0.37322471224434595,merge,2841,
786,0.004593920271847655,True,False,29,29,0.4578280485327268,0.4791816735822501,0.0,0.4578280485327268,0.4791816735822501,0.4578280485327268,split,,3116
788,0.004582327887925177,True,False,29,29,0.4563485476099614,0.4791816735822501,0.0,0.4563485476099614,0.4791816735822501,0.4563485476099614,paired,2844,3118
789,0.00457654267024583,False,False,29,29,0.4563485476099614,0.4791816735822501,0.0,0.4563485476099614,0.4791816735822501,0.37883954390721875,paired,2870,3092
794,0.004547725955703613,True,False,28,28,0.45633409239202727,0.4791816735822501,0.0,0.45633409239202727,0.4791816735822501,0.45633409239202727,merge,2209,
795,0.004541984423180571,True,False,29,29,0.4578135933147926,0.4791816735822501,0.0,0.4578135933147926,0.4791816735822501,0.4578135933147926,split,,2844
797,0.004530523095145322,True,False,30,30,0.4578466729206422,0.4791816735822501,0.0,0.4578466729206422,0.4791816735822501,0.4578466729206422,split,,3132
798,0.0045248032813415585,True,False,29,29,0.45781701581858814,0.4791816735822501,0.0,0.45781701581858814,0.4791816735822501,0.45781701581858814,merge,1777,
799,0.004519090688838573,False,False,29,29,0.45781701581858814,0.4791816735822501,0.0,0.45781701581858814,0.4791816735822501,0.3732136795302073,merge,2841,
800,0.004513385308519427,True,False,30,30,0.45781701610332887,0.4791816735822501,0.0,0.45781701610332887,0.4791816735822501,0.45781701610332887,split,,2679
801,0.004507687131278693,True,False,30,30,0.45636717228261753,0.4791816735822501,0.0,0.45636717228261753,0.4791816735822501,0.45636717228261753,paired,2844,1777
802,0.00450199614802244,True,False,31,31,0.4563671722830777,0.4791816735822501,0.0,0.4563671722830777,0.4791816735822501,0.4563671722830777,split,,2727
803,0.0044963123496682186,True,False,32,32,0.45636717228307777,0.4791816735822501,0.0,0.45636717228307777,0.4791816735822501,0.45636717228307777,split,,3075
804,0.004490635727145044,True,False,32,32,0.456367172375155,0.4791816735822501,0.0,0.456367172375155,0.4791816735822501,0.456367172375155,paired,2837,2894
806,0.004479303973365145,True,False,31,31,0.456337515273101,0.4791816735822501,0.0,0.456337515273101,0.4791816735822501,0.456337515273101,merge,1777,
807,0.004473648824023657,True,False,32,32,0.45887887000179195,0.4791816735822501,0.0,0.45887887000179195,0.4791816735822501,0.45887887000179195,split,,2787
809,0.004462359935311278,False,False,32,32,0.45887887000179195,0.4791816735822501,0.0,0.45887887000179195,0.4791816735822501,0.38150488473317334,paired,2870,2788
811,0.0044510995331908014,True,False,31,31,0.458878870001792,0.4791816735822501,0.0,0.458878870001792,0.4791816735822501,0.458878870001792,merge,3118,
812,0.004445479992131812,True,False,32,32,0.458878870001792,0.4791816735822501,0.0,0.458878870001792,0.4791816735822501,0.458878870001792,split,,3076
814,0.004434262185174147,False,False,32,32,0.458878870001792,0.4791816735822501,0.0,0.458878870001792,0.4791816735822501,0.4288788712100997,split,,2837
816,0.004423072685439362,True,False,32,32,0.458878872278187,0.4791816735822501,0.0,0.458878872278187,0.4791816735822501,0.458878872278187,paired,2727,2895
817,0.004417488528451322,True,False,32,32,0.4588788722800709,0.4791816735822501,0.0,0.4588788722800709,0.4791816735822501,0.4588788722800709,paired,3076,2896
818,0.004411911421496481,True,False,31,31,0.4588788719953302,0.4791816735822501,0.0,0.4588788719953302,0.4791816735822501,0.4588788719953302,merge,2679,
819,0.004406341355674126,False,False,31,31,0.4588788719953302,0.4791816735822501,0.0,0.4588788719953302,0.4791816735822501,0.45130391780252005,merge,2866,
820,0.004400778322094783,True,False,32,32,0.4588788722800709,0.4791816735822501,0.0,0.4588788722800709,0.4791816735822501,0.4588788722800709,split,,2679
821,0.004395222311880202,True,False,32,32,0.45633751755137986,0.4791816735822501,0.0,0.45633751755137986,0.4791816735822501,0.45633751755137986,paired,2787,3118
822,0.004389673316163341,True,False,31,31,0.45630443794553033,0.4791816735822501,0.0,0.45630443794553033,0.4791816735822501,0.45630443794553033,merge,3132,
823,0.004384131326088352,True,False,30,30,0.45630443794553033,0.4791816735822501,0.0,0.45630443794553033,0.4791816735822501,0.45630443794553033,merge,3086,
824,0.0043785963328105675,False,False,30,30,0.45630443794553033,0.4791816735822501,0.0,0.45630443794553033,0.4791816735822501,0.37170110165714954,paired,2841,2954
827,0.004362033245481193,True,False,31,31,0.46739241936478093,0.4791816735822501,0.0,0.46739241936478093,0.4791816735822501,0.46739241936478093,split,,2873
829,0.004351026009597255,False,False,31,31,0.46739241936478093,0.4791816735822501,0.0,0.46739241936478093,0.4791816735822501,0.4598174651719709,merge,2866,
830,0.004345532811989037,True,False,32,32,0.467497818855924,0.4791816735822501,0.0,0.467497818855924,0.4791816735822501,0.467497818855924,split,,2876
834,0.004323629286018234,False,False,32,32,0.467497818855924,0.4791816735822501,0.0,0.467497818855924,0.4791816735822501,0.437497818855924,split,,2954
837,0.004307274124683187,True,False,31,31,0.4674978188559239,0.4791816735822501,0.0,0.4674978188559239,0.4791816735822501,0.4674978188559239,merge,3075,
838,0.004301836164103899,True,False,32,32,0.4674978200642317,0.4791816735822501,0.0,0.4674978200642317,0.4791816735822501,0.4674978200642317,split,,2837
839,0.004296405068983925,False,False,32,32,0.4674978200642317,0.4791816735822501,0.0,0.4674978200642317,0.4791816735822501,0.38998881636148897,merge,2870,
841,0.004285563440462123,True,False,31,31,0.4674978188559239,0.4791816735822501,0.0,0.4674978188559239,0.4791816735822501,0.4674978188559239,merge,2837,
842,0.004280152889757741,True,False,30,30,0.46749781885404007,0.4791816735822501,0.0,0.46749781885404007,0.4791816735822501,0.46749781885404007,merge,2896,
844,0.004269352272287507,True,False,31,31,0.46749781885450015,0.4791816735822501,0.0,0.46749781885450015,0.4791816735822501,0.46749781885450015,split,,2727
848,0.004247832732010063,True,False,32,32,0.46749781935291257,0.4791816735822501,0.0,0.46749781935291257,0.4791816735822501,0.46749781935291257,split,,2680
849,0.004242469816561587,True,False,31,31,0.4673924198617695,0.4791816735822501,0.0,0.4673924198617695,0.4791816735822501,0.4673924198617695,merge,2876,
850,0.004237113671827478,True,False,30,30,0.46739241986176944,0.4791816735822501,0.0,0.46739241986176944,0.4791816735822501,0.46739241986176944,merge,3118,
851,0.004231764289259667,True,False,29,29,0.4673924198617694,0.4791816735822501,0.0,0.4673924198617694,0.4791816735822501,0.4673924198617694,merge,3074,
853,0.004221085776484607,True,False,30,30,0.46740075859369007,0.4791816735822501,0.0,0.46740075859369007,0.4791816735822501,0.46740075859369007,split,,1
854,0.004215756629235126,True,False,30,30,0.46740207386824123,0.4791816735822501,0.0,0.46740207386824123,0.4791816735822501,0.46740207386824123,paired,2680,2847
855,0.004210434210067448,True,False,30,30,0.46740351328573115,0.4791816735822501,0.0,0.46740351328573115,0.4791816735822501,0.46740351328573115,paired,2895,2848
856,0.0042051185104873285,True,False,31,31,0.46740351328573115,0.4791816735822501,0.0,0.46740351328573115,0.4791816735822501,0.46740351328573115,split,,3121
857,0.004199809522011246,True,False,30,30,0.4673951745538105,0.4791816735822501,0.0,0.4673951745538105,0.4791816735822501,0.4673951745538105,merge,1,
858,0.004194507236166391,True,False,31,31,0.4673951745538105,0.4791816735822501,0.0,0.4673951745538105,0.4791816735822501,0.4673951745538105,split,,3125
859,0.004189211644490649,True,False,31,31,0.4673951745554899,0.4791816735822501,0.0,0.4673951745554899,0.4791816735822501,0.4673951745554899,paired,3125,2728
860,0.004183922738532587,True,False,32,32,0.469936529284181,0.4791816735822501,0.0,0.469936529284181,0.4791816735822501,0.469936529284181,split,,2787
864,0.004162833803221723,True,False,31,31,0.469936527983796,0.4791816735822501,0.0,0.469936527983796,0.4791816735822501,0.469936527983796,merge,2894,
865,0.004157578199453593,True,False,30,30,0.469936527983796,0.4791816735822501,0.0,0.469936527983796,0.4791816735822501,0.469936527983796,merge,3116,
867,0.0041470868892384055,True,False,31,31,0.4699365280212903,0.4791816735822501,0.0,0.4699365280212903,0.4791816735822501,0.4699365280212903,split,,3014
868,0.004141851166047877,True,False,32,32,0.46994085201257774,0.4791816735822501,0.0,0.46994085201257774,0.4791816735822501,0.46994085201257774,split,,2850
869,0.004136622052990694,False,False,32,32,0.46994085201257774,0.4791816735822501,0.0,0.46994085201257774,0.4791816735822501,0.3924318483098351,merge,2870,
873,0.004115771535346666,True,False,32,32,0.4673994972841169,0.4791816735822501,0.0,0.4673994972841169,0.4791816735822501,0.4673994972841169,paired,2787,2740
874,0.004110575347986704,False,False,32,32,0.4673994972841169,0.4791816735822501,0.0,0.4673994972841169,0.4791816735822501,0.43739949728617655,split,,2757
876,0.004100202645641791,True,False,31,31,0.46739949724662255,0.4791816735822501,0.0,0.46739949724662255,0.4791816735822501,0.46739949724662255,merge,3014,
877,0.004095026114102662,True,False,32,32,0.4673994984549303,0.4791816735822501,0.0,0.4673994984549303,0.4791816735822501,0.4673994984549303,split,,2837
879,0.004084692648983957,True,False,31,31,0.4673994984549303,0.4791816735822501,0.0,0.4673994984549303,0.4791816735822501,0.4673994984549303,merge,3121,
880,0.00407953569891282,True,False,30,30,0.46739949724662255,0.4791816735822501,0.0,0.46739949724662255,0.4791816735822501,0.46739949724662255,merge,2837,
883,0.004064103879921408,True,False,30,30,0.4613040439765778,0.4791816735822501,0.0,0.4613040439765778,0.4791816735822501,0.4613040439765778,paired,2866,2844
884,0.004058972923300259,True,False,31,31,0.4613040439765778,0.4791816735822501,0.0,0.4613040439765778,0.4791816735822501,0.4613040439765778,split,,3116
885,0.004053848444544004,True,False,30,30,0.46130404397634767,0.4791816735822501,0.0,0.46130404397634767,0.4791816735822501,0.46130404397634767,merge,2740,
887,0.004043618887923119,True,False,31,31,0.46130404397634767,0.4791816735822501,0.0,0.46130404397634767,0.4791816735822501,0.46130404397634767,split,,3121
888,0.0040385137937327615,True,False,30,30,0.46130404397634767,0.4791816735822501,0.0,0.46130404397634767,0.4791816735822501,0.46130404397634767,merge,3121,
889,0.004033415144755819,True,False,30,30,0.4638453987033593,0.4791816735822501,0.0,0.4638453987033593,0.4791816735822501,0.4638453987033593,paired,2728,2787
890,0.004028322932855165,True,False,29,29,0.4638410747120717,0.4791816735822501,0.0,0.4638410747120717,0.4791816735822501,0.4638410747120717,merge,2850,
891,0.004023237149903953,True,False,30,30,0.46384107471413144,0.4791816735822501,0.0,0.46384107471413144,0.4791816735822501,0.46384107471413144,split,,2757
892,0.0040181577877855925,True,False,29,29,0.4638410747120717,0.4791816735822501,0.0,0.4638410747120717,0.4791816735822501,0.4638410747120717,merge,2757,
893,0.0040130848383937425,True,False,30,30,0.4639464742032147,0.4791816735822501,0.0,0.4639464742032147,0.4791816735822501,0.4639464742032147,split,,2876
894,0.004008018293632297,True,False,29,29,0.4639464742032147,0.4791816735822501,0.0,0.4639464742032147,0.4791816735822501,0.4639464742032147,merge,3116,
895,0.004002958145415367,True,False,30,30,0.4639464747016272,0.4791816735822501,0.0,0.4639464747016272,0.4791816735822501,0.4639464747016272,split,,2680
897,0.003992857006322546,True,False,31,31,0.4639761318036812,0.4791816735822501,0.0,0.4639761318036812,0.4791816735822501,0.4639761318036812,split,,1777
899,0.003982781356632128,True,False,32,32,0.46397613310406627,0.4791816735822501,0.0,0.46397613310406627,0.4791816735822501,0.46397613310406627,split,,2894
900,0.0039777530702063395,True,False,31,31,0.46397613260565385,0.4791816735822501,0.0,0.46397613260565385,0.4791816735822501,0.46397613260565385,merge,2680,
901,0.00397273113202368,True,False,32,32,0.4639761326077136,0.4791816735822501,0.0,0.4639761326077136,0.4791816735822501,0.4639761326077136,split,,2757
904,0.003957703326838086,False,False,32,32,0.4639761326077136,0.4791816735822501,0.0,0.4639761326077136,0.4791816735822501,0.43397613260799994,split,,2758
906,0.003947716384596809,True,False,31,31,0.46394647550565954,0.4791816735822501,0.0,0.46394647550565954,0.4791816735822501,0.46394647550565954,merge,1777,
908,0.003937754643591473,True,False,30,30,0.4639464742052745,0.4791816735822501,0.0,0.4639464742052745,0.4791816735822501,0.4639464742052745,merge,2894,
909,0.003932783203673115,False,False,30,30,0.4639464742052745,0.4791816735822501,0.0,0.4639464742052745,0.4791816735822501,0.45285849278602375,merge,2873,
910,0.003927818040228814,True,False,31,31,0.46395079819656193,0.4791816735822501,0.0,0.46395079819656193,0.4791816735822501,0.46395079819656193,split,,2850
911,0.003922859145334481,True,False,30,30,0.46395079819656193,0.4791816735822501,0.0,0.46395079819656193,0.4791816735822501,0.46395079819656193,merge,3115,
912,0.003917906511076033,True,False,31,31,0.463950798196562,0.4791816735822501,0.0,0.463950798196562,0.4791816735822501,0.463950798196562,split,,3074
913,0.003912960129549377,True,False,32,32,0.4639507981971796,0.4791816735822501,0.0,0.4639507981971796,0.4791816735822501,0.4639507981971796,split,,2769
914,0.003908019992860404,True,False,31,31,0.4639464742058921,0.4791816735822501,0.0,0.4639464742058921,0.4791816735822501,0.4639464742058921,merge,2850,
915,0.003903086093124962,True,False,32,32,0.46394740009883795,0.4791816735822501,0.0,0.46394740009883795,0.4791816735822501,0.46394740009883795,split,,2853
916,0.0038981584224688616,True,False,31,31,0.46394740009883795,0.4791816735822501,0.0,0.46394740009883795,0.4791816735822501,0.46394740009883795,merge,3103,
917,0.0038932369730278484,True,False,30,30,0.46394740009822033,0.4791816735822501,0.0,0.46394740009822033,0.4791816735822501,0.46394740009822033,merge,2769,
919,0.0038834127063837147,True,False,30,30,0.4625009787813046,0.4791816735822501,0.0,0.4625009787813046,0.4791816735822501,0.4625009787813046,paired,2844,3132
920,0.003878509873501682,True,False,29,29,0.46250097878130453,0.4791816735822501,0.0,0.46250097878130453,0.4791816735822501,0.46250097878130453,merge,3074,
921,0.0038736132304768934,True,False,28,28,0.4624995370869595,0.4791816735822501,0.0,0.4624995370869595,0.4791816735822501,0.4624995370869595,merge,2848,
922,0.0038687227694946136,True,False,27,27,0.46249953708695946,0.4791816735822501,0.0,0.46249953708695946,0.4791816735822501,0.46249953708695946,merge,3073,
924,0.0038589603624479677,True,False,28,28,0.4700744912797696,0.4791816735822501,0.0,0.4700744912797696,0.4791816735822501,0.4700744912797696,split,,2866
926,0.003849222590040975,True,False,29,29,0.4716472461625512,0.4791816735822501,0.0,0.4716472461625512,0.4791816735822501,0.4716472461625512,split,,2811
927,0.0038443629223951195,True,False,30,30,0.47164724616316883,0.4791816735822501,0.0,0.47164724616316883,0.4791816735822501,0.47164724616316883,split,,2769
928,0.0038395093901101266,True,False,31,31,0.4716555848950894,0.4791816735822501,0.0,0.4716555848950894,0.4791816735822501,0.4716555848950894,split,,1
929,0.0038346619854400647,True,False,32,32,0.4716555850773815,0.4791816735822501,0.0,0.4716555850773815,0.4791816735822501,0.4716555850773815,split,,3366
934,0.003810516605889965,True,False,32,32,0.4716472465688163,0.4791816735822501,0.0,0.4716472465688163,0.4791816735822501,0.4716472465688163,paired,1,3367
937,0.0037961024159267453,True,False,31,31,0.47007449168603455,0.4791816735822501,0.0,0.47007449168603455,0.4791816735822501,0.47007449168603455,merge,2811,
938,0.0037913098128336525,True,False,30,30,0.46753313695734355,0.4791816735822501,0.0,0.46753313695734355,0.4791816735822501,0.46753313695734355,merge,2787,
939,0.003786523260432005,True,False,31,31,0.46753313735638014,0.4791816735822501,0.0,0.46753313735638014,0.4791816735822501,0.46753313735638014,split,,3368
940,0.0037817427510827635,True,False,31,31,0.46756279405939755,0.4791816735822501,0.0,0.46756279405939755,0.4791816735822501,0.46756279405939755,paired,3368,1777
941,0.0037769682771565402,True,False,30,30,0.46756279383604216,0.4791816735822501,0.0,0.46756279383604216,0.4791816735822501,0.46756279383604216,merge,3367,
942,0.003772199831033573,True,False,30,30,0.46766356621064215,0.4791816735822501,0.0,0.46766356621064215,0.4791816735822501,0.46766356621064215,paired,2853,1778
943,0.003767437405103723,True,False,31,31,0.4676635662109285,0.4791816735822501,0.0,0.4676635662109285,0.4791816735822501,0.4676635662109285,split,,2758
944,0.00376268099176646,True,False,30,30,0.46766356621064215,0.4791816735822501,0.0,0.46766356621064215,0.4791816735822501,0.46766356621064215,merge,2758,
945,0.0037579305834308466,True,False,30,30,0.46766356603002956,0.4791816735822501,0.0,0.46766356603002956,0.4791816735822501,0.46766356603002956,paired,3366,2728
946,0.0037531861725155313,True,False,31,31,0.46766356723833724,0.4791816735822501,0.0,0.46766356723833724,0.4791816735822501,0.46766356723833724,split,,2837
947,0.0037484477514487338,True,False,30,30,0.4676622514653737,0.4791816735822501,0.0,0.4676622514653737,0.4791816735822501,0.4676622514653737,merge,2847,
948,0.003743715312668232,True,False,31,31,0.46766226828722657,0.4791816735822501,0.0,0.46766226828722657,0.4791816735822501,0.46766226828722657,split,,1779
949,0.0037389888486213533,False,False,31,31,0.46766226828722657,0.4791816735822501,0.0,0.46766226828722657,0.4791816735822501,0.3830589319988457,merge,2841,
950,0.003734268351764957,True,False,30,30,0.46766226828660895,0.4791816735822501,0.0,0.46766226828660895,0.4791816735822501,0.46766226828660895,merge,2769,
952,0.003724845229498664,True,False,31,31,0.4676671804952381,0.4791816735822501,0.0,0.4676671804952381,0.4791816735822501,0.4676671804952381,split,,2882
954,0.0037154458857144947,True,False,30,30,0.4676671792869304,0.4791816735822501,0.0,0.4676671792869304,0.4791816735822501,0.4676671792869304,merge,2837,
955,0.00371075511199633,True,False,29,29,0.4676671792685204,0.4791816735822501,0.0,0.4676671792685204,0.4791816735822501,0.4676671792685204,merge,3013,
956,0.003706070260409384,True,False,30,30,0.46766717926880674,0.4791816735822501,0.0,0.46766717926880674,0.4791816735822501,0.46766717926880674,split,,2758
957,0.003701391323476931,True,False,31,31,0.46768163448674105,0.4791816735822501,0.0,0.46768163448674105,0.4791816735822501,0.46768163448674105,split,,2209
958,0.003696718293731681,True,False,30,30,0.46768163448645467,0.4791816735822501,0.0,0.46768163448645467,0.4791816735822501,0.46768163448645467,merge,2758,
959,0.003692051163715775,True,False,31,31,0.4676816674946532,0.4791816735822501,0.0,0.4676816674946532,0.4791816735822501,0.4676816674946532,split,,2210
961,0.0036827345730876104,True,False,32,32,0.4676829832676167,0.4791816735822501,0.0,0.4676829832676167,0.4791816735822501,0.4676829832676167,split,,2847
963,0.0036734414921176517,True,False,32,32,0.4676829507578307,0.4791816735822501,0.0,0.4676829507578307,0.4791816735822501,0.4676829507578307,paired,2210,2680
964,0.0036688037492096756,False,False,32,32,0.4676829507578307,0.4791816735822501,0.0,0.4676829507578307,0.4791816735822501,0.38307961446944977,merge,2841,
966,0.0036595458215399894,True,False,31,31,0.4676829507557709,0.4791816735822501,0.0,0.4676829507557709,0.4791816735822501,0.4676829507557709,merge,2757,
967,0.0036549256220032127,True,False,32,32,0.46768295093806295,0.4791816735822501,0.0,0.46768295093806295,0.4791816735822501,0.46768295093806295,split,,3366
969,0.0036457027146580396,False,False,32,32,0.46768295093806295,0.4791816735822501,0.0,0.46768295093806295,0.4791816735822501,0.38310648522499346,paired,2841,2886
971,0.00363650308056893,True,False,31,31,0.4676829341162101,0.4791816735822501,0.0,0.4676829341162101,0.4791816735822501,0.4676829341162101,merge,1779,
972,0.003631911972637055,True,False,30,30,0.46766847889827584,0.4791816735822501,0.0,0.46766847889827584,0.4791816735822501,0.46766847889827584,merge,2209,
974,0.0036227471383630545,True,False,30,30,0.46766847871603107,0.4791816735822501,0.0,0.46766847871603107,0.4791816735822501,0.46766847871603107,paired,3366,2729
975,0.003618173397394432,True,False,31,31,0.46767831357956857,0.4791816735822501,0.0,0.46767831357956857,0.4791816735822501,0.46767831357956857,split,,2883
976,0.00361360543080245,True,False,32,32,0.4677476543720098,0.4791816735822501,0.0,0.4677476543720098,0.4791816735822501,0.4677476543720098,split,,3133
978,0.0036044867915968623,True,False,31,31,0.46773781950847226,0.4791816735822501,0.0,0.46773781950847226,0.4791816735822501,0.46773781950847226,merge,2883,
979,0.0035999361044304836,True,False,32,32,0.46773782071678,0.4791816735822501,0.0,0.46773782071678,0.4791816735822501,0.46773782071678,split,,2837
980,0.003595391162535175,True,False,31,31,0.46773650494381636,0.4791816735822501,0.0,0.46773650494381636,0.4791816735822501,0.46773650494381636,merge,2847,
981,0.003590851958657495,True,False,31,31,0.4677365044474637,0.4791816735822501,0.0,0.4677365044474637,0.4791816735822501,0.4677365044474637,paired,2680,2757
984,0.0035772687027331197,True,False,30,30,0.46773650323915594,0.4791816735822501,0.0,0.46773650323915594,0.4791816735822501,0.46773650323915594,merge,2837,
985,0.003572752378574527,True,False,31,31,0.4677633738144672,0.4791816735822501,0.0,0.4677633738144672,0.4791816735822501,0.4677633738144672,split,,2886
986,0.003568241756303492,True,False,32,32,0.4677633739967593,0.4791816735822501,0.0,0.4677633739967593,0.4791816735822501,0.4677633739967593,split,,3366
989,0.003554744028874474,False,False,32,32,0.4677633739967593,0.4791816735822501,0.0,0.4677633739967593,0.4791816735822501,0.3831600377083785,merge,2841,
990,0.0035502561422578066,True,False,32,32,0.4703047287233907,0.4791816735822501,0.0,0.4703047287233907,0.4791816735822501,0.4703047287233907,paired,2757,2787
991,0.0035457739216261217,True,False,31,31,0.47020303045584483,0.4791816735822501,0.0,0.47020303045584483,0.4791816735822501,0.47020303045584483,merge,1778,
992,0.0035412973598260783,True,False,31,31,0.4701761601151999,0.4791816735822501,0.0,0.4701761601151999,0.4791816735822501,0.4701761601151999,paired,2886,3486
994,0.003532361184152692,False,False,31,31,0.4701761601151999,0.4791816735822501,0.0,0.4701761601151999,0.4791816735822501,0.46763480538856855,paired,2787,2757
995,0.0035279015560177756,True,False,30,30,0.4701761598805336,0.4791816735822501,0.0,0.4701761598805336,0.4791816735822501,0.4701761598805336,merge,3486,
996,0.003523447558191332,True,False,31,31,0.47017615988071954,0.4791816735822501,0.0,0.47017615988071954,0.4791816735822501,0.47017615988071954,split,,2733
999,0.003510119275524696,True,False,30,30,0.47017124767209045,0.4791816735822501,0.0,0.47017124767209045,0.4791816735822501,0.47017124767209045,merge,2882,
1000,0.0035056877279388294,True,False,31,31,0.4701795864040111,0.4791816735822501,0.0,0.4701795864040111,0.4791816735822501,0.4701795864040111,split,,1
1002,0.003496841410273364,True,False,30,30,0.4676382316753201,0.4791816735822501,0.0,0.4676382316753201,0.4791816735822501,0.4676382316753201,merge,2787,
1003,0.0034924266260755988,True,False,29,29,0.46753283218417707,0.4791816735822501,0.0,0.46753283218417707,0.4791816735822501,0.46753283218417707,merge,2876,
1004,0.003488017415570555,True,False,30,30,0.46753283268258944,0.4791816735822501,0.0,0.46753283268258944,0.4791816735822501,0.46753283268258944,split,,2680
1005,0.003483613771721409,True,False,30,30,0.46753283250235705,0.4791816735822501,0.0,0.46753283250235705,0.4791816735822501,0.46753283250235705,paired,3366,2757
1006,0.0034792156875002238,True,False,30,30,0.4676274293953698,0.4791816735822501,0.0,0.4676274293953698,0.4791816735822501,0.4676274293953698,paired,2893,3134
1008,0.0034704361698743354,True,False,29,29,0.46761909066344914,0.4791816735822501,0.0,0.46761909066344914,0.4791816735822501,0.46761909066344914,merge,1,
1009,0.0034660547224580765,True,False,29,29,0.46752449252249206,0.4791816735822501,0.0,0.46752449252249206,0.4791816735822501,0.46752449252249206,paired,3134,2769
1010,0.0034616788066466416,True,False,29,29,0.4675244920241542,0.4791816735822501,0.0,0.4675244920241542,0.4791816735822501,0.4675244920241542,paired,2680,2775
1012,0.0034529435419123206,True,False,30,30,0.4675244920243844,0.4791816735822501,0.0,0.4675244920243844,0.4791816735822501,0.4675244920243844,split,,2740
1013,0.0034485841790485015,True,False,30,30,0.4675244920244406,0.4791816735822501,0.0,0.4675244920244406,0.4791816735822501,0.4675244920244406,paired,2740,2758
1014,0.0034442303199076225,True,False,30,30,0.47006584675305707,0.4791816735822501,0.0,0.47006584675305707,0.4791816735822501,0.47006584675305707,paired,2775,2787
1015,0.003439881957541197,True,False,29,29,0.470065846752871,0.4791816735822501,0.0,0.470065846752871,0.4791816735822501,0.470065846752871,merge,2733,
1016,0.003435539085009514,True,False,28,28,0.47006584675258467,0.4791816735822501,0.0,0.47006584675258467,0.4791816735822501,0.47006584675258467,merge,2758,
1018,0.003426869781735321,True,False,27,27,0.46752449202389373,0.4791816735822501,0.0,0.46752449202389373,0.4791816735822501,0.46752449202389373,merge,2787,
1019,0.00342254333715715,True,False,28,28,0.4676190901654684,0.4791816735822501,0.0,0.4676190901654684,0.4791816735822501,0.4676190901654684,split,,3134
1020,0.0034182223547423755,True,False,29,29,0.4678221280207962,0.4791816735822501,0.0,0.4678221280207962,0.4791816735822501,0.4678221280207962,split,,3135
1021,0.0034139068275949825,True,False,28,28,0.4676190901654684,0.4791816735822501,0.0,0.4676190901654684,0.4791816735822501,0.4676190901654684,merge,3135,
1022,0.003409596748827662,True,False,28,28,0.4675244922061858,0.4791816735822501,0.0,0.4675244922061858,0.4791816735822501,0.4675244922061858,paired,3134,3366
1024,0.003400992908927466,True,False,29,29,0.4675244927045981,0.4791816735822501,0.0,0.4675244927045981,0.4791816735822501,0.4675244927045981,split,,2680
1025,0.003396699134063404,True,False,28,28,0.4674551519121569,0.4791816735822501,0.0,0.4674551519121569,0.4791816735822501,0.4674551519121569,merge,3133,
1026,0.00339241078011702,True,False,29,29,0.46745515195275367,0.4791816735822501,0.0,0.46745515195275367,0.4791816735822501,0.46745515195275367,split,,2704
1027,0.0033881278402443722,True,False,28,28,0.4674551519121569,0.4791816735822501,0.0,0.4674551519121569,0.4791816735822501,0.4674551519121569,merge,2704,
1029,0.0033795781753877046,True,False,29,29,0.4674551519123872,0.4791816735822501,0.0,0.4674551519123872,0.4791816735822501,0.4674551519123872,split,,2740
1030,0.003375311436758958,True,False,30,30,0.46746349064430776,0.4791816735822501,0.0,0.46746349064430776,0.4791816735822501,0.46746349064430776,split,,1
1031,0.003371050084914474,True,False,31,31,0.4674634908789741,0.4791816735822501,0.0,0.4674634908789741,0.4791816735822501,0.4674634908789741,split,,3486
1033,0.0033625435143834806,True,False,30,30,0.46746349087835654,0.4791816735822501,0.0,0.46746349087835654,0.4791816735822501,0.46746349087835654,merge,2769,
1034,0.0033582982821210223,True,False,29,29,0.46746349087830935,0.4791816735822501,0.0,0.46746349087830935,0.4791816735822501,0.46746349087830935,merge,2729,
1035,0.0033540584094909017,True,False,30,30,0.47000484560700034,0.4791816735822501,0.0,0.47000484560700034,0.4791816735822501,0.47000484560700034,split,,2787
1039,0.0033371523800905063,True,False,30,30,0.46997518850701175,0.4791816735822501,0.0,0.46997518850701175,0.4791816735822501,0.46997518850701175,paired,1777,2681
1040,0.003332939204294236,True,False,29,29,0.4699751882723454,0.4791816735822501,0.0,0.4699751882723454,0.4791816735822501,0.4699751882723454,merge,3486,
1041,0.0033287313476588164,True,False,30,30,0.46997518827234563,0.4791816735822501,0.0,0.46997518827234563,0.4791816735822501,0.46997518827234563,split,,2746
1042,0.0033245288034687735,True,False,29,29,0.469966849540425,0.4791816735822501,0.0,0.469966849540425,0.4791816735822501,0.469966849540425,merge,1,
1044,0.0033161396256053003,False,False,29,29,0.469966849540425,0.4791816735822501,0.0,0.469966849540425,0.4791816735822501,0.46742549481222834,paired,2787,2682
1045,0.0033119529785432702,True,False,28,28,0.46996684935813293,0.4791816735822501,0.0,0.46996684935813293,0.4791816735822501,0.46996684935813293,merge,3366,
1047,0.003303595534750493,True,False,29,29,0.46996684935813393,0.4791816735822501,0.0,0.46996684935813393,0.4791816735822501,0.46996684935813393,split,,2747
1048,0.0032994247246817907,True,False,30,30,0.4699668493587515,0.4791816735822501,0.0,0.4699668493587515,0.4791816735822501,0.4699668493587515,split,,2769
1049,0.0032952591802869425,True,False,29,29,0.4699337697529019,0.4791816735822501,0.0,0.4699337697529019,0.4791816735822501,0.4699337697529019,merge,3132,
1052,0.0032827940747080088,True,False,28,28,0.46993376975228435,0.4791816735822501,0.0,0.46993376975228435,0.4791816735822501,0.46993376975228435,merge,2769,
1054,0.003274510211035915,False,False,28,28,0.46993376975228435,0.4791816735822501,0.0,0.46993376975228435,0.4791816735822501,0.38533043346390355,merge,2841,
1056,0.0032662472510196026,True,False,29,29,0.4699337709605921,0.4791816735822501,0.0,0.4699337709605921,0.4791816735822501,0.4699337709605921,split,,2837
1057,0.0032621235933932005,True,False,30,30,0.47141327188335735,0.4791816735822501,0.0,0.47141327188335735,0.4791816735822501,0.47141327188335735,split,,2844
1058,0.003258005141910397,True,False,30,30,0.4699634280626461,0.4791816735822501,0.0,0.4699634280626461,0.4791816735822501,0.4699634280626461,paired,2844,1777
1059,0.0032538918899984053,False,False,30,30,0.4699634280626461,0.4791816735822501,0.0,0.4699634280626461,0.4791816735822501,0.46238847386984616,paired,2866,2741
1060,0.003249783831092732,True,False,31,31,0.4699778832805803,0.4791816735822501,0.0,0.4699778832805803,0.4791816735822501,0.4699778832805803,split,,2209
1061,0.0032456809586371756,True,False,32,32,0.4701129017147044,0.4791816735822501,0.0,0.4701129017147044,0.4791816735822501,0.4701129017147044,split,,2788
1063,0.0032374907468929767,True,False,32,32,0.47014586494482663,0.4791816735822501,0.0,0.47014586494482663,0.4791816735822501,0.47014586494482663,paired,2681,2443
1064,0.0032334033945332734,True,False,31,31,0.4701458649427669,0.4791816735822501,0.0,0.4701458649427669,0.4791816735822501,0.4701458649427669,merge,2757,
1068,0.0032171055230660853,True,False,30,30,0.4700108465086429,0.4791816735822501,0.0,0.4700108465086429,0.4791816735822501,0.4700108465086429,merge,2788,
1069,0.003213043907179233,True,False,29,29,0.4700108460102306,0.4791816735822501,0.0,0.4700108460102306,0.4791816735822501,0.4700108460102306,merge,2680,
1070,0.0032089874191078933,True,False,30,30,0.47014586444435447,0.4791816735822501,0.0,0.47014586444435447,0.4791816735822501,0.47014586444435447,split,,2788
1071,0.0032049360523781693,True,False,31,31,0.47014586444440176,0.4791816735822501,0.0,0.47014586444440176,0.4791816735822501,0.47014586444440176,split,,2729
1072,0.0032008898005243345,True,False,30,30,0.47014586444440065,0.4791816735822501,0.0,0.47014586444440065,0.4791816735822501,0.47014586444440065,merge,2747,
1074,0.0031928126156222335,True,False,31,31,0.47162536536716604,0.4791816735822501,0.0,0.47162536536716604,0.4791816735822501,0.47162536536716604,split,,2844
1076,0.003184755812838858,True,False,32,32,0.47162536586557846,0.4791816735822501,0.0,0.47162536586557846,0.4791816735822501,0.47162536586557846,split,,2680
1079,0.003172708712663053,False,False,32,32,0.47162536586557846,0.4791816735822501,0.0,0.47162536586557846,0.4791816735822501,0.4416253658655799,split,,2750
1081,0.003164702640442607,True,False,31,31,0.4701458649428131,0.4791816735822501,0.0,0.4701458649428131,0.4791816735822501,0.4701458649428131,merge,2844,
1082,0.003160707183523514,True,False,31,31,0.47014586494282296,0.4791816735822501,0.0,0.47014586494282296,0.4791816735822501,0.47014586494282296,paired,2746,2741
1084,0.0031527313961850884,True,False,32,32,0.47014718071578654,0.4791816735822501,0.0,0.47014718071578654,0.4791816735822501,0.47014718071578654,split,,2847
1085,0.003148751053036902,True,False,32,32,0.47014729708944847,0.4791816735822501,0.0,0.47014729708944847,0.4791816735822501,0.47014729708944847,paired,2443,3132
1087,0.0031408054360206905,True,False,31,31,0.4701472970894383,0.4791816735822501,0.0,0.4701472970894383,0.4791816735822501,0.4701472970894383,merge,2741,
1088,0.0031368401494719614,True,False,32,32,0.47172005197222006,0.4791816735822501,0.0,0.47172005197222006,0.4791816735822501,0.47172005197222006,split,,2811
1089,0.0031328798691223534,True,False,31,31,0.47172005076391227,0.4791816735822501,0.0,0.47172005076391227,0.4791816735822501,0.47172005076391227,merge,2837,
1090,0.003128924588651508,True,False,32,32,0.4718254502550553,0.4791816735822501,0.0,0.4718254502550553,0.4791816735822501,0.4718254502550553,split,,2876
1094,0.003113153339427678,True,False,31,31,0.47172005076391227,0.4791816735822501,0.0,0.47172005076391227,0.4791816735822501,0.47172005076391227,merge,2876,
1096,0.003105297550344582,True,False,31,31,0.4702489941486763,0.4791816735822501,0.0,0.4702489941486763,0.4791816735822501,0.4702489941486763,paired,2811,1778
1097,0.003101377092724073,True,False,30,30,0.470248993650264,0.4791816735822501,0.0,0.470248993650264,0.4791816735822501,0.470248993650264,merge,2680,
1098,0.003097461584705882,True,False,31,31,0.4703841655182806,0.4791816735822501,0.0,0.4703841655182806,0.4791816735822501,0.4703841655182806,split,,2800
1099,0.003093551020041106,False,False,31,31,0.4703841655182806,0.4791816735822501,0.0,0.4703841655182806,0.4791816735822501,0.3857808292298998,merge,2841,
1100,0.003089645392488729,True,False,32,32,0.4704171287504682,0.4791816735822501,0.0,0.4704171287504682,0.4791816735822501,0.4704171287504682,split,,2443
1101,0.003085744695815616,True,False,31,31,0.47041712875023806,0.4791816735822501,0.0,0.47041712875023806,0.4791816735822501,0.47041712875023806,merge,2740,
1102,0.0030818489237965023,True,False,32,32,0.4704171321411639,0.4791816735822501,0.0,0.4704171321411639,0.4791816735822501,0.4704171321411639,split,,2789
1103,0.0030779580702139796,True,False,31,31,0.4703841689089762,0.4791816735822501,0.0,0.4703841689089762,0.4791816735822501,0.4703841689089762,merge,2443,
1104,0.003074072128858493,True,False,31,31,0.4703828531362427,0.4791816735822501,0.0,0.4703828531362427,0.4791816735822501,0.4703828531362427,paired,2847,2740
1105,0.003070191093528322,True,False,32,32,0.47038285313624306,0.4791816735822501,0.0,0.47038285313624306,0.4791816735822501,0.47038285313624306,split,,2746
1107,0.003062443716176203,True,False,32,32,0.47024768126822786,0.4791816735822501,0.0,0.47024768126822786,0.4791816735822501,0.47024768126822786,paired,2800,2750
1109,0.0030547158887002995,True,False,32,32,0.47172718219099186,0.4791816735822501,0.0,0.47172718219099186,0.4791816735822501,0.47172718219099186,paired,2750,2844
1114,0.0030354815272805864,True,False,31,31,0.4717271821909916,0.4791816735822501,0.0,0.4717271821909916,0.4791816735822501,0.4717271821909916,merge,2746,
1115,0.003031649212826784,True,False,32,32,0.47172849796395516,0.4791816735822501,0.0,0.47172849796395516,0.4791816735822501,0.47172849796395516,split,,2847
1117,0.003023999092773823,True,False,32,32,0.47169634425105134,0.4791816735822501,0.0,0.47169634425105134,0.4791816735822501,0.47169634425105134,paired,3132,2853
1119,0.003016368277176198,False,False,32,32,0.47169634425105134,0.4791816735822501,0.0,0.47169634425105134,0.4791816735822501,0.4416977859453963,split,,2848
1121,0.0030087567173206872,True,False,31,31,0.47159464598350553,0.4791816735822501,0.0,0.47159464598350553,0.4791816735822501,0.47159464598350553,merge,1778,
1122,0.003004958143106964,True,False,30,30,0.4715946425925799,0.4791816735822501,0.0,0.4715946425925799,0.4791816735822501,0.4715946425925799,merge,2789,
1123,0.0030011643646169935,True,False,29,29,0.47145962415845577,0.4791816735822501,0.0,0.47145962415845577,0.4791816735822501,0.47145962415845577,merge,2788,
1124,0.0029973753757961455,True,False,30,30,0.4714624038679658,0.4791816735822501,0.0,0.4714624038679658,0.4791816735822501,0.4714624038679658,split,,2857
1125,0.0029935911705974315,True,False,30,30,0.4714679628903765,0.4791816735822501,0.0,0.4714679628903765,0.4791816735822501,0.4714679628903765,paired,2857,1
1127,0.002986037086916622,True,False,31,31,0.4714679628907742,0.4791816735822501,0.0,0.4714679628907742,0.4791816735822501,0.4714679628907742,split,,2854
1128,0.002982267196378684,True,False,32,32,0.47146796289078435,0.4791816735822501,0.0,0.47146796289078435,0.4791816735822501,0.47146796289078435,split,,2741
1129,0.00297850206535118,False,False,32,32,0.47146796289078435,0.4791816735822501,0.0,0.47146796289078435,0.4791816735822501,0.46037998147153364,merge,2873,
1134,0.0029597475928235546,True,False,31,31,0.4714679628903866,0.4791816735822501,0.0,0.4714679628903866,0.4791816735822501,0.4714679628903866,merge,2854,
1136,0.0029522789106568434,True,False,30,30,0.471459624158466,0.4791816735822501,0.0,0.471459624158466,0.4791816735822501,0.471459624158466,merge,1,
1137,0.0029485516400280217,True,False,31,31,0.47145962415886367,0.4791816735822501,0.0,0.47145962415886367,0.4791816735822501,0.47145962415886367,split,,2854
1138,0.0029448290751017295,True,False,32,32,0.47146240386837374,0.4791816735822501,0.0,0.47146240386837374,0.4791816735822501,0.47146240386837374,split,,2857
1139,0.0029411112099369894,True,False,31,31,0.4714479486504394,0.4791816735822501,0.0,0.4714479486504394,0.4791816735822501,0.4714479486504394,merge,2209,
1140,0.002937398038600322,True,False,31,31,0.46035996723137473,0.4791816735822501,0.0,0.46035996723137473,0.4791816735822501,0.46035996723137473,paired,2873,2733
1141,0.0029336895551657404,True,False,32,32,0.46049498566549874,0.4791816735822501,0.0,0.46049498566549874,0.4791816735822501,0.46049498566549874,split,,2788
1143,0.002926286628336284,True,False,31,31,0.46035996723137473,0.4791816735822501,0.0,0.46035996723137473,0.4791816735822501,0.46035996723137473,merge,2788,
1144,0.0029225921731268045,True,False,32,32,0.46035996723137507,0.4791816735822501,0.0,0.46035996723137507,0.4791816735822501,0.46035996723137507,split,,2861
1146,0.0029152172496377444,True,False,32,32,0.4603599672332488,0.4791816735822501,0.0,0.4603599672332488,0.4791816735822501,0.4603599672332488,paired,2733,2757
1148,0.0029078609361678897,True,False,31,31,0.460359967232851,0.4791816735822501,0.0,0.460359967232851,0.4791816735822501,0.460359967232851,merge,2854,
1149,0.00290418974351026,True,False,32,32,0.46036140892719607,0.4791816735822501,0.0,0.46036140892719607,0.4791816735822501,0.46036140892719607,split,,2848
1150,0.002900523185756371,True,False,31,31,0.4588819080044306,0.4791816735822501,0.0,0.4588819080044306,0.4791816735822501,0.4588819080044306,merge,2844,
1151,0.0028968612570546273,True,False,30,30,0.45888190800443035,0.4791816735822501,0.0,0.45888190800443035,0.4791816735822501,0.45888190800443035,merge,2861,
1152,0.002893203951560821,True,False,31,31,0.4590169264385543,0.4791816735822501,0.0,0.4590169264385543,0.4791816735822501,0.4590169264385543,split,,2788
1153,0.002889551263438124,True,False,32,32,0.470104907857805,0.4791816735822501,0.0,0.470104907857805,0.4791816735822501,0.470104907857805,split,,2873
1154,0.002885903186857076,False,False,32,32,0.470104907857805,0.4791816735822501,0.0,0.470104907857805,0.4791816735822501,0.4401049083562174,split,,2680
1159,0.002867731773560133,False,False,32,32,0.470104907857805,0.4791816735822501,0.0,0.470104907857805,0.4791816735822501,0.44021030734894806,split,,2876
1164,0.002849674778606367,False,False,32,32,0.470104907857805,0.4791816735822501,0.0,0.470104907857805,0.4791816735822501,0.4401049078578053,split,,2861
1165,0.0028460770463373548,True,False,31,31,0.4701049078577948,0.4791816735822501,0.0,0.4701049078577948,0.4791816735822501,0.4701049078577948,merge,2741,
1166,0.0028424838562278814,True,False,30,30,0.4701034661634499,0.4791816735822501,0.0,0.4701034661634499,0.4791816735822501,0.4701034661634499,merge,2848,
1167,0.0028388952025434427,True,False,29,29,0.47007380906139584,0.4791816735822501,0.0,0.47007380906139584,0.4791816735822501,0.47007380906139584,merge,1777,
1169,0.0028317314815478386,True,False,30,30,0.47020898092941243,0.4791816735822501,0.0,0.47020898092941243,0.4791816735822501,0.47020898092941243,split,,2800
1170,0.0028281564028038264,True,False,31,31,0.47031438042055546,0.4791816735822501,0.0,0.47031438042055546,0.4791816735822501,0.47031438042055546,split,,2876
1171,0.0028245858376191365,True,False,32,32,0.47032271915247614,0.4791816735822501,0.0,0.47032271915247614,0.4791816735822501,0.47032271915247614,split,,1
1174,0.0028139011664729905,False,False,32,32,0.47032271915247614,0.4791816735822501,0.0,0.47032271915247614,0.4791816735822501,0.4592347377332254,merge,2873,
1176,0.002806800515893231,True,False,32,32,0.4703143816288632,0.4791816735822501,0.0,0.4703143816288632,0.4791816735822501,0.4703143816288632,paired,1,2837
1178,0.0027997177832273113,True,False,31,31,0.47031160191935323,0.4791816735822501,0.0,0.47031160191935323,0.4791816735822501,0.47031160191935323,merge,2857,
1179,0.002796183121978083,True,False,32,32,0.47071198347844456,0.4791816735822501,0.0,0.47071198347844456,0.4791816735822501,0.47071198347844456,split,,2804
1184,0.0027785766411388083,True,False,31,31,0.4707119834783973,0.4791816735822501,0.0,0.4707119834783973,0.4791816735822501,0.4707119834783973,merge,2729,
1185,0.002775068670713974,True,False,30,30,0.47071198347816706,0.4791816735822501,0.0,0.47071198347816706,0.4791816735822501,0.47071198347816706,merge,2740,
1187,0.0027680660107768174,True,False,30,30,0.47074164057816154,0.4791816735822501,0.0,0.47074164057816154,0.4791816735822501,0.47074164057816154,paired,2757,1777
1188,0.0027645713100886925,True,False,29,29,0.4706362410870185,0.4791816735822501,0.0,0.4706362410870185,0.4791816735822501,0.4706362410870185,merge,2876,
1189,0.0027610810214820894,True,False,28,28,0.47063623987871067,0.4791816735822501,0.0,0.47063623987871067,0.4791816735822501,0.47063623987871067,merge,2837,
1190,0.00275759513938673,True,False,29,29,0.4706362398791084,0.4791816735822501,0.0,0.4706362398791084,0.4791816735822501,0.4706362398791084,split,,2854
1191,0.0027541136582393626,True,False,30,30,0.47074163937025143,0.4791816735822501,0.0,0.47074163937025143,0.4791816735822501,0.47074163937025143,split,,2876
1192,0.0027506365724837664,True,False,29,29,0.4707416393698537,0.4791816735822501,0.0,0.4707416393698537,0.4791816735822501,0.4707416393698537,merge,2854,
1193,0.002747163876570729,True,False,28,28,0.47063623987871067,0.4791816735822501,0.0,0.47063623987871067,0.4791816735822501,0.47063623987871067,merge,2876,
1194,0.002743695564958048,False,False,28,28,0.47063623987871067,0.4791816735822501,0.0,0.47063623987871067,0.4791816735822501,0.39312723617596795,merge,2870,
1195,0.0027402316321105177,True,False,29,29,0.47066931948456026,0.4791816735822501,0.0,0.47066931948456026,0.4791816735822501,0.47066931948456026,split,,3132
1196,0.002736772072499917,True,False,30,30,0.470669319725382,0.4791816735822501,0.0,0.470669319725382,0.4791816735822501,0.470669319725382,split,,2801
1199,0.0027264195779121564,True,False,29,29,0.47066931972370263,0.4791816735822501,0.0,0.47066931972370263,0.4791816735822501,0.47066931972370263,merge,2728,
1200,0.002722977456106552,True,False,30,30,0.470669320222115,0.4791816735822501,0.0,0.470669320222115,0.4791816735822501,0.470669320222115,split,,2680
1201,0.0027195396800013013,True,False,29,29,0.47066931972370263,0.4791816735822501,0.0,0.47066931972370263,0.4791816735822501,0.47066931972370263,merge,2680,
1203,0.002712677142952893,True,False,28,28,0.4702689381646113,0.4791816735822501,0.0,0.4702689381646113,0.4791816735822501,0.4702689381646113,merge,2804,
1204,0.0027092523710575585,False,False,28,28,0.4702689381646113,0.4791816735822501,0.0,0.4702689381646113,0.4791816735822501,0.39275993446186863,merge,2870,
1206,0.0027024157931960207,True,False,28,28,0.4702392815609696,0.4791816735822501,0.0,0.4702392815609696,0.4791816735822501,0.4702392815609696,paired,1777,2680
1207,0.0026990039763190705,True,False,27,27,0.47023928132014786,0.4791816735822501,0.0,0.47023928132014786,0.4791816735822501,0.47023928132014786,merge,2801,
1208,0.0026955964668823108,True,False,28,28,0.47023928136074467,0.4791816735822501,0.0,0.47023928136074467,0.4791816735822501,0.47023928136074467,split,,2704
1209,0.0026921932594475726,True,False,29,29,0.4702392826093066,0.4791816735822501,0.0,0.4702392826093066,0.4791816735822501,0.4702392826093066,split,,2893
1211,0.0026853997288657995,True,False,28,28,0.470206203003457,0.4791816735822501,0.0,0.470206203003457,0.4791816735822501,0.470206203003457,merge,3132,
1214,0.0026752415624483592,True,False,28,28,0.4700710313937541,0.4791816735822501,0.0,0.4700710313937541,0.4791816735822501,0.4700710313937541,paired,2800,2716
1215,0.0026718640532080486,True,False,29,29,0.47020620326177065,0.4791816735822501,0.0,0.47020620326177065,0.4791816735822501,0.47020620326177065,split,,2800
1216,0.0026684908080943227,True,False,28,28,0.47020620201320873,0.4791816735822501,0.0,0.47020620201320873,0.4791816735822501,0.47020620201320873,merge,2893,
1218,0.002661757088719478,True,False,29,29,0.47020620201591545,0.4791816735822501,0.0,0.47020620201591545,0.4791816735822501,0.47020620201591545,split,,2717
1219,0.0026583966037117667,True,False,30,30,0.47020620201631314,0.4791816735822501,0.0,0.47020620201631314,0.4791816735822501,0.47020620201631314,split,,2854
1220,0.002655040361337441,True,False,30,30,0.47010410975414624,0.4791816735822501,0.0,0.47010410975414624,0.4791816735822501,0.47010410975414624,paired,2800,3132
1223,0.0026449970364850633,True,False,29,29,0.4701041097537485,0.4791816735822501,0.0,0.4701041097537485,0.4791816735822501,0.4701041097537485,merge,2854,
1224,0.0026416577111483455,True,False,30,30,0.4701041097558139,0.4791816735822501,0.0,0.4701041097558139,0.4791816735822501,0.4701041097558139,split,,2681
1225,0.002638322601730796,True,False,29,29,0.4699690913216899,0.4791816735822501,0.0,0.4699690913216899,0.4791816735822501,0.4699690913216899,merge,2788,
1227,0.002631665009369422,True,False,28,28,0.4699360117158403,0.4791816735822501,0.0,0.4699360117158403,0.4791816735822501,0.4699360117158403,merge,3132,
1229,0.0026250242169005324,True,False,27,27,0.4699360117153802,0.4791816735822501,0.0,0.4699360117153802,0.4791816735822501,0.4699360117153802,merge,2727,
1230,0.0026217101073737255,True,False,26,26,0.4699350858224343,0.4791816735822501,0.0,0.4699350858224343,0.4791816735822501,0.4699350858224343,merge,2853,
1232,0.002615094435289827,True,False,27,27,0.4700404853135774,0.4791816735822501,0.0,0.4700404853135774,0.4791816735822501,0.4700404853135774,split,,2876
1234,0.0026084954573160047,True,False,26,26,0.4700404853108706,0.4791816735822501,0.0,0.4700404853108706,0.4791816735822501,0.4700404853108706,merge,2717,
1235,0.002605202215451771,True,False,27,27,0.47004048655943254,0.4791816735822501,0.0,0.47004048655943254,0.4791816735822501,0.47004048655943254,split,,2893
1237,0.002598628199689617,True,False,28,28,0.4700404865604109,0.4791816735822501,0.0,0.4700404865604109,0.4791816735822501,0.4700404865604109,split,,2693
1238,0.002595347415299981,True,False,29,29,0.4700701436624649,0.4791816735822501,0.0,0.4700701436624649,0.4791816735822501,0.4700701436624649,split,,1777
1239,0.0025920707729212007,True,False,28,28,0.4700404865604109,0.4791816735822501,0.0,0.4700404865604109,0.4791816735822501,0.4700404865604109,merge,1777,
1241,0.0025855298932855484,True,False,29,29,0.4700404865604729,0.4791816735822501,0.0,0.4700404865604729,0.4791816735822501,0.4700404865604729,split,,2694
1244,0.002575749508395008,True,False,28,28,0.470040485311911,0.4791816735822501,0.0,0.470040485311911,0.4791816735822501,0.470040485311911,merge,2893,
1248,0.0025627665213385628,True,False,27,27,0.47003916953894737,0.4791816735822501,0.0,0.47003916953894737,0.4791816735822501,0.47003916953894737,merge,2847,
1249,0.002559531012542617,False,False,27,27,0.47003916953894737,0.4791816735822501,0.0,0.47003916953894737,0.4791816735822501,0.3925301658362046,merge,2870,
1251,0.00255307224434398,True,False,26,26,0.46993377004780434,0.4791816735822501,0.0,0.46993377004780434,0.4791816735822501,0.46993377004780434,merge,2876,
1253,0.002546629774321235,True,False,27,27,0.469933770050511,0.4791816735822501,0.0,0.469933770050511,0.4791816735822501,0.469933770050511,split,,2717
1254,0.00254341463826954,True,False,28,28,0.4699337700509711,0.4791816735822501,0.0,0.4699337700509711,0.4791816735822501,0.4699337700509711,split,,2727
1255,0.002540203561347262,True,False,27,27,0.469933770050511,0.4791816735822501,0.0,0.469933770050511,0.4791816735822501,0.469933770050511,merge,2727,
1256,0.0025369965384297245,True,False,28,28,0.46993377129907293,0.4791816735822501,0.0,0.46993377129907293,0.4791816735822501,0.46993377129907293,split,,2893
1258,0.0025305946341425073,True,False,27,27,0.469933770050511,0.4791816735822501,0.0,0.469933770050511,0.4791816735822501,0.469933770050511,merge,2893,
1259,0.0025273997425557916,True,False,26,26,0.46993377004780434,0.4791816735822501,0.0,0.46993377004780434,0.4791816735822501,0.46993377004780434,merge,2717,
1262,0.0025178392488563604,True,False,27,27,0.4699337700482986,0.4791816735822501,0.0,0.4699337700482986,0.4791816735822501,0.4699337700482986,split,,2682
1264,0.0025114856864302346,False,False,27,27,0.4699337700482986,0.4791816735822501,0.0,0.4699337700482986,0.4791816735822501,0.4588457888617728,paired,2873,2705
1265,0.0025083149200097765,True,False,28,28,0.46993377005160303,0.4791816735822501,0.0,0.46993377005160303,0.4791816735822501,0.46993377005160303,split,,2697
1267,0.0025019853914523427,True,False,28,28,0.4673924153240363,0.4791816735822501,0.0,0.4673924153240363,0.4791816735822501,0.4673924153240363,paired,2787,2698
1268,0.0024988266192138386,True,False,27,27,0.467392415323542,0.4791816735822501,0.0,0.467392415323542,0.4791816735822501,0.467392415323542,merge,2682,
1269,0.002495671834945084,True,False,28,28,0.46742207242559597,0.4791816735822501,0.0,0.46742207242559597,0.4791816735822501,0.46742207242559597,split,,1777
1270,0.002492521033611243,True,False,28,28,0.4675274719166771,0.4791816735822501,0.0,0.4675274719166771,0.4791816735822501,0.4675274719166771,paired,2694,2876
1271,0.002489374210183834,True,False,29,29,0.4675358106485977,0.4791816735822501,0.0,0.4675358106485977,0.4791816735822501,0.4675358106485977,split,,1
1273,0.002483092476966126,True,False,28,28,0.4675274719166771,0.4791816735822501,0.0,0.4675274719166771,0.4791816735822501,0.4675274719166771,merge,1,
1274,0.0024799575571505766,False,False,28,28,0.4675274719166771,0.4791816735822501,0.0,0.4675274719166771,0.4791816735822501,0.45995251772436135,paired,2866,2682
1275,0.002476826595190944,True,False,28,28,0.4674978160229308,0.4791816735822501,0.0,0.4674978160229308,0.4791816735822501,0.4674978160229308,paired,1777,2837
1276,0.002473699586090409,True,False,28,28,0.46749781628426906,0.4791816735822501,0.0,0.46749781628426906,0.4791816735822501,0.46749781628426906,paired,2698,2720
1277,0.002470576524858463,True,False,29,29,0.4674978162842982,0.4791816735822501,0.0,0.4674978162842982,0.4791816735822501,0.4674978162842982,split,,2701
1278,0.0024674574065108967,True,False,30,30,0.46749781628475834,0.4791816735822501,0.0,0.46749781628475834,0.4791816735822501,0.46749781628475834,split,,2727
1279,0.002464342226069794,False,False,30,30,0.46749781628475834,0.4791816735822501,0.0,0.46749781628475834,0.4791816735822501,0.4599228620930725,paired,2866,2698
1280,0.0024612309785635236,True,False,31,31,0.46750615501667897,0.4791816735822501,0.0,0.46750615501667897,0.4791816735822501,0.46750615501667897,split,,1
1281,0.00245812365902673,True,False,32,32,0.4675358121187331,0.4791816735822501,0.0,0.4675358121187331,0.4791816735822501,0.4675358121187331,split,,1777
1282,0.002455020262500328,True,False,31,31,0.46753581091042523,0.4791816735822501,0.0,0.46753581091042523,0.4791816735822501,0.46753581091042523,merge,2837,
1283,0.002451920784031491,True,False,30,30,0.46753581064796274,0.4791816735822501,0.0,0.46753581064796274,0.4791816735822501,0.46753581064796274,merge,2720,
1284,0.002448825218673648,True,False,30,30,0.46763750891547934,0.4791816735822501,0.0,0.46763750891547934,0.4791816735822501,0.46763750891547934,paired,2701,1778
1285,0.0024457335614864717,True,False,29,29,0.4675321094243363,0.4791816735822501,0.0,0.4675321094243363,0.4791816735822501,0.4675321094243363,merge,2876,
1286,0.0024426458075358717,True,False,28,28,0.4675321094238762,0.4791816735822501,0.0,0.4675321094238762,0.4791816735822501,0.4675321094238762,merge,2727,
1289,0.002433405915856024,False,False,28,28,0.4675321094238762,0.4791816735822501,0.0,0.4675321094238762,0.4791816735822501,0.4564441280046255,merge,2873,
1290,0.0024303337256352995,True,False,28,28,0.4674317269292941,0.4791816735822501,0.0,0.4674317269292941,0.4791816735822501,0.4674317269292941,paired,1778,2847
1291,0.0024272654140739835,True,False,29,29,0.46745150507446154,0.4791816735822501,0.0,0.46745150507446154,0.4791816735822501,0.46745150507446154,split,,2
1292,0.002424200976275246,True,False,28,28,0.46742184797240754,0.4791816735822501,0.0,0.46742184797240754,0.4791816735822501,0.46742184797240754,merge,1777,
1293,0.0024211404073484354,True,False,28,28,0.46890003312220935,0.4791816735822501,0.0,0.46890003312220935,0.4791816735822501,0.46890003312220935,paired,2847,2844
1294,0.002418083702409078,False,False,28,28,0.46890003312220935,0.4791816735822501,0.0,0.46890003312220935,0.4791816735822501,0.38429669683382855,merge,2841,
1296,0.0024119818649856483,True,False,29,29,0.4714413878509003,0.4791816735822501,0.0,0.4714413878509003,0.4791816735822501,0.4714413878509003,split,,2787
1298,0.0024058954250523487,True,False,30,30,0.4714413890994622,0.4791816735822501,0.0,0.4714413890994622,0.4791816735822501,0.4714413890994622,split,,2893
1299,0.002402857966998692,False,False,30,30,0.4714413890994622,0.4791816735822501,0.0,0.4714413890994622,0.4791816735822501,0.3939323866050273,paired,2870,2837
1300,0.0023998243437548658,True,False,29,29,0.4714413890961578,0.4791816735822501,0.0,0.4714413890961578,0.4791816735822501,0.4714413890961578,merge,2697,
1302,0.002393768582336933,True,False,30,30,0.4714413891145678,0.4791816735822501,0.0,0.4714413891145678,0.4791816735822501,0.4714413891145678,split,,3013
1303,0.002390746434498212,True,False,31,31,0.47144138937703034,0.4791816735822501,0.0,0.47144138937703034,0.4791816735822501,0.47144138937703034,split,,2720
1304,0.00238772810214008,True,False,30,30,0.469961888454265,0.4791816735822501,0.0,0.469961888454265,0.4791816735822501,0.469961888454265,merge,2844,
1305,0.0023847135804454683,True,False,31,31,0.469991545556319,0.4791816735822501,0.0,0.469991545556319,0.4791816735822501,0.469991545556319,split,,1777
1306,0.0023817028646033896,True,False,32,32,0.4699915455596234,0.4791816735822501,0.0,0.4699915455596234,0.4791816735822501,0.4699915455596234,split,,2697
1307,0.002378695949808933,True,False,31,31,0.46997176741445595,0.4791816735822501,0.0,0.46997176741445595,0.4791816735822501,0.46997176741445595,merge,2,
1309,0.002372693504173554,False,False,31,31,0.46997176741445595,0.4791816735822501,0.0,0.46997176741445595,0.4791816735822501,0.3924627637117132,merge,2870,
1310,0.002369697963753108,True,False,32,32,0.4699718387152937,0.4791816735822501,0.0,0.4699718387152937,0.4791816735822501,0.4699718387152937,split,,865
1312,0.002363718223803226,True,False,32,32,0.46997176748735175,0.4791816735822501,0.0,0.46997176748735175,0.4791816735822501,0.46997176748735175,paired,865,2724
1314,0.002357753573240436,False,False,32,32,0.46997176748735175,0.4791816735822501,0.0,0.46997176748735175,0.4791816735822501,0.439986222705286,split,,2209
1315,0.0023547768945764327,True,False,31,31,0.4699717674840473,0.4791816735822501,0.0,0.4699717674840473,0.4791816735822501,0.4699717674840473,merge,2697,
1316,0.0023518039739879,True,False,30,30,0.4699717674656373,0.4791816735822501,0.0,0.4699717674656373,0.4791816735822501,0.4699717674656373,merge,3013,
1317,0.002348834806730243,True,False,31,31,0.4699862226835715,0.4791816735822501,0.0,0.4699862226835715,0.4791816735822501,0.4699862226835715,split,,2209
1318,0.0023458693880648593,True,False,32,32,0.4699862239839566,0.4791816735822501,0.0,0.4699862239839566,0.4791816735822501,0.4699862239839566,split,,2894
1319,0.0023429077132591267,True,False,32,32,0.46998622268363355,0.4791816735822501,0.0,0.46998622268363355,0.4791816735822501,0.46998622268363355,paired,2894,2694
1321,0.0023369955763259988,True,False,31,31,0.4699862214350715,0.4791816735822501,0.0,0.4699862214350715,0.4791816735822501,0.4699862214350715,merge,2893,
1322,0.0023340451047632054,True,False,30,30,0.4699778827031509,0.4791816735822501,0.0,0.4699778827031509,0.4791816735822501,0.4699778827031509,merge,1,
1323,0.002331098358189253,True,False,31,31,0.46997788270364527,0.4791816735822501,0.0,0.46997788270364527,0.4791816735822501,0.46997788270364527,split,,2682
1324,0.002328155331901319,True,False,31,31,0.4699634287342729,0.4791816735822501,0.0,0.4699634287342729,0.4791816735822501,0.4699634287342729,paired,2209,2893
1325,0.002325216021202521,True,False,30,30,0.46996342748571096,0.4791816735822501,0.0,0.46996342748571096,0.4791816735822501,0.46996342748571096,merge,2893,
1329,0.002313495840568371,False,False,30,30,0.46996342748571096,0.4791816735822501,0.0,0.46996342748571096,0.4791816735822501,0.462388473292901,merge,2866,
1330,0.002310575037569262,True,False,31,31,0.4699634277184358,0.4791816735822501,0.0,0.4699634277184358,0.4791816735822501,0.4699634277184358,split,,2705
1331,0.002307657922102246,True,False,31,31,0.46996342896650345,0.4791816735822501,0.0,0.46996342896650345,0.4791816735822501,0.46996342896650345,paired,2682,2893
1332,0.0023047444895117905,True,False,30,30,0.46996342889360765,0.4791816735822501,0.0,0.46996342889360765,0.4791816735822501,0.46996342889360765,merge,2724,
1333,0.002301834735148242,True,False,29,29,0.46996342764504573,0.4791816735822501,0.0,0.46996342764504573,0.4791816735822501,0.46996342764504573,merge,2893,
1334,0.0022989286543678143,True,False,30,30,0.46997176637696636,0.4791816735822501,0.0,0.46997176637696636,0.4791816735822501,0.46997176637696636,split,,1
1337,0.0022902324071753144,True,False,31,31,0.4700771658681094,0.4791816735822501,0.0,0.4700771658681094,0.4791816735822501,0.4700771658681094,split,,2876
1338,0.002287340974406673,True,False,30,30,0.47006882713618875,0.4791816735822501,0.0,0.47006882713618875,0.4791816735822501,0.47006882713618875,merge,1,
1339,0.002284453192090025,True,False,31,31,0.47006882713651826,0.4791816735822501,0.0,0.47006882713651826,0.4791816735822501,0.47006882713651826,split,,2706
1340,0.0022815690556166517,True,False,32,32,0.47164158201930007,0.4791816735822501,0.0,0.47164158201930007,0.4791816735822501,0.47164158201930007,split,,2811
1344,0.0022700688761850287,False,False,32,32,0.47164158201930007,0.4791816735822501,0.0,0.47164158201930007,0.4791816735822501,0.4431210829420654,split,,2844
1345,0.002267202900000643,True,False,31,31,0.471536182528157,0.4791816735822501,0.0,0.471536182528157,0.4791816735822501,0.471536182528157,merge,2876,
1346,0.0022643405421291524,True,False,32,32,0.4715361825974515,0.4791816735822501,0.0,0.4715361825974515,0.4791816735822501,0.4715361825974515,split,,2709
1347,0.0022614817980024155,True,False,32,32,0.4639612284073481,0.4791816735822501,0.0,0.4639612284073481,0.4791816735822501,0.4639612284073481,paired,2866,2717
1349,0.00225577513273946,False,False,32,32,0.4639612284073481,0.4791816735822501,0.0,0.4639612284073481,0.4791816735822501,0.46238847352506074,paired,2811,2682
1352,0.002247242124058339,True,False,31,31,0.4639612281448856,0.4791816735822501,0.0,0.4639612281448856,0.4791816735822501,0.4639612281448856,merge,2720,
1353,0.0022444049667915853,True,False,32,32,0.46396956687680624,0.4791816735822501,0.0,0.46396956687680624,0.4791816735822501,0.46396956687680624,split,,1
1354,0.002241571391453663,False,False,32,32,0.46396956687680624,0.4791816735822501,0.0,0.46396956687680624,0.4791816735822501,0.4623968119945189,paired,2811,2682
1357,0.0022330921118193505,True,False,31,31,0.4639695668764765,0.4791816735822501,0.0,0.4639695668764765,0.4791816735822501,0.4639695668764765,merge,2706,
1358,0.002230272819031737,True,False,30,30,0.46239681199369487,0.4791816735822501,0.0,0.46239681199369487,0.4791816735822501,0.46239681199369487,merge,2811,
1359,0.002227457085618938,False,False,30,30,0.46239681199369487,0.4791816735822501,0.0,0.46239681199369487,0.4791816735822501,0.3777934757053141,merge,2841,
1360,0.0022246449070872218,True,False,31,31,0.46253183042781887,0.4791816735822501,0.0,0.46253183042781887,0.4791816735822501,0.46253183042781887,split,,2788
1361,0.0022218362789485266,True,False,31,31,0.4625318338160379,0.4791816735822501,0.0,0.4625318338160379,0.4791816735822501,0.4625318338160379,paired,2717,2789
1362,0.0022190311967204613,True,False,30,30,0.4625318335577242,0.4791816735822501,0.0,0.4625318335577242,0.4791816735822501,0.4625318335577242,merge,2716,
1363,0.00221622965592629,True,False,30,30,0.46253183473699166,0.4791816735822501,0.0,0.46253183473699166,0.4791816735822501,0.46253183473699166,paired,2709,2893
1364,0.0022134316520949306,True,False,29,29,0.46252349600507103,0.4791816735822501,0.0,0.46252349600507103,0.4791816735822501,0.46252349600507103,merge,1,
1365,0.002210637180760946,True,False,30,30,0.4625234960743655,0.4791816735822501,0.0,0.4625234960743655,0.4791816735822501,0.4625234960743655,split,,2709
1367,0.0022050588177515286,True,False,31,31,0.4625318348062861,0.4791816735822501,0.0,0.4625318348062861,0.4791816735822501,0.4625318348062861,split,,1
1368,0.002202274917173381,True,False,32,32,0.4625318431196779,0.4791816735822501,0.0,0.4625318431196779,0.4791816735822501,0.4625318431196779,split,,2793
1369,0.002199494531287162,True,False,32,32,0.46253184435076833,0.4791816735822501,0.0,0.46253184435076833,0.4791816735822501,0.46253184435076833,paired,2709,2894
1370,0.0021967176556555515,True,False,32,32,0.46256491564322627,0.4791816735822501,0.0,0.46256491564322627,0.4791816735822501,0.46256491564322627,paired,2793,3132
1371,0.00219394428584683,True,False,32,32,0.462564915551149,0.4791816735822501,0.0,0.462564915551149,0.4791816735822501,0.462564915551149,paired,2894,2837
1374,0.002185645167124703,False,False,32,32,0.462564915551149,0.4791816735822501,0.0,0.462564915551149,0.4791816735822501,0.4341376704339306,split,,2811
1375,0.0021828857764021516,True,False,31,31,0.462564914302587,0.4791816735822501,0.0,0.462564914302587,0.4791816735822501,0.462564914302587,merge,2893,
1376,0.002180129869427682,True,False,30,30,0.4625318346967374,0.4791816735822501,0.0,0.4625318346967374,0.4791816735822501,0.4625318346967374,merge,3132,
1377,0.0021773774418030415,True,False,30,30,0.46253183477568627,0.4791816735822501,0.0,0.46253183477568627,0.4791816735822501,0.46253183477568627,paired,2694,2790
1378,0.0021746284891355286,True,False,29,29,0.46252349604376564,0.4791816735822501,0.0,0.46252349604376564,0.4791816735822501,0.46252349604376564,merge,1,
1379,0.002171883007037988,True,False,30,30,0.4625234960442599,0.4791816735822501,0.0,0.4625234960442599,0.4791816735822501,0.4625234960442599,split,,2682
1381,0.0021664024370318903,True,False,31,31,0.4625234960444541,0.4791816735822501,0.0,0.4625234960444541,0.4791816735822501,0.4625234960444541,split,,2686
1382,0.0021636673403766893,True,False,31,31,0.4625234958121385,0.4791816735822501,0.0,0.4625234958121385,0.4791816735822501,0.4625234958121385,paired,2705,2690
1383,0.0021609356967981588,True,False,32,32,0.46252349581231234,0.4791816735822501,0.0,0.46252349581231234,0.4791816735822501,0.46252349581231234,split,,2687
1384,0.0021582075019367666,False,False,32,32,0.46252349581231234,0.4791816735822501,0.0,0.46252349581231234,0.4791816735822501,0.43252349581237437,split,,2694
1385,0.0021554827514384876,True,False,31,31,0.46252349573330154,0.4791816735822501,0.0,0.46252349573330154,0.4791816735822501,0.46252349573330154,merge,2790,
1386,0.0021527614409547896,True,False,30,30,0.4625234957328924,0.4791816735822501,0.0,0.4625234957328924,0.4791816735822501,0.4625234957328924,merge,2690,
1388,0.002147329122664464,True,False,29,29,0.46252349452458474,0.4791816735822501,0.0,0.46252349452458474,0.4791816735822501,0.46252349452458474,merge,2837,
1389,0.0021446181061881985,True,False,30,30,0.46255657413043433,0.4791816735822501,0.0,0.46255657413043433,0.4791816735822501,0.46255657413043433,split,,3132
1390,0.0021419105123872263,True,False,31,31,0.46412932901321596,0.4791816735822501,0.0,0.46412932901321596,0.4791816735822501,0.46412932901321596,split,,2811
1391,0.002139206336940398,True,False,30,30,0.4641293289726192,0.4791816735822501,0.0,0.4641293289726192,0.4791816735822501,0.4641293289726192,merge,2704,
1392,0.0021365055755320204,True,False,29,29,0.4625565740898376,0.4791816735822501,0.0,0.4625565740898376,0.4791816735822501,0.4625565740898376,merge,2811,
1393,0.002133808223851849,True,False,30,30,0.4626917459578542,0.4791816735822501,0.0,0.4626917459578542,0.4791816735822501,0.4626917459578542,split,,2800
1394,0.0021311142775950797,True,False,31,31,0.4627000846897748,0.4791816735822501,0.0,0.4627000846897748,0.4791816735822501,0.4627000846897748,split,,1
1395,0.002128423732462345,True,False,32,32,0.4627145399077091,0.4791816735822501,0.0,0.4627145399077091,0.4791816735822501,0.4627145399077091,split,,2209
1398,0.00212037246089604,True,False,31,31,0.4625793680396924,0.4791816735822501,0.0,0.4625793680396924,0.4791816735822501,0.4625793680396924,merge,2800,
1399,0.0021176954773742137,False,False,31,31,0.4625793680396924,0.4791816735822501,0.0,0.4625793680396924,0.4791816735822501,0.3850901424821173,paired,2870,2
1400,0.0021150218735608633,True,False,30,30,0.4625462884338428,0.4791816735822501,0.0,0.4625462884338428,0.4791816735822501,0.4625462884338428,merge,3132,
1401,0.0021123516451890846,True,False,31,31,0.46254632144204144,0.4791816735822501,0.0,0.46254632144204144,0.4791816735822501,0.46254632144204144,split,,2210
1402,0.002109684787997361,True,False,30,30,0.462546321441063,0.4791816735822501,0.0,0.462546321441063,0.4791816735822501,0.462546321441063,merge,2693,
1403,0.002107021297729558,True,False,29,29,0.46254631805013735,0.4791816735822501,0.0,0.46254631805013735,0.4791816735822501,0.46254631805013735,merge,2789,
1404,0.0021043611701349117,True,False,30,30,0.46254631929869927,0.4791816735822501,0.0,0.46254631929869927,0.4791816735822501,0.46254631929869927,split,,2893
1405,0.002101704400968027,True,False,31,31,0.4625463193392959,0.4791816735822501,0.0,0.4625463193392959,0.4791816735822501,0.4625463193392959,split,,2704
1406,0.002099050985988867,True,False,32,32,0.4701212735321061,0.4791816735822501,0.0,0.4701212735321061,0.4791816735822501,0.4701212735321061,split,,2866
1408,0.002093754201660337,True,False,31,31,0.4701212405239076,0.4791816735822501,0.0,0.4701212405239076,0.4791816735822501,0.4701212405239076,merge,2210,
1409,0.0020911108238576325,True,False,31,31,0.470121239276324,0.4791816735822501,0.0,0.470121239276324,0.4791816735822501,0.470121239276324,paired,2893,2693
1410,0.0020884707833359727,True,False,32,32,0.4701213105771618,0.4791816735822501,0.0,0.4701213105771618,0.4791816735822501,0.4701213105771618,split,,865
1411,0.002085834075882018,True,False,31,31,0.4699862921430378,0.4791816735822501,0.0,0.4699862921430378,0.4791816735822501,0.4699862921430378,merge,2788,
1412,0.00208320069728775,True,False,32,32,0.4700192553752254,0.4791816735822501,0.0,0.4700192553752254,0.4791816735822501,0.4700192553752254,split,,2443
1413,0.002080570643350463,True,False,32,32,0.4700192553350888,0.4791816735822501,0.0,0.4700192553350888,0.4791816735822501,0.4700192553350888,paired,2704,2727
1414,0.002077943909872756,False,False,32,32,0.4700192553350888,0.4791816735822501,0.0,0.4700192553350888,0.4791816735822501,0.4400523349409384,split,,3132
1415,0.002075320492662529,True,False,31,31,0.4699862921029011,0.4791816735822501,0.0,0.4699862921029011,0.4791816735822501,0.4699862921029011,merge,2443,
1417,0.0020700835903025637,True,False,31,31,0.46998629335100284,0.4791816735822501,0.0,0.46998629335100284,0.4791816735822501,0.46998629335100284,paired,2727,2893
1418,0.0020674700967950603,True,False,32,32,0.4699862933543073,0.4791816735822501,0.0,0.4699862933543073,0.4791816735822501,0.4699862933543073,split,,2697
1419,0.0020648599028394903,False,False,32,32,0.4699862933543073,0.4791816735822501,0.0,0.4699862933543073,0.4791816735822501,0.4674449386256163,merge,2787,
1420,0.0020622530042701498,True,False,31,31,0.4699718381363731,0.4791816735822501,0.0,0.4699718381363731,0.4791816735822501,0.4699718381363731,merge,2209,
1421,0.0020596493969265916,True,False,30,30,0.4674304834076821,0.4791816735822501,0.0,0.4674304834076821,0.4791816735822501,0.4674304834076821,merge,2787,
1422,0.002057049076653624,True,False,29,29,0.46743048340750815,0.4791816735822501,0.0,0.46743048340750815,0.4791816735822501,0.46743048340750815,merge,2687,
1424,0.0020518582807249088,True,False,30,30,0.46744493862544245,0.4791816735822501,0.0,0.46744493862544245,0.4791816735822501,0.46744493862544245,split,,2209
1425,0.0020492677967849787,True,False,29,29,0.4674448673246046,0.4791816735822501,0.0,0.4674448673246046,0.4791816735822501,0.4674448673246046,merge,865,
1426,0.002046680583347259,True,False,30,30,0.46744486853291234,0.4791816735822501,0.0,0.46744486853291234,0.4791816735822501,0.46744486853291234,split,,2837
1427,0.00204409663628272,True,False,31,31,0.46998622326160333,0.4791816735822501,0.0,0.46998622326160333,0.4791816735822501,0.46998622326160333,split,,2787
1428,0.0020415159514675465,True,False,32,32,0.4699862233022001,0.4791816735822501,0.0,0.4699862233022001,0.4791816735822501,0.4699862233022001,split,,2704
1429,0.002038938524783126,True,False,31,31,0.4699717680842659,0.4791816735822501,0.0,0.4699717680842659,0.4791816735822501,0.4699717680842659,merge,2209,
1430,0.0020363643521160504,True,False,32,32,0.469971768084726,0.4791816735822501,0.0,0.469971768084726,0.4791816735822501,0.469971768084726,split,,2727
1431,0.0020337934293581,True,False,31,31,0.4699717680441293,0.4791816735822501,0.0,0.4699717680441293,0.4791816735822501,0.4699717680441293,merge,2704,
1432,0.002031225752406246,True,False,32,32,0.469971768046189,0.4791816735822501,0.0,0.469971768046189,0.4791816735822501,0.469971768046189,split,,2757
1434,0.002026100119534597,False,False,32,32,0.469971768046189,0.4791816735822501,0.0,0.469971768046189,0.4791816735822501,0.4588837866269383,merge,2873,
1436,0.0020209874207803417,True,False,31,31,0.46997176804288454,0.4791816735822501,0.0,0.46997176804288454,0.4791816735822501,0.46997176804288454,merge,2697,
1437,0.0020184359114945815,True,False,32,32,0.4699717680430585,0.4791816735822501,0.0,0.4699717680430585,0.4791816735822501,0.4699717680430585,split,,2687
1439,0.0020133425527455516,False,False,32,32,0.4699717680430585,0.4791816735822501,0.0,0.4699717680430585,0.4791816735822501,0.4588837866238078,merge,2873,
1440,0.002010800695153602,True,False,32,32,0.469971768046189,0.4791816735822501,0.0,0.469971768046189,0.4791816735822501,0.469971768046189,paired,2687,2697
1442,0.0020057266032516034,True,False,31,31,0.46994211094413496,0.4791816735822501,0.0,0.46994211094413496,0.4791816735822501,0.46994211094413496,merge,1777,
1443,0.0020031943608436248,True,False,30,30,0.46993377221221433,0.4791816735822501,0.0,0.46993377221221433,0.4791816735822501,0.46993377221221433,merge,1,
1444,0.0020006653154075573,False,False,30,30,0.46993377221221433,0.4791816735822501,0.0,0.46993377221221433,0.4791816735822501,0.46235881801940426,merge,2866,
1446,0.0019956167993114646,True,False,29,29,0.4699337709636524,0.4791816735822501,0.0,0.4699337709636524,0.4791816735822501,0.4699337709636524,merge,2893,
1447,0.001993097320594325,True,False,28,28,0.4673924162349613,0.4791816735822501,0.0,0.4673924162349613,0.4791816735822501,0.4673924162349613,merge,2787,
1448,0.0019905810227348586,True,False,29,29,0.4673924162349785,0.4791816735822501,0.0,0.4673924162349785,0.4791816735822501,0.4673924162349785,split,,2683
1449,0.00198806790171721,False,False,29,29,0.4673924162349785,0.4791816735822501,0.0,0.4673924162349785,0.4791816735822501,0.3827890799465978,merge,2841,
1450,0.001985557953530599,True,False,28,28,0.4673924162347844,0.4791816735822501,0.0,0.4673924162347844,0.4791816735822501,0.4673924162347844,merge,2686,
1452,0.0019805475596326653,True,False,29,29,0.4673924174833463,0.4791816735822501,0.0,0.4673924174833463,0.4791816735822501,0.4673924174833463,split,,2893
1454,0.0019755498090559547,True,False,30,30,0.4673924175017563,0.4791816735822501,0.0,0.4673924175017563,0.4791816735822501,0.4673924175017563,split,,3013
1455,0.0019730556650397885,True,False,31,31,0.46739241753925065,0.4791816735822501,0.0,0.46739241753925065,0.4791816735822501,0.46739241753925065,split,,3014
1456,0.0019705646698960745,True,False,32,32,0.4673924175392507,0.4791816735822501,0.0,0.4673924175392507,0.4791816735822501,0.4673924175392507,split,,3073
1459,0.001963110537970029,False,False,32,32,0.4673924175392507,0.4791816735822501,0.0,0.4673924175392507,0.4791816735822501,0.392424768565199,paired,2870,2787
1462,0.001955684603079899,True,False,32,32,0.46739241883757593,0.4791816735822501,0.0,0.46739241883757593,0.4791816735822501,0.46739241883757593,paired,2757,2894
1464,0.001950749592150538,False,False,32,32,0.46739241883757593,0.4791816735822501,0.0,0.46739241883757593,0.4791816735822501,0.4563044374183253,merge,2873,
1466,0.0019458270343196136,True,False,32,32,0.46739241883717775,0.4791816735822501,0.0,0.46739241883717775,0.4791816735822501,0.46739241883717775,paired,2727,2694
1467,0.0019433704154928461,True,False,31,31,0.46739241883387334,0.4791816735822501,0.0,0.46739241883387334,0.4791816735822501,0.46739241883387334,merge,2697,
1469,0.0019384664784136512,True,False,32,32,0.4673924188343334,0.4791816735822501,0.0,0.4673924188343334,0.4791816735822501,0.4673924188343334,split,,2727
1470,0.0019360191523348494,True,False,31,31,0.4673924188343163,0.4791816735822501,0.0,0.4673924188343163,0.4791816735822501,0.4673924188343163,merge,2683,
1471,0.0019335749160205608,True,False,30,30,0.46739241883431626,0.4791816735822501,0.0,0.46739241883431626,0.4791816735822501,0.46739241883431626,merge,3073,
1472,0.0019311337655699388,True,False,31,31,0.46739241883431626,0.4791816735822501,0.0,0.46739241883431626,0.4791816735822501,0.46739241883431626,split,,2954
1474,0.001926260706680925,True,False,30,30,0.4673924176260085,0.4791816735822501,0.0,0.4673924176260085,0.4791816735822501,0.4673924176260085,merge,2837,
1475,0.0019238287904654384,True,False,30,30,0.4673924199028636,0.4791816735822501,0.0,0.4673924199028636,0.4791816735822501,0.4673924199028636,paired,2954,2895
1477,0.0019189741650865735,True,False,31,31,0.46739241990414326,0.4791816735822501,0.0,0.46739241990414326,0.4791816735822501,0.46739241990414326,split,,3044
1479,0.0019141317899597512,False,False,31,31,0.46739241990414326,0.4791816735822501,0.0,0.46739241990414326,0.4791816735822501,0.3827890836157625,merge,2841,
1480,0.001911715186577646,True,False,32,32,0.4674254995099929,0.4791816735822501,0.0,0.4674254995099929,0.4791816735822501,0.4674254995099929,split,,3132
1483,0.001904483666890182,True,False,31,31,0.46742549723313775,0.4791816735822501,0.0,0.46742549723313775,0.4791816735822501,0.46742549723313775,merge,2895,
1484,0.0019020792443239234,True,False,32,32,0.4675308967242807,0.4791816735822501,0.0,0.4675308967242807,0.4791816735822501,0.4675308967242807,split,,2876
1487,0.0018948841748914996,True,False,32,32,0.4675358089316302,0.4791816735822501,0.0,0.4675358089316302,0.4791816735822501,0.4675358089316302,paired,3044,2882
1489,0.0018901025888943322,True,False,32,32,0.46753580893113594,0.4791816735822501,0.0,0.46753580893113594,0.4791816735822501,0.46753580893113594,paired,2682,2954
1492,0.0018829528240240823,True,False,31,31,0.467535808931136,0.4791816735822501,0.0,0.467535808931136,0.4791816735822501,0.467535808931136,merge,2954,
1493,0.0018805755842818926,True,False,32,32,0.4675358089344403,0.4791816735822501,0.0,0.4675358089344403,0.4791816735822501,0.4675358089344403,split,,2697
1494,0.0018782013458197766,False,False,32,32,0.4675358089344403,0.4791816735822501,0.0,0.4675358089344403,0.4791816735822501,0.43753580893444044,split,,3073
1498,0.0018687343290610817,True,False,31,31,0.4675308967258113,0.4791816735822501,0.0,0.4675308967258113,0.4791816735822501,0.4675308967258113,merge,2882,
1499,0.0018663750402579,True,False,30,30,0.4675308967257493,0.4791816735822501,0.0,0.4675308967257493,0.4791816735822501,0.4675308967257493,merge,2694,
1500,0.0018640187300716204,True,False,29,29,0.467530896688255,0.4791816735822501,0.0,0.467530896688255,0.4791816735822501,0.467530896688255,merge,3014,
1501,0.001861665394741719,True,False,29,29,0.4690103963106353,0.4791816735822501,0.0,0.4690103963106353,0.4791816735822501,0.4690103963106353,paired,2894,2844
1502,0.0018593150305124223,True,False,30,30,0.4690103963117595,0.4791816735822501,0.0,0.4690103963117595,0.4791816735822501,0.4690103963117595,split,,2698
1504,0.0018546232003562437,False,False,30,30,0.4690103963117595,0.4791816735822501,0.0,0.4690103963117595,0.4791816735822501,0.3844070600233787,merge,2841,
1507,0.0018476076447544632,True,False,31,31,0.4690103976121445,0.4791816735822501,0.0,0.4690103976121445,0.4791816735822501,0.4690103976121445,split,,2894
1509,0.0018429453572334207,True,False,30,30,0.46901039761168445,0.4791816735822501,0.0,0.46901039761168445,0.4791816735822501,0.46901039761168445,merge,2727,
1512,0.0018359739758648326,True,False,31,31,0.47155175234037544,0.4791816735822501,0.0,0.47155175234037544,0.4791816735822501,0.47155175234037544,split,,2787
1514,0.0018313410449604084,True,False,30,30,0.4715517510399904,0.4791816735822501,0.0,0.4715517510399904,0.4791816735822501,0.4715517510399904,merge,2894,
1516,0.0018267198048800633,True,False,31,31,0.4716867694741145,0.4791816735822501,0.0,0.4716867694741145,0.4791816735822501,0.4716867694741145,split,,2788
1517,0.0018244135596769964,True,False,30,30,0.47158136998297145,0.4791816735822501,0.0,0.47158136998297145,0.4791816735822501,0.47158136998297145,merge,2876,
1519,0.001819809800541959,False,False,30,30,0.47158136998297145,0.4791816735822501,0.0,0.47158136998297145,0.4791816735822501,0.46049338856372074,merge,2873,
1522,0.001812925934947096,True,False,30,30,0.4714463515489094,0.4791816735822501,0.0,0.4714463515489094,0.4791816735822501,0.4714463515489094,paired,2788,2694
1523,0.0018106371045912763,True,False,29,29,0.4714463515304994,0.4791816735822501,0.0,0.4714463515304994,0.4791816735822501,0.4714463515304994,merge,3013,
1524,0.0018083511638981263,False,False,29,29,0.4714463515304994,0.4791816735822501,0.0,0.4714463515304994,0.4791816735822501,0.3939373478277567,merge,2870,
1525,0.001806068109219429,True,False,30,30,0.47144766730346294,0.4791816735822501,0.0,0.47144766730346294,0.4791816735822501,0.47144766730346294,split,,2847
1526,0.0018037879369115736,True,False,29,29,0.4699681663806976,0.4791816735822501,0.0,0.4699681663806976,0.4791816735822501,0.4699681663806976,merge,2844,
1527,0.001801510643335548,True,False,30,30,0.4699681663991076,0.4791816735822501,0.0,0.4699681663991076,0.4791816735822501,0.4699681663991076,split,,3013
1528,0.0017992362248569357,True,False,31,31,0.46996816643660194,0.4791816735822501,0.0,0.46996816643660194,0.4791816735822501,0.46996816643660194,split,,3014
1529,0.0017969646778459082,True,False,30,30,0.46996685066363836,0.4791816735822501,0.0,0.46996685066363836,0.4791816735822501,0.46996685066363836,merge,2847,
1530,0.001794695998677219,True,False,29,29,0.4699668506625141,0.4791816735822501,0.0,0.4699668506625141,0.4791816735822501,0.4699668506625141,merge,2698,
1532,0.001790167229388754,True,False,30,30,0.46996685084480616,0.4791816735822501,0.0,0.46996685084480616,0.4791816735822501,0.46996685084480616,split,,3366
1533,0.0017879071320413473,True,False,31,31,0.4699668510794725,0.4791816735822501,0.0,0.4699668510794725,0.4791816735822501,0.4699668510794725,split,,3486
1534,0.001785649888081007,False,False,31,31,0.4699668510794725,0.4791816735822501,0.0,0.4699668510794725,0.4791816735822501,0.46742549635078146,merge,2787,
1536,0.001781143945916399,True,False,32,32,0.47144635200223783,0.4791816735822501,0.0,0.47144635200223783,0.4791816735822501,0.47144635200223783,split,,2844
1539,0.0017744063431597036,False,False,32,32,0.47144635200223783,0.4791816735822501,0.0,0.47144635200223783,0.4791816735822501,0.4414463532105456,split,,2837
1540,0.0017721661440299459,True,False,32,32,0.4714463519993936,0.4791816735822501,0.0,0.4714463519993936,0.4791816735822501,0.4714463519993936,paired,2697,2727
1544,0.0017632335944808449,False,False,32,32,0.4714463519993936,0.4791816735822501,0.0,0.4714463519993936,0.4791816735822501,0.46035837058014295,merge,2873,
1545,0.0017610075010163224,True,False,31,31,0.47144635176472727,0.4791816735822501,0.0,0.47144635176472727,0.4791816735822501,0.47144635176472727,merge,3486,
1547,0.001756563741909912,True,False,32,32,0.4714463519993936,0.4791816735822501,0.0,0.4714463519993936,0.4791816735822501,0.4714463519993936,split,,3486
1549,0.0017521311962679447,False,False,32,32,0.4714463519993936,0.4791816735822501,0.0,0.4714463519993936,0.4791816735822501,0.46035837058014295,merge,2873,
1553,0.0017432996322636813,True,False,31,31,0.4714463519989334,0.4791816735822501,0.0,0.4714463519989334,0.4791816735822501,0.4714463519989334,merge,2727,
1554,0.0017410987055513985,False,False,31,31,0.4714463519989334,0.4791816735822501,0.0,0.4714463519989334,0.4791816735822501,0.3939373482961907,merge,2870,
1555,0.0017389005575228849,True,False,32,32,0.4730191068817151,0.4791816735822501,0.0,0.4730191068817151,0.4791816735822501,0.4730191068817151,split,,2811
1559,0.00173013568215081,False,False,32,32,0.4730191068817151,0.4791816735822501,0.0,0.4730191068817151,0.4791816735822501,0.44301910688299473,split,,3044
1560,0.0017279513750080534,True,False,31,31,0.47301910688165316,0.4791816735822501,0.0,0.47301910688165316,0.4791816735822501,0.47301910688165316,merge,2694,
1562,0.0017235910303452994,True,False,32,32,0.4730191069759046,0.4791816735822501,0.0,0.4730191069759046,0.4791816735822501,0.4730191069759046,split,,3487
1564,0.0017192416886574284,False,False,32,32,0.4730191069759046,0.4791816735822501,0.0,0.4730191069759046,0.4791816735822501,0.38841577068752386,merge,2841,
1565,0.0017170711352497375,True,False,31,31,0.4730191069384103,0.4791816735822501,0.0,0.4730191069384103,0.4791816735822501,0.4730191069384103,merge,3014,
1566,0.0017149033221793288,True,False,31,31,0.4730191069204947,0.4791816735822501,0.0,0.4730191069204947,0.4791816735822501,0.4730191069204947,paired,3013,2682
1567,0.0017127382459865084,True,False,31,31,0.47312450641114334,0.4791816735822501,0.0,0.47312450641114334,0.4791816735822501,0.47312450641114334,paired,2682,2876
1568,0.0017105759032159519,True,False,32,32,0.47325952484526734,0.4791816735822501,0.0,0.47325952484526734,0.4791816735822501,0.47325952484526734,split,,2788
1569,0.0017084162904166958,False,False,32,32,0.47325952484526734,0.4791816735822501,0.0,0.47325952484526734,0.4791816735822501,0.4656845706524572,merge,2866,
1573,0.0016998050700658001,True,False,32,32,0.4732595259593236,0.4791816735822501,0.0,0.4732595259593236,0.4791816735822501,0.4732595259593236,paired,3487,2837
1574,0.0016976590555109051,False,False,32,32,0.4732595259593236,0.4791816735822501,0.0,0.4732595259593236,0.4791816735822501,0.44325952599992025,split,,2704
1575,0.001695515750312836,True,False,31,31,0.4732595257246572,0.4791816735822501,0.0,0.4732595257246572,0.4791816735822501,0.4732595257246572,merge,3486,
1577,0.0016912372543091754,True,False,32,32,0.4732595257652539,0.4791816735822501,0.0,0.4732595257652539,0.4791816735822501,0.4732595257652539,split,,2704
1579,0.0016869695547419683,False,False,32,32,0.4732595257652539,0.4791816735822501,0.0,0.4732595257652539,0.4791816735822501,0.443289182867308,split,,1777
1582,0.001680588189132215,True,False,31,31,0.47325952558296186,0.4791816735822501,0.0,0.47325952558296186,0.4791816735822501,0.47325952558296186,merge,3366,
1583,0.0016784664360099451,True,False,30,30,0.4732264459771123,0.4791816735822501,0.0,0.4732264459771123,0.4791816735822501,0.4732264459771123,merge,3132,
1584,0.0016763473616142905,True,False,31,31,0.4732264459771743,0.4791816735822501,0.0,0.4732264459771743,0.4791816735822501,0.4732264459771743,split,,2694
1585,0.0016742309625633423,True,False,32,32,0.4732264459955842,0.4791816735822501,0.0,0.4732264459955842,0.4791816735822501,0.4732264459955842,split,,3013
1588,0.0016678977837236572,True,False,31,31,0.47322644599552227,0.4791816735822501,0.0,0.47322644599552227,0.4791816735822501,0.47322644599552227,merge,2694,
1589,0.0016657920523177555,True,False,30,30,0.4732264459771123,0.4791816735822501,0.0,0.4732264459771123,0.4791816735822501,0.4732264459771123,merge,3013,
1590,0.0016636889794109518,True,False,30,30,0.4730914275613983,0.4791816735822501,0.0,0.4730914275613983,0.4791816735822501,0.4730914275613983,paired,2788,3013
1592,0.0016594907956733898,True,False,31,31,0.4730914275614602,0.4791816735822501,0.0,0.4730914275614602,0.4791816735822501,0.4730914275614602,split,,2694
1594,0.0016553032057108137,True,False,32,32,0.4732264459955842,0.4791816735822501,0.0,0.4732264459955842,0.4791816735822501,0.4732264459955842,split,,2788
1595,0.0016532133750385926,True,False,32,32,0.47322644938644803,0.4791816735822501,0.0,0.47322644938644803,0.4791816735822501,0.47322644938644803,paired,2694,2789
1596,0.0016511261827906944,True,False,32,32,0.4718821203316993,0.4791816735822501,0.0,0.4718821203316993,0.4791816735822501,0.4718821203316993,paired,2844,2800
1599,0.001644880403303681,False,False,32,32,0.4718821203316993,0.4791816735822501,0.0,0.4718821203316993,0.4791816735822501,0.44188212041070996,split,,2790
1604,0.0,False,False,32,32,0.4718821203316993,0.4791816735822501,0.0,0.4718821203316993,0.4791816735822501,0.4418904590636199,split,,1
1609,0.0,False,False,32,32,0.4718821203316993,0.4791816735822501,0.0,0.4718821203316993,0.4791816735822501,0.4418904590636199,split,,1
1611,0.0,True,False,32,32,0.4725378090883373,0.4791816735822501,0.0,0.4725378090883373,0.4791816735822501,0.4725378090883373,paired,3013,2812
1614,0.0,True,False,32,32,0.472537810387744,0.4791816735822501,0.0,0.472537810387744,0.4791816735822501,0.472537810387744,paired,2693,2894
1619,0.0,False,False,32,32,0.472537810387744,0.4791816735822501,0.0,0.472537810387744,0.4791816735822501,0.4725378103856786,merge,2681,
1623,0.0,True,False,32,32,0.47261566590587384,0.4791816735822501,0.0,0.47261566590587384,0.4791816735822501,0.47261566590587384,paired,2789,2813
1624,0.0,False,False,32,32,0.47261566590587384,0.4791816735822501,0.0,0.47261566590587384,0.4791816735822501,0.4615276844866231,merge,2873,
1629,0.0,False,False,32,32,0.47261566590587384,0.4791816735822501,0.0,0.47261566590587384,0.4791816735822501,0.4426156692967995,split,,2789
1630,0.0,True,False,32,32,0.4726156692947342,0.4791816735822501,0.0,0.4726156692947342,0.4791816735822501,0.4726156692947342,paired,2681,2789
1634,0.0,False,False,32,32,0.4726156692947342,0.4791816735822501,0.0,0.4726156692947342,0.4791816735822501,0.38801233300635346,merge,2841,
1639,0.0,True,False,32,32,0.47261567630774093,0.4791816735822501,0.0,0.47261567630774093,0.4791816735822501,0.47261567630774093,paired,2894,2793
1644,0.0,False,False,32,32,0.47261567630774093,0.4791816735822501,0.0,0.47261567630774093,0.4791816735822501,0.4440951772305063,split,,2844
1649,0.0,False,False,32,32,0.47261567630774093,0.4791816735822501,0.0,0.47261567630774093,0.4791816735822501,0.4426156839508285,split,,2794
1654,0.0,False,False,32,32,0.47261567630774093,0.4791816735822501,0.0,0.47261567630774093,0.4791816735822501,0.47261567505917895,merge,2893,
1659,0.0,False,False,32,32,0.47261567630774093,0.4791816735822501,0.0,0.47261567630774093,0.4791816735822501,0.4437210581163168,split,,2823
1664,0.0,False,False,32,32,0.47261567630774093,0.4791816735822501,0.0,0.47261567630774093,0.4791816735822501,0.4426156804371032,split,,2797
1669,0.0,False,False,32,32,0.47261567630774093,0.4791816735822501,0.0,0.47261567630774093,0.4791816735822501,0.47253781739868533,merge,2813,
1674,0.0,False,False,32,32,0.47261567630774093,0.4791816735822501,0.0,0.47261567630774093,0.4791816735822501,0.3880123400193601,merge,2841,
1679,0.0,False,False,32,32,0.47261567630774093,0.4791816735822501,0.0,0.47261567630774093,0.4791816735822501,0.4437210581163168,split,,2823
1684,0.0,False,False,32,32,0.47261567630774093,0.4791816735822501,0.0,0.47261567630774093,0.4791816735822501,0.44261567632615084,split,,3013
1689,0.0,True,False,32,32,0.4726487547052828,0.4791816735822501,0.0,0.4726487547052828,0.4791816735822501,0.4726487547052828,paired,2837,3132
1692,0.0,True,False,32,32,0.4730362916196204,0.4791816735822501,0.0,0.4730362916196204,0.4791816735822501,0.4730362916196204,paired,2704,2877
1694,0.0,False,False,32,32,0.4730362916196204,0.4791816735822501,0.0,0.4730362916196204,0.4791816735822501,0.38843295533123967,merge,2841,
1699,0.0,False,False,32,32,0.4730362916196204,0.4791816735822501,0.0,0.4730362916196204,0.4791816735822501,0.46546133742681034,merge,2866,
1704,0.0,False,False,32,32,0.4730362916196204,0.4791816735822501,0.0,0.4730362916196204,0.4791816735822501,0.4729011197516038,merge,2800,
1709,0.0,False,False,32,32,0.4730362916196204,0.4791816735822501,0.0,0.4730362916196204,0.4791816735822501,0.47264875468309603,paired,2877,3013
1714,0.0,False,False,32,32,0.4730362916196204,0.4791816735822501,0.0,0.4730362916196204,0.4791816735822501,0.4729011197516038,merge,2800,
1719,0.0,False,False,32,32,0.4730362916196204,0.4791816735822501,0.0,0.4730362916196204,0.4791816735822501,0.38843295533123967,merge,2841,
1724,0.0,False,False,32,32,0.4730362916196204,0.4791816735822501,0.0,0.4730362916196204,0.4791816735822501,0.4654613450698979,paired,2866,2794
1727,0.0,True,False,32,32,0.4730659474731126,0.4791816735822501,0.0,0.4730659474731126,0.4791816735822501,0.4730659474731126,paired,2893,1777
1729,0.0,False,False,32,32,0.4730659474731126,0.4791816735822501,0.0,0.4730659474731126,0.4791816735822501,0.38846261118473174,merge,2841,
1734,0.0,False,False,32,32,0.4730659474731126,0.4791816735822501,0.0,0.4730659474731126,0.4791816735822501,0.4729320913780595,paired,2800,2847
1739,0.0,False,False,32,32,0.4730659474731126,0.4791816735822501,0.0,0.4730659474731126,0.4791816735822501,0.47298808856405694,merge,2813,
1744,0.0,False,False,32,32,0.4730659474731126,0.4791816735822501,0.0,0.4730659474731126,0.4791816735822501,0.44306595511620017,split,,2794
1749,0.0,False,False,32,32,0.4730659474731126,0.4791816735822501,0.0,0.4730659474731126,0.4791816735822501,0.44306594771393437,split,,2801
1754,0.0,False,False,32,32,0.4730659474731126,0.4791816735822501,0.0,0.4730659474731126,0.4791816735822501,0.3955569437703698,merge,2870,
1759,0.0,False,False,32,32,0.4730659474731126,0.4791816735822501,0.0,0.4730659474731126,0.4791816735822501,0.4430742862050332,split,,1
1764,0.0,False,False,32,32,0.4730659474731126,0.4791816735822501,0.0,0.4730659474731126,0.4791816735822501,0.44417132928168845,split,,2823
1769,0.0,False,False,32,32,0.4730659474731126,0.4791816735822501,0.0,0.4730659474731126,0.4791816735822501,0.44306594755212336,split,,2790
1771,0.0,True,False,32,32,0.4730803943776551,0.4791816735822501,0.0,0.4730803943776551,0.4791816735822501,0.4730803943776551,paired,2793,2209
1774,0.0,False,False,32,32,0.4730803943776551,0.4791816735822501,0.0,0.4730803943776551,0.4791816735822501,0.44308873310957564,split,,1
1777,0.0,True,False,32,32,0.4731042337361453,0.4791816735822501,0.0,0.4731042337361453,0.4791816735822501,0.4731042337361453,paired,2813,1778
1779,0.0,False,False,32,32,0.4731042337361453,0.4791816735822501,0.0,0.4731042337361453,0.4791816735822501,0.47244854496109717,merge,2812,
1784,0.0,False,False,32,32,0.4731042337361453,0.4791816735822501,0.0,0.4731042337361453,0.4791816735822501,0.44310423373660535,split,,2727
1789,0.0,False,False,32,32,0.4731042337361453,0.4791816735822501,0.0,0.4731042337361453,0.4791816735822501,0.3955952312417103,paired,2870,2837
1794,0.0,False,False,32,32,0.4731042337361453,0.4791816735822501,0.0,0.4731042337361453,0.4791816735822501,0.4655292795433352,merge,2866,
1799,0.0,False,False,32,32,0.4731042337361453,0.4791816735822501,0.0,0.4731042337361453,0.4791816735822501,0.47296906186812865,merge,2800,
1804,0.0,False,False,32,32,0.4731042337361453,0.4791816735822501,0.0,0.4731042337361453,0.4791816735822501,0.4731042303452195,merge,2789,
1806,0.0,True,False,32,32,0.4742933661723227,0.4791816735822501,0.0,0.4742933661723227,0.4791816735822501,0.4742933661723227,paired,3132,2816
1809,0.0,False,False,32,32,0.4742933661723227,0.4791816735822501,0.0,0.4742933661723227,0.4791816735822501,0.46711879353860386,paired,2866,2804
1814,0.0,False,False,32,32,0.4742933661723227,0.4791816735822501,0.0,0.4742933661723227,0.4791816735822501,0.4739058292173883,merge,2877,
1819,0.0,False,False,32,32,0.4742933661723227,0.4791816735822501,0.0,0.4742933661723227,0.4791816735822501,0.44432545258730505,split,,2817
1820,0.0,True,False,32,32,0.47437122169045254,0.4791816735822501,0.0,0.47437122169045254,0.4791816735822501,0.47437122169045254,paired,2789,2813
1824,0.0,False,False,32,32,0.47437122169045254,0.4791816735822501,0.0,0.47437122169045254,0.4791816735822501,0.4742933627813969,merge,2813,
1829,0.0,False,False,32,32,0.47437122169045254,0.4791816735822501,0.0,0.47437122169045254,0.4791816735822501,0.47429336398970456,paired,2813,2837
1830,0.0,True,False,32,32,0.4743712224003478,0.4791816735822501,0.0,0.4743712224003478,0.4791816735822501,0.4743712224003478,paired,2680,2837
1834,0.0,False,False,32,32,0.4743712224003478,0.4791816735822501,0.0,0.4743712224003478,0.4791816735822501,0.4743567671824136,merge,2209,
1839,0.0,False,False,32,32,0.4743712224003478,0.4791816735822501,0.0,0.4743712224003478,0.4791816735822501,0.4742360505323312,merge,2800,
1844,0.0,False,False,32,32,0.4743712224003478,0.4791816735822501,0.0,0.4743712224003478,0.4791816735822501,0.474371222115607,merge,2679,
1849,0.0,False,False,32,32,0.4743712224003478,0.4791816735822501,0.0,0.4743712224003478,0.4791816735822501,0.47429336473985406,paired,2813,2893
1852,0.0,True,False,32,32,0.47438406700450475,0.4791816735822501,0.0,0.47438406700450475,0.4791816735822501,0.47438406700450475,paired,2877,2804
1854,0.0,False,False,32,32,0.47438406700450475,0.4791816735822501,0.0,0.47438406700450475,0.4791816735822501,0.44441703023669243,split,,2443
1859,0.0,False,False,32,32,0.47438406700450475,0.4791816735822501,0.0,0.47438406700450475,0.4791816735822501,0.39687506330222216,paired,2870,2727
1864,0.0,False,False,32,32,0.47438406700450475,0.4791816735822501,0.0,0.47438406700450475,0.4791816735822501,0.47430620809544904,merge,2813,
1869,0.0,False,False,32,32,0.47438406700450475,0.4791816735822501,0.0,0.47438406700450475,0.4791816735822501,0.4742786852158417,paired,2876,2805
1874,0.0,False,False,32,32,0.47438406700450475,0.4791816735822501,0.0,0.47438406700450475,0.4791816735822501,0.44438408382635763,split,,1779
1879,0.0,False,False,32,32,0.47438406700450475,0.4791816735822501,0.0,0.47438406700450475,0.4791816735822501,0.44439240573642547,split,,1
1884,0.0,False,False,32,32,0.47438406700450475,0.4791816735822501,0.0,0.47438406700450475,0.4791816735822501,0.474384066719764,merge,2679,
1889,0.0,False,False,32,32,0.47438406700450475,0.4791816735822501,0.0,0.47438406700450475,0.4791816735822501,0.44438408470698476,split,,2805
1894,0.0,False,False,32,32,0.47438406700450475,0.4791816735822501,0.0,0.47438406700450475,0.4791816735822501,0.44438410001270323,split,,2210
1895,0.0,True,False,32,32,0.47438897800482616,0.4791816735822501,0.0,0.47438897800482616,0.4791816735822501,0.47438897800482616,paired,2837,2882
1899,0.0,False,False,32,32,0.47438897800482616,0.4791816735822501,0.0,0.47438897800482616,0.4791816735822501,0.4668140250203239,paired,2866,2837
1904,0.0,False,False,32,32,0.47438897800482616,0.4791816735822501,0.0,0.47438897800482616,0.4791816735822501,0.474384065796197,merge,2882,
1909,0.0,False,False,32,32,0.47438897800482616,0.4791816735822501,0.0,0.47438897800482616,0.4791816735822501,0.44477651495976056,split,,2877
1914,0.0,False,False,32,32,0.47438897800482616,0.4791816735822501,0.0,0.47438897800482616,0.4791816735822501,0.44439731673674676,split,,1
1919,0.0,False,False,32,32,0.47438897800482616,0.4791816735822501,0.0,0.47438897800482616,0.4791816735822501,0.44438897800528643,split,,2727
1924,0.0,False,False,32,32,0.47438897800482616,0.4791816735822501,0.0,0.47438897800482616,0.4791816735822501,0.444594386170426,split,,1994
1929,0.0,False,False,32,32,0.47438897800482616,0.4791816735822501,0.0,0.47438897800482616,0.4791816735822501,0.44438897925338805,split,,2893
1934,0.0,False,False,32,32,0.47438897800482616,0.4791816735822501,0.0,0.47438897800482616,0.4791816735822501,0.44438897925338805,split,,2893
1939,0.0,False,False,32,32,0.47438897800482616,0.4791816735822501,0.0,0.47438897800482616,0.4791816735822501,0.44438897800528643,split,,2727
1944,0.0,False,False,32,32,0.47438897800482616,0.4791816735822501,0.0,0.47438897800482616,0.4791816735822501,0.389786957489409,paired,2841,2847
1949,0.0,False,False,32,32,0.47438897800482616,0.4791816735822501,0.0,0.47438897800482616,0.4791816735822501,0.38978564171644536,merge,2841,
1954,0.0,True,False,32,32,0.47548944760477296,0.4791816735822501,0.0,0.47548944760477296,0.4791816735822501,0.47548944760477296,paired,2882,2823
1955,0.0,True,False,32,32,0.4754894803282307,0.4791816735822501,0.0,0.4754894803282307,0.4791816735822501,0.4754894803282307,paired,2679,2210
1959,0.0,False,False,32,32,0.4754894803282307,0.4791816735822501,0.0,0.4754894803282307,0.4791816735822501,0.44548948056905247,split,,2801
1964,0.0,False,False,32,32,0.4754894803282307,0.4791816735822501,0.0,0.4754894803282307,0.4791816735822501,0.47508909876913935,merge,2804,
1969,0.0,False,False,32,32,0.4754894803282307,0.4791816735822501,0.0,0.4754894803282307,0.4791816735822501,0.47548945071095794,paired,2210,2789
1974,0.0,False,False,32,32,0.4754894803282307,0.4791816735822501,0.0,0.4754894803282307,0.4791816735822501,0.4455215667432131,split,,2817
1979,0.0,False,False,32,32,0.4754894803282307,0.4791816735822501,0.0,0.4754894803282307,0.4791816735822501,0.47508909876913935,merge,2804,
1984,0.0,False,False,32,32,0.4754894803282307,0.4791816735822501,0.0,0.4754894803282307,0.4791816735822501,0.44569488849383054,split,,1994
1989,0.0,False,False,32,32,0.4754894803282307,0.4791816735822501,0.0,0.4754894803282307,0.4791816735822501,0.4454894815767926,split,,2893
1994,0.0,False,False,32,32,0.4754894803282307,0.4791816735822501,0.0,0.4754894803282307,0.4791816735822501,0.44548948056905247,split,,2801
1999,0.0,False,False,32,32,0.4754894803282307,0.4791816735822501,0.0,0.4754894803282307,0.4791816735822501,0.44548949715008357,split,,1779
